1.585582852999108283e+00,3.258571423433116010e+00,4.093232697967665423e+00,1.064529442373896018e-05,0.000000000000000000e+00,1.000000000000000000e+00,0.000000000000000000e+00
1.412824722621803364e+00,3.619323590644972999e+00,4.131624871862342729e+00,1.334269495640816872e-01,-7.276788316341603613e-02,9.883835714488274915e-01,1.706936052499852030e+00
1.244914281357565988e+00,3.980013902887542976e+00,4.171318525077772676e+00,3.460842842769373262e-01,-1.887556821035664412e-01,9.190195648897456770e-01,3.413872104999704060e+00
1.085252458582818269e+00,4.339857058554300373e+00,4.213638686389778343e+00,6.395068230267348941e-01,-3.487953304799489285e-01,6.851079044483691094e-01,5.120808157499555868e+00
9.372786982332338424e-01,4.698035758027155673e+00,4.259924557107511056e+00,8.526685539144119863e-01,-4.650604296422697903e-01,2.380653984653223754e-01,6.827744209999408120e+00
8.044894383754206402e-01,5.053695903583240501e+00,4.311536737368462546e+00,8.651844063324055645e-01,-4.718891831995251640e-01,-1.696364990753113644e-01,8.534680262499259484e+00
6.904568615858013292e-01,5.405941451373089457e+00,4.369864567901797336e+00,8.004941596640193779e-01,-4.366072787580996817e-01,-4.105888265396937520e-01,1.024161631499911174e+01
5.988480154670802191e-01,5.753828885076631927e+00,4.436333626876383995e+00,7.364167869781474973e-01,-4.016590254259138626e-01,-5.443898815653051004e-01,1.194855236749896399e+01
5.319718818679292083e-01,6.096473214883173952e+00,4.511755364956013814e+00,7.144441073143845689e-01,-4.181862462640285050e-01,-5.609722639840167835e-01,1.365548841999881624e+01
4.893202449443696533e-01,6.433169900770058014e+00,4.595673426536725614e+00,6.914319102168847708e-01,-4.344907582186326445e-01,-5.771825487282403744e-01,1.536242447249866849e+01
4.690389732286815994e-01,6.763301691463253107e+00,4.687019244590040934e+00,6.674213802049242528e-01,-4.505081618410125555e-01,-5.929511762025487798e-01,1.706936052499851897e+01
4.693908581551390347e-01,7.086230239379122331e+00,4.784764332027256373e+00,6.424648726062872628e-01,-4.661746741171519104e-01,-6.082105397629626875e-01,1.877629657749837122e+01
4.706154174201356843e-01,7.109696947366378694e+00,4.792326527215266196e+00,6.166255685426389466e-01,-4.814282601508461656e-01,-6.228962502275932067e-01,1.890251503532305932e+01
5.025508724026879204e-01,7.421042239489676007e+00,4.898579146831560038e+00,5.899768135135439184e-01,-4.962097684619365956e-01,-6.369483693356600140e-01,2.060945108782291157e+01
5.518918817371052388e-01,7.723594443643258423e+00,5.009179502750487956e+00,5.626011488486226675e-01,-5.104640245468506921e-01,-6.503125609717547162e-01,2.231638714032276383e+01
6.172623440055282629e-01,8.016604478264568456e+00,5.123203015857442644e+00,5.345890625947345987e-01,-5.241408374495331035e-01,-6.629411110134783014e-01,2.402332319282261608e+01
6.973673626689121940e-01,8.299282388350167849e+00,5.239743578240046773e+00,5.060375026692166545e-01,-5.371958774335446885e-01,-6.747937723191482773e-01,2.573025924532246833e+01
7.909858363725000840e-01,8.570792455040605162e+00,5.357908663848917286e+00,4.770482088286394640e-01,-5.495913892605195361e-01,-6.858384002839728044e-01,2.743719529782232058e+01
8.969634115890514625e-01,8.830248115703790646e+00,5.476814512445651317e+00,4.477259298889591510e-01,-5.612967145503864330e-01,-6.960513558208251128e-01,2.914413135032217284e+01
1.014205757523794160e+00,9.076706664317656603e+00,5.595581360850665931e+00,4.181765978041254161e-01,-5.722886074234003750e-01,-7.054176655445706379e-01,3.085106740282202509e+01
1.141672124717073800e+00,9.309163701080104047e+00,5.713328695759138043e+00,3.885055303024605999e-01,-5.825513391219419024e-01,-7.139309421867329197e-01,3.255800345532187379e+01
1.278369150072906191e+00,9.526547299122572809e+00,5.829170502509426477e+00,3.588157289843061926e-01,-5.920765985521623254e-01,-7.215930806766113204e-01,3.426493950782172249e+01
1.423383176293328001e+00,9.727821126102645266e+00,5.942182951409137104e+00,3.304793417607271300e-01,-5.502380204042299772e-01,-7.668256161416562300e-01,3.597187556032157119e+01
1.575914129206333891e+00,9.912087391444524442e+00,6.051371880012104576e+00,2.993137311498940134e-01,-5.039169915244071651e-01,-8.102338896874898833e-01,3.767881161282141989e+01
1.735233943296894399e+00,1.007847182525245522e+01,6.155694961395612452e+00,2.655447543850403269e-01,-4.534164546833870935e-01,-8.508228382224682917e-01,3.938574766532126858e+01
1.900644162708595264e+00,1.022600922266528123e+01,6.254083612543298365e+00,2.295482911331657161e-01,-3.992739762492105160e-01,-8.876304827618237692e-01,4.109268371782111728e+01
1.968786215374082271e+00,1.027723201505282091e+01,6.290646853864020116e+00,1.918379568629978715e-01,-3.422469965996360330e-01,-9.198180209286831444e-01,4.177421444203711332e+01
2.144127179668934069e+00,1.038537760819526490e+01,6.374552973990335047e+00,1.530321929754304977e-01,-2.832657242908960260e-01,-9.467532293871959714e-01,4.348115049453696201e+01
2.323725017910191148e+00,1.047170931304365205e+01,6.449672467814417054e+00,1.138048931083788518e-01,-2.233592970135985512e-01,-9.680697654312840905e-01,4.518808654703681071e+01
2.506958489848908123e+00,1.053484921675101660e+01,6.514779153015461510e+00,7.482843122553770043e-02,-1.635683870094976344e-01,-9.836900368771842595e-01,4.689502259953665941e+01
2.693214601481433768e+00,1.057329899955998265e+01,6.568592818286200341e+00,3.671992587791256257e-02,-1.048609410087375654e-01,-9.938087492542428958e-01,4.860195865203650811e+01
2.881884261339198616e+00,1.058543178722565692e+01,6.609772315340887161e+00,-0.000000000000000000e+00,-4.806577624515451230e-02,-9.988441726084960059e-01,5.030889470453635681e+01
3.072251837738955604e+00,1.057050315171937171e+01,6.637401701679413790e+00,-4.917790113113925526e-02,-3.626874692517555177e-02,-9.981313100172810593e-01,5.201583075703620551e+01
3.263395034811546580e+00,1.052966801841952282e+01,6.651478677752315605e+00,-9.947003294418221842e-02,-2.407676119342542706e-02,-9.947492257431106433e-01,5.372276680953605421e+01
3.364083701830323125e+00,1.049564764692866525e+01,6.651991058832774861e+00,-1.504965163504135839e-01,-1.157321649204264002e-02,-9.885427958497385870e-01,5.462261145160427844e+01
3.554031506968371890e+00,1.040892553875351645e+01,6.640122459101625907e+00,-2.018351480592567027e-01,1.145385591101934393e-03,-9.794188384443835993e-01,5.632954750410412714e+01
3.741920949450998624e+00,1.030124874435602500e+01,6.615579062789339382e+00,-2.530368498221404194e-01,1.397267161642290999e-02,-9.673557345051442269e-01,5.803648355660397584e+01
3.926760176867673646e+00,1.017432093568502260e+01,6.578570402116059590e+00,-3.036442196549029582e-01,2.679658488219208851e-02,-9.524085945164588729e-01,5.974341960910382454e+01
4.107554035062674025e+00,1.002974969616698608e+01,6.529238746917438441e+00,-3.532115086469167498e-01,3.950417256342791256e-02,-9.347090726581441800e-01,6.145035566160367324e+01
4.283297903837300247e+00,9.869055261369526377e+00,6.467659872330019155e+00,-4.013240427461242654e-01,5.198650719446321067e-02,-9.144596304832854905e-01,6.315729171410352194e+01
4.452971549610576396e+00,9.693678836799483278e+00,6.393843467672979841e+00,-4.476151469365988178e-01,6.414325024433611966e-02,-8.919228238368045458e-01,6.486422776660337775e+01
4.615532958296571842e+00,9.504990537807541884e+00,6.307733188732542295e+00,-4.917790094990837635e-01,7.588642421421307183e-02,-8.674068574988790248e-01,6.657116381910323355e+01
4.769912111903141572e+00,9.304296994821722677e+00,6.209206353731133277e+00,-5.335785543036569711e-01,8.714309002340615840e-02,-8.412490762243913789e-01,6.827809987160308935e+01
4.850979706001943725e+00,9.186577714964899499e+00,6.147405248947214851e+00,-5.521497289761505556e-01,1.244884635453261251e-01,-8.243987501419974828e-01,6.922938421235356543e+01
4.986922997413843817e+00,8.966189879507163951e+00,6.024465286360435101e+00,-5.702944609403937104e-01,1.630953909310906280e-01,-8.050864060942405365e-01,7.093632026485342124e+01
5.112690838159345219e+00,8.738044932094883421e+00,5.889911958952994020e+00,-5.877923104272727572e-01,2.027589877618637682e-01,-7.831915427814278852e-01,7.264325631735327704e+01
5.227791206460618234e+00,8.503823628183260652e+00,5.744201952519293108e+00,-6.044100653514224986e-01,2.432251048931372839e-01,-7.586369495691674958e-01,7.435019236985313285e+01
5.331687331524571860e+00,8.265178006370277330e+00,5.587731751577905470e+00,-6.199101459704967620e-01,2.841933713222173918e-01,-7.313997119355118981e-01,7.605712842235298865e+01
5.423794572879235609e+00,8.023740688980661062e+00,5.420839778795362385e+00,-6.340609034251671883e-01,3.253240242389389136e-01,-7.015205271413255117e-01,7.776406447485284446e+01
5.503477113129188858e+00,7.781134103427332249e+00,5.243808221109711454e+00,-6.466481186542761828e-01,3.662485988933634751e-01,-6.691099868104893877e-01,7.947100052735270026e+01
5.570044445664707133e+00,7.538979675762354837e+00,5.056864552407621005e+00,-6.574866807194780227e-01,4.065840148405293064e-01,-6.343506156319541622e-01,8.117793657985255606e+01
5.622747638154256045e+00,7.298907047830271999e+00,4.860182760971383686e+00,-6.664312167244043073e-01,4.459490259964040693e-01,-5.974938489960284205e-01,8.288487263235241187e+01
5.660775351841654590e+00,7.062563369721189588e+00,4.653884288318961282e+00,-6.733844362511414161e-01,4.839815283016558056e-01,-5.588517525046565737e-01,8.459180868485226767e+01
5.683249595755794026e+00,6.831622719791178078e+00,4.438038684502942921e+00,-6.783021767587106288e-01,5.203549687282421621e-01,-5.187840239678023213e-01,8.629874473735212348e+01
5.689221193919222763e+00,6.607795705378237017e+00,4.212663983404387302e+00,-6.811945653416983104e-01,5.547921555113624059e-01,-4.776815134919824013e-01,8.800568078985197928e+01
5.677664942508689805e+00,6.392839298498985912e+00,3.977726800046388789e+00,-6.821232580474494434e-01,5.870751347167106893e-01,-4.359479866085961275e-01,8.971261684235183509e+01
5.647474432672007438e+00,6.188566962270781957e+00,3.733142150452705366e+00,-6.811952568703220079e-01,6.170503897671386628e-01,-3.939820281505213573e-01,9.141955289485169089e+01
5.600207325269288106e+00,6.007223659763063495e+00,3.492575019395322222e+00,-6.785542183973414243e-01,6.446292971218282597e-01,-3.521608183591563024e-01,9.303401565632162828e+01
5.529976508174200056e+00,5.829339083220903106e+00,3.228858812072390894e+00,-6.743703814454125034e-01,6.697843815165031023e-01,-3.108270755673070429e-01,9.474095170882148409e+01
5.440414598881393893e+00,5.665446973124450558e+00,2.957173698998428524e+00,-6.688302393160591164e-01,6.925423437369867541e-01,-2.702798792135746031e-01,9.644788776132133989e+01
5.333111675832175713e+00,5.515132906400816104e+00,2.679401291239849936e+00,-6.621269057880017073e-01,7.129750327387287534e-01,-2.307695025838888137e-01,9.815482381382119570e+01
5.209515135448231860e+00,5.377720262109051852e+00,2.397428985880859731e+00,-6.457707414573230498e-01,7.425977729726312981e-01,-1.775632198788575367e-01,9.986175986632105150e+01
5.157560289294232270e+00,5.330508391476625363e+00,2.290744005735521949e+00,-6.265120691538370590e-01,7.696846596012377750e-01,-1.227524011133982740e-01,1.005020146939758803e+02
5.005008194699237301e+00,5.215221644950230662e+00,2.005399086701994182e+00,-6.044860763977205620e-01,7.937954085320600983e-01,-6.697337407290224198e-02,1.022089507464757361e+02
4.839109360842638097e+00,5.109708373800263992e+00,1.720856932032670317e+00,-5.799346784819819911e-01,8.145898608143697928e-01,-1.091454774261732714e-02,1.039158867989755919e+02
4.660831689701743663e+00,5.012530780556321730e+00,1.439084304059486952e+00,-5.531937002204843079e-01,8.318511770558392193e-01,4.472526430535232050e-02,1.056228228514754477e+02
4.471504303303210470e+00,4.922287501106409557e+00,1.162276771512748663e+00,-5.246705407297228563e-01,8.454965344040235031e-01,9.927957494452824272e-02,1.073297589039753035e+02
4.273265181982551120e+00,4.837600751814813194e+00,8.923538555679900730e-01,-7.633712410425651518e-01,5.127683515911211076e-01,3.928523462519453724e-01,1.090366949564751593e+02
4.068632812168132773e+00,4.757103526905774871e+00,6.300249620918603188e-01,-7.267010032743443926e-01,-2.637147719702866988e-01,6.343186666689866193e-01,1.107436310089750151e+02
3.860079826097591038e+00,4.679431456414839374e+00,3.753099107734677586e-01,-4.525250859952980598e-01,-6.821661243948012876e-01,5.743434732571831569e-01,1.124505670614748709e+02
3.654008244425004825e+00,4.604853941980527665e+00,1.331513300283091172e-01,-4.056484181651624499e-01,-6.573708723069286997e-01,6.350692065299097244e-01,1.141247231681535936e+02
3.444549068630022859e+00,4.529625136553483422e+00,-1.054111954429116926e-01,-3.511828062691072505e-01,-6.252496447122176670e-01,6.969458503845189501e-01,1.158316592206534494e+02
3.237866938812099082e+00,4.454550899739321501e+00,-3.349335265826191010e-01,-2.890234778622276512e-01,-5.848925071608701565e-01,7.578695034842698464e-01,1.175385952731533052e+02
3.036108743405772969e+00,4.378947304064449320e+00,-5.546679502289620922e-01,-2.197401838576311106e-01,-5.358753015274532183e-01,8.152005353353710682e-01,1.192455313256531610e+02
2.841442639428675587e+00,4.302110259439033690e+00,-7.638139379070901791e-01,-1.447298574006843364e-01,-4.785295608315392468e-01,8.660616189320201608e-01,1.209524673781530169e+02
2.656069697709941391e+00,4.223311490421354009e+00,-9.615138261910475270e-01,-6.618957254218668651e-02,-4.140995509378984085e-01,9.078218450773882786e-01,1.226594034306528727e+02
2.482235694355931610e+00,4.141794288940140234e+00,-1.146848188768612831e+00,1.314920524434791752e-02,-3.446739599479154426e-01,9.386303637403090594e-01,1.243663394831527285e+02
2.322243110850148451e+00,4.056769018096033186e+00,-1.318830875236339129e+00,9.047101282779893006e-02,-2.728669870446305823e-01,9.577883916706745326e-01,1.260732755356525843e+02
2.178463406122784107e+00,3.967408340815260281e+00,-1.476403689850726453e+00,1.633500613371154375e-01,-2.013537972668497100e-01,9.658019495669808441e-01,1.277802115881524401e+02
2.053349625187583793e+00,3.872842145128879476e+00,-1.618430681523393089e+00,2.300740437988133547e-01,-1.324389842127735584e-01,9.641192093464119317e-01,1.294871476406522959e+02
1.949449410540864847e+00,3.772152135687460550e+00,-1.743692014251213340e+00,2.897377276141597235e-01,-6.779725061232295957e-02,9.547018288483545279e-01,1.311940836931521517e+02
1.869418484460921404e+00,3.664366058779573443e+00,-1.850877384905969869e+00,3.421422461676195126e-01,-8.418307444136425427e-03,9.396104594389912412e-01,1.329010197456520075e+02
1.866353819877917486e+00,3.658623061536333321e+00,-1.855658289781281667e+00,2.597493369787274298e-01,1.817208568983541897e-02,9.655050788270317375e-01,1.329879498777790445e+02
1.826106456565819380e+00,3.541065796054998494e+00,-1.935411326333884352e+00,1.737925958203832277e-01,4.505846552113729198e-02,9.837509178256930165e-01,1.346948859302789003e+02
1.810129468736032532e+00,3.417067435798163633e+00,-1.993929652175201683e+00,8.636828761102283147e-02,7.156435641714649354e-02,9.936896204478233852e-01,1.364018219827787561e+02
1.816301209015212859e+00,3.288231221462740272e+00,-2.029452264060246147e+00,-3.182420956568052239e-04,9.704156348154953371e-02,9.952802789561465691e-01,1.381087580352786119e+02
1.842404975607037310e+00,3.156498746859161209e+00,-2.041478795328495188e+00,-2.917411011535519898e-04,1.004814591754558256e-01,9.949388881982154098e-01,1.398156940877784677e+02
1.867479217137536951e+00,3.080839070618216269e+00,-2.035982329170151761e+00,-2.652334514648912686e-04,1.039205651296142147e-01,9.945855648431450868e-01,1.407922658039418025e+02
1.926907215431176601e+00,2.950519235122355255e+00,-2.007428423333079248e+00,-2.387200955760633580e-04,1.073587576888520301e-01,9.942203177164617989e-01,1.424992018564416583e+02
1.999579431205529945e+00,2.824833958993158145e+00,-1.962792519575657257e+00,-2.122019833586494156e-04,1.107959132607882619e-01,9.938431569292139889e-01,1.442061379089415141e+02
2.083034080259273946e+00,2.706856808843605577e+00,-1.905295846015565564e+00,-1.856800654005276289e-04,1.142319083380332057e-01,9.934540938766945883e-01,1.459130739614413699e+02
2.174893170286381405e+00,2.599722414784854330e+00,-1.838090234330076900e+00,-1.591552928355543248e-04,1.176666195203709547e-01,9.930531412367824551e-01,1.476200100139412257e+02
2.272850089692104891e+00,2.506642793090622323e+00,-1.764275126968541052e+00,-1.326286171730411392e-04,1.210999235369147470e-01,9.926403129678964543e-01,1.493269460664410815e+02
2.374657718978134824e+00,2.430924184427404988e+00,-1.686914301673809735e+00,-1.061009901270996438e-04,1.245316972682267709e-01,9.922156243065690662e-01,1.510338821189409373e+02
2.478117004361241271e+00,2.375984494725342788e+00,-1.609052403557981625e+00,-7.957336344592452521e-05,1.279618177683922720e-01,9.917790917646371884e-01,1.527408181714407931e+02
2.581065936525174020e+00,2.345371429492308923e+00,-1.533731373939176024e+00,-5.304668874108724055e-05,1.313901622870393415e-01,9.913307331260513555e-01,1.544477542239406489e+02
2.681368880362603679e+00,2.342781416566507069e+00,-1.464006864588277335e+00,-2.652191731691120146e-05,1.348166082912951036e-01,9.908705674433060384e-01,1.561546902764405047e+02
2.776906204260082944e+00,2.372079416987650902e+00,-1.402964725956410641e+00,-0.000000000000000000e+00,1.382410334876689184e-01,9.903986150334931349e-01,1.578616263289403605e+02
2.783839093641619744e+00,2.376301495954604714e+00,-1.398934819511580274e+00,3.390196817627752664e-03,9.235901063954309043e-02,9.957200006624465916e-01,1.579930589349482375e+02
2.867409041715858198e+00,2.457246629683189632e+00,-1.356049752449481893e+00,6.780393701467444904e-03,4.617950577072392482e-02,9.989101458629924268e-01,1.596999949874480933e+02
2.942497014107728681e+00,2.572535740371597601e+00,-1.324834064832389080e+00,1.014875153428117759e-02,-0.000000000000000000e+00,9.999485000950276703e-01,1.614069310399479491e+02
3.007540124931835201e+00,2.720896143932616251e+00,-1.305200432305806624e+00,1.064529442313578632e-05,0.000000000000000000e+00,9.999999999433388798e-01,1.631138670924478049e+02
3.031384795761794315e+00,2.800657423944868274e+00,-1.301530672428953261e+00,9.256680626948623171e-06,-1.445784079061811587e-07,9.999999999571465015e-01,1.638711233535499332e+02
3.073840581418674667e+00,3.009898079345053379e+00,-1.304197321300817336e+00,7.868066830707776767e-06,-2.891568158157913186e-07,9.999999999690050156e-01,1.655780594060497890e+02
3.105890010367402088e+00,3.246045977599341548e+00,-1.317152446728265591e+00,6.479453034421368460e-06,-4.337352237279850083e-07,9.999999999789144223e-01,1.672849954585496448e+02
3.128307514703505099e+00,3.505915943019853653e+00,-1.339583206001859983e+00,5.090839238097515368e-06,-5.783136316419167567e-07,9.999999999868744993e-01,1.689919315110495006e+02
3.141789841555173268e+00,3.786445133771359384e+00,-1.370727886704662168e+00,3.702225441744339266e-06,-7.228920395567412249e-07,9.999999999928854688e-01,1.706988675635493564e+02
3.146960772094815617e+00,4.084677089149208129e+00,-1.409871796529853727e+00,2.313611645369960236e-06,-8.674704474716130211e-07,9.999999999969473308e-01,1.724058036160492122e+02
3.144375316551329735e+00,4.397746316204407258e+00,-1.456343406817947050e+00,9.249978489824971928e-07,-1.012048855385686806e-06,9.999999999990600852e-01,1.741127396685490680e+02
3.134523412118790375e+00,4.722863336488029695e+00,-1.509510729003229468e+00,-4.636159474099297807e-07,-1.156627263298117030e-06,9.999999999992237321e-01,1.758196757210489238e+02
3.127594581082039582e+00,4.859561624280979153e+00,-1.533647311868146845e+00,1.585579859166578369e-04,1.448677114542546579e-02,9.998950486531800186e-01,1.765170310954978277e+02
3.104421099167800069e+00,5.201660817662285829e+00,-1.597309943814910982e+00,3.177472931642146437e-04,2.898996935532531863e-02,9.995796520105013627e-01,1.782239671479976835e+02
3.076832187815224717e+00,5.549275036695946461e+00,-1.663453997997540679e+00,4.770039313841125620e-04,4.349929320273536459e-02,9.990533439001703098e-01,1.799309032004975393e+02
3.046460802795320166e+00,5.900026224873758274e+00,-1.729585889931155585e+00,6.362271441973700332e-04,5.800556310451854963e-02,9.983160571001293837e-01,1.816378392529973951e+02
3.014905582820591512e+00,6.251540331249946902e+00,-1.793211969487791047e+00,7.953161111336610979e-04,7.249959365483761575e-02,9.973681248125823018e-01,1.833447753054972509e+02
2.983739548895568916e+00,6.601434717762045601e+00,-1.851825065215671584e+00,9.541702665159207224e-04,8.697222267765068737e-02,9.962102800320882245e-01,1.850517113579971067e+02
2.954518562254460523e+00,6.947305451457960856e+00,-1.902890955697748243e+00,1.112689617002973709e-03,1.014143401568571856e-01,9.948436528080005781e-01,1.867586474104969625e+02
2.928789585814666641e+00,7.286714414692578856e+00,-1.943834694949551301e+00,1.270775055453924251e-03,1.158169168312461056e-01,9.932697654245107310e-01,1.884655834629968183e+02
2.907913772726892443e+00,7.617336992846055921e+00,-1.972577121726996952e+00,-3.852614653431610248e-02,7.744900792419315283e-02,9.962516686082762973e-01,1.901725195154966741e+02
2.897725636204264266e+00,7.830043312534516353e+00,-1.982932736393343998e+00,-7.832698042022595564e-02,3.872450378270503313e-02,9.961753344391903742e-01,1.913075594998417159e+02
2.888652758598692749e+00,8.137350678890616251e+00,-1.984857403779983542e+00,-1.177652196089313680e-01,0.000000000000000000e+00,9.930414659270077049e-01,1.930144955523415717e+02
2.886834317262632954e+00,8.430075691409136596e+00,-1.972503696719388522e+00,-5.908627400109450062e-02,-5.863745373251302850e-02,9.965292074216565155e-01,1.947214316048414275e+02
2.893141080829753076e+00,8.706094448969492916e+00,-1.945156055172961196e+00,0.000000000000000000e+00,-1.168706797253571267e-01,9.931471412739065752e-01,1.964283676573412833e+02
2.907367114096969907e+00,8.948164362515349524e+00,-1.905046991921105271e+00,0.000000000000000000e+00,-1.057907559365642847e-01,9.943884130249961428e-01,1.980350599544810279e+02
2.931672926969719928e+00,9.184367867878135527e+00,-1.847875862783409540e+00,0.000000000000000000e+00,-9.468938507502079605e-02,9.955068660507140343e-01,1.997419960069808837e+02
2.965448277526441689e+00,9.397401081710182069e+00,-1.777320416363080913e+00,0.000000000000000000e+00,-8.357068267256578808e-02,9.965018519790322937e-01,2.014489320594807396e+02
3.008977261536845749e+00,9.584935194100008715e+00,-1.694503216334870332e+00,0.000000000000000000e+00,-7.243878985593504849e-02,9.973728599296290964e-01,2.031558681119805954e+02
3.062577844162093665e+00,9.744501150937653122e+00,-1.600480662209289084e+00,0.000000000000000000e+00,-6.129786564729895054e-02,9.981195177267527807e-01,2.048628041644804512e+02
3.126602411512567681e+00,9.873476034453450012e+00,-1.496248689641545226e+00,0.000000000000000000e+00,-5.015207919945537801e-02,9.987415926814962042e-01,2.065697402169803070e+02
3.201438397041151074e+00,9.969068607354294898e+00,-1.382748144479046148e+00,0.000000000000000000e+00,-3.900560199947519097e-02,9.992389919396953424e-01,2.082766762694801628e+02
3.287508979146342991e+00,1.002830394183366458e+01,-1.260869859545845184e+00,0.000000000000000000e+00,-2.786260007479053613e-02,9.996117623943168162e-01,2.099836123219800186e+02
3.384738223602707041e+00,1.004968759794855337e+01,-1.131363576379839087e+00,-4.411844136442250042e-02,7.745504234677429026e-04,9.990260072706893535e-01,2.116905483744798744e+02
3.399355335354417917e+00,1.004822020983585773e+01,-1.112784059300015782e+00,-9.321386159002899296e-02,3.273328581962700601e-02,9.951078876217017699e-01,2.119235958122606007e+02
3.515301097523142460e+00,1.000713997764997920e+01,-9.703844505824689159e-01,-1.475764396676877421e-01,6.823427786819302732e-02,9.866941156097037702e-01,2.136305318647604565e+02
3.639432981009418810e+00,9.933301807064436773e+00,-8.213643059155835147e-01,-2.072755320488559594e-01,1.073618538010243095e-01,9.723735322201396691e-01,2.153374679172603123e+02
3.770310855333347089e+00,9.829559950791264100e+00,-6.660392346967074495e-01,-2.720202069152046764e-01,1.499722368085231183e-01,9.505331847002805867e-01,2.170444039697601681e+02
3.906553751913245165e+00,9.698618330334417337e+00,-5.046908250750643532e-01,-3.410019697504925729e-01,1.955878295345968576e-01,9.194906511565137386e-01,2.187513400222600239e+02
4.046831181556030721e+00,9.543044712773589566e+00,-3.375681633972068552e-01,-4.127628550016512188e-01,2.433047522570447319e-01,8.777412050599106008e-01,2.204582760747598797e+02
4.189854838525032932e+00,9.365284219545841893e+00,-1.648891782739697609e-01,-4.851615732552180815e-01,2.917609497479810576e-01,8.243141367456205959e-01,2.221652121272597356e+02
4.334370640856551660e+00,9.167672237351757403e+00,1.315818347887089818e-02,-5.555178844834761653e-01,3.392189371166369760e-01,7.591642725526950297e-01,2.238721481797595914e+02
4.479151058982941969e+00,8.952446798473932432e+00,1.964149426809797538e-01,-6.209688438781142406e-01,3.837891633001308533e-01,6.834497589918834271e-01,2.255790842322594472e+02
4.622987686823051945e+00,8.721760495302941507e+00,3.847502299366611922e-01,-6.789663012153293042e-01,4.237527600944570594e-01,5.995317840834663015e-01,2.272860202847593030e+02
4.764684011334584746e+00,8.477691991708338648e+00,5.780605794637014849e-01,-7.277423556566218199e-01,4.578730916383253469e-01,5.106302926158149402e-01,2.289929563372591588e+02
4.903048338102329318e+00,8.222257192059153397e+00,7.762693707916209496e-01,-7.665595815474032237e-01,4.855742818297525965e-01,4.202428164328212978e-01,2.306998923897590146e+02
5.036886831869969328e+00,7.957420127181610070e+00,9.793264153169577435e-01,-7.956712546349057336e-01,5.069319022316612910e-01,3.315528631266879134e-01,2.324068284422588704e+02
5.164996632020720568e+00,7.685103615336313254e+00,1.187207685484028552e+00,-8.160606112109609622e-01,5.225150075625485391e-01,2.470286333644389209e-01,2.341137644947587262e+02
5.286159003885471108e+00,7.407199755397304131e+00,1.399915185129859907e+00,-8.291021176494788314e-01,5.331702997813858591e-01,1.682828272289743632e-01,2.358207005472585820e+02
5.399132487410611247e+00,7.125580308818789455e+00,1.617476960294162769e+00,-8.362664802665586983e-01,5.398288392946393177e-01,9.614155318270897754e-02,2.375276365997584378e+02
5.502646005154784525e+00,6.842107026681627957e+00,1.839947250552407265e+00,-8.389247428005573992e-01,5.433740315985271518e-01,3.082105938123177319e-02,2.392345726522582936e+02
5.595391891813639162e+00,6.558641978119331917e+00,2.067406781687946893e+00,-8.382503743307369026e-01,5.445725996128015778e-01,-2.787460646062801459e-02,2.409415087047581494e+02
5.676018807500540220e+00,6.277057936732096444e+00,2.299963201282868130e+00,-8.351919860094663139e-01,5.440521584196161831e-01,-8.038404956532353707e-02,2.426484447572580052e+02
5.743653662878576149e+00,5.998879808456000440e+00,2.537422885726870803e+00,-8.891306516217948319e-01,4.328275414065895221e-01,-1.486842417559085250e-01,2.443553808097578610e+02
5.798422249383363258e+00,5.724918582959090507e+00,2.778961121573681137e+00,-9.271816858227094338e-01,3.043325009710416973e-01,-2.184395804969175570e-01,2.460623168622577168e+02
5.814852539382083130e+00,5.621500499208610613e+00,2.872875539960275670e+00,-9.442102552513129687e-01,1.656037510832330806e-01,-2.846794539572763405e-01,2.467178195340869422e+02
5.845995933724317695e+00,5.357373527974683469e+00,3.119517725888728332e+00,-9.390363948534554694e-01,2.625424668062740011e-02,-3.428138907218582498e-01,2.484247555865867980e+02
5.865493980227906690e+00,5.098992757061118652e+00,3.367262168109191212e+00,-9.148120321047221726e-01,-1.045983586961785478e-01,-3.901001528767892856e-01,2.501316916390866538e+02
5.873757490342340404e+00,4.846895890181387223e+00,3.615010881691266498e+00,-8.917698639570513786e-01,-1.005190530203159682e-01,-4.411829889262742777e-01,2.518386276915865096e+02
5.871140474218063510e+00,4.601651534097138452e+00,3.861665904700763985e+00,-8.639866116961359976e-01,-9.580105298695963667e-02,-4.943169965279566869e-01,2.535455637440863654e+02
5.857942333831472226e+00,4.363862718084485337e+00,4.106123373619450234e+00,-8.309628398372302938e-01,-9.039566061108075812e-02,-5.489347714914148968e-01,2.552524997965862212e+02
5.834409787299360772e+00,4.134170582985287723e+00,4.347267566919626347e+00,-7.923071979465217130e-01,-8.427224413999860608e-02,-6.042743523845272025e-01,2.569594358490860486e+02
5.800738536328883477e+00,3.913258261888482803e+00,4.583964884652935723e+00,-7.478047894368615722e-01,-7.742652781539437201e-02,-6.593884512832651756e-01,2.586663719015858760e+02
5.757074687529305734e+00,3.701854975430507899e+00,4.815057731568482602e+00,-6.974851076343386858e-01,-6.988812941024601100e-02,-7.131831279523174194e-01,2.603733079540857034e+02
5.703515937158534221e+00,3.500740365783035823e+00,5.039358270753572455e+00,-6.416749163947974566e-01,-6.172545484701512375e-02,-7.644888945522090307e-01,2.620802440065855308e+02
5.640112527786186547e+00,3.310749094615244914e+00,5.255642014090073033e+00,-5.810197984572356145e-01,-5.304605065595550950e-02,-8.121589193689366937e-01,2.637871800590853582e+02
5.566867984319687324e+00,3.132775731680872866e+00,5.462641214940784806e+00,-5.164620418799473756e-01,-4.399123497451085801e-02,-8.551793557743386787e-01,2.654941161115851855e+02
5.483739635856995420e+00,2.967779962194886600e+00,5.659038027413933136e+00,-4.491724384007951820e-01,-3.472522204737098911e-02,-8.927700037158756707e-01,2.672010521640850129e+02
5.390638928894563975e+00,2.816792142839398494e+00,5.843457395293613743e+00,-3.804464181065660422e-01,-2.542055416451035818e-02,-9.244535241838028883e-01,2.689079882165848403e+02
5.287431536528732323e+00,2.680919238082685840e+00,6.014459632265154454e+00,-3.115853242368787357e-01,-1.624275896383991363e-02,-9.500793432663620086e-01,2.706149242690846677e+02
5.173937267440318344e+00,2.561351170518004317e+00,6.170532653397858169e+00,-2.437868256197327499e-01,-7.337246144671873832e-03,-9.698010870654180104e-01,2.723218603215844951e+02
5.049929777639976081e+00,2.459367621138956572e+00,6.310083815966226695e+00,-1.780634618543769643e-01,1.179447419894843639e-03,-9.840182988421600774e-01,2.740287963740843225e+02
4.915136087173646473e+00,2.376345317879015706e+00,6.431431325583338854e+00,-1.151982121387114533e-01,9.223367189665057642e-03,-9.932997037237698557e-01,2.757357324265841498e+02
4.769235903242877050e+00,2.313765853367940828e+00,6.532795161274225215e+00,-5.573561505768919594e-02,1.674239537104105224e-02,-9.983051804991200928e-01,2.774426684790839772e+02
4.611860750480000881e+00,2.273224075709739278e+00,6.612287470521212462e+00,0.000000000000000000e+00,2.371239420780988857e-02,-9.997188216498343882e-01,2.791496045315838046e+02
4.443230541903570696e+00,2.255812307858293231e+00,6.669016183385247487e+00,1.690929759798996592e-03,1.976124145785636971e-02,-9.998032977003985522e-01,2.808565405840836320e+02
4.409708909381161668e+00,2.256528070936066666e+00,6.675727811136582091e+00,3.381953273087883512e-03,1.580943143058093775e-02,-9.998693035941749185e-01,2.811770100169568991e+02
4.222535898329160098e+00,2.281244074095949870e+00,6.691795898339733206e+00,5.072976788470510978e-03,1.185718314390341033e-02,-9.999168325987894956e-01,2.828839460694567265e+02
4.028112426063062301e+00,2.328526609750878773e+00,6.688806193623298313e+00,6.763906544154217430e-03,7.904715712927962851e-03,-9.999458810544497034e-01,2.845908821219565539e+02
3.828372029665542353e+00,2.398031848625421514e+00,6.668762896814746988e+00,8.454648793941532681e-03,3.952248289208966890e-03,-9.999564483752437782e-01,2.862978181744563813e+02
3.625216901853753892e+00,2.489520704464766698e+00,6.633578186849049096e+00,1.014510983321466504e-02,0.000000000000000000e+00,-9.999485370490184266e-01,2.880047542269562086e+02
3.420467952501339948e+00,2.602518373357025627e+00,6.585161564344704566e+00,2.598512298603105480e-02,-1.399636602663838214e-03,-9.996613498584314694e-01,2.897116902794560360e+02
3.405822124981031429e+00,2.611644842983128267e+00,6.581042160322027712e+00,4.185491056908104135e-02,-2.802131629850666220e-03,-9.991197698572394925e-01,2.898335177477141542e+02
3.201067892591680675e+00,2.753662332206316510e+00,6.515119122205637936e+00,5.774242543918664539e-02,-4.206421807791894257e-03,-9.983226524125229373e-01,2.915404538002139816e+02
2.998237836049907123e+00,2.914748816928858233e+00,6.440106209462190812e+00,7.363551489340207368e-02,-5.611434016787436238e-03,-9.972694333802970545e-01,2.932473898527138090e+02
2.798947230213302273e+00,3.093745166636847177e+00,6.357935061451197356e+00,8.952196667724680867e-02,-7.016089349841670049e-03,-9.959601357345950756e-01,2.949543259052136364e+02
2.604821649936511552e+00,3.289576064731269067e+00,6.270498691764437638e+00,1.053895556687543950e-01,-8.419307234329839393e-03,-9.943953724860331578e-01,2.966612619577134637e+02
2.417506484802714350e+00,3.501244075519318599e+00,6.179661702885595354e+00,1.212260908242336621e-01,-9.820009580158405027e-03,-9.925763458370948644e-01,2.983681980102132911e+02
2.238676515589871130e+00,3.727824055761860489e+00,6.087270347544254889e+00,1.370194619661342927e-01,-1.121712491735452066e-02,-9.905048425682226876e-01,3.000751340627131185e+02
2.070045607340318394e+00,3.968457879855849857e+00,5.995162491055251230e+00,1.527576859946344623e-01,-1.260959248608589656e-02,-9.881832256959736105e-01,3.017820701152129459e+02
1.913376574295134969e+00,4.222349448984999754e+00,5.905177528399840448e+00,1.684289521125149625e-01,-1.399636624277260204e-02,-9.856144224910056151e-01,3.034890061677127733e+02
1.782811199599431795e+00,4.465618623731755221e+00,5.826594094194426532e+00,1.840216656673749063e-01,-1.537641874719230389e-02,-9.828019089885388082e-01,3.050479503697230825e+02
1.655085548070701851e+00,4.743450547689801233e+00,5.746065526659186240e+00,2.296338416886149481e-01,-9.289500209490927918e-02,-9.688337408126922456e-01,3.067548864222229099e+02
1.543639931186874481e+00,5.031269368021673571e+00,5.672215027569020407e+00,2.740746837001820091e-01,-1.709501895764444501e-01,-9.463926777180933225e-01,3.084618224747227373e+02
1.449254806759276537e+00,5.327334182318739231e+00,5.606036331426753172e+00,3.161663753748513717e-01,-2.475401268719480963e-01,-9.158398924869720625e-01,3.101687585272225647e+02
1.372789794029859456e+00,5.629942084151586812e+00,5.548564569526935664e+00,3.549082712986311727e-01,-3.207734676568037013e-01,-8.781483367923934580e-01,3.118756945797223921e+02
1.365478123231080199e+00,5.667631924999343873e+00,5.542555369851873692e+00,3.357194269366178263e-01,-3.371121529747158063e-01,-8.795725454413073630e-01,3.120852600540050048e+02
1.322676782880298108e+00,5.977668120918718131e+00,5.502299071172643607e+00,3.161199854781788776e-01,-3.533974758181379072e-01,-8.804421496422377702e-01,3.137921961065048322e+02
1.297299206117522141e+00,6.289423660461497256e+00,5.471427671037856655e+00,2.961395699452972208e-01,-3.695935351032371141e-01,-8.807394472387999329e-01,3.154991321590046596e+02
1.288106769036614585e+00,6.600318790118659962e+00,5.449611610043469057e+00,2.758108870094789222e-01,-3.856639902465985870e-01,-8.804496812618628487e-01,3.172060682115044870e+02
1.293928349616199514e+00,6.907778761028525949e+00,5.436570191109185934e+00,2.551695068091771601e-01,-4.015724274233653524e-01,-8.795613158433397416e-01,3.189130042640043143e+02
1.313653923527112521e+00,7.209219396794118495e+00,5.432070064844088719e+00,2.342535856297672803e-01,-4.172827413231408045e-01,-8.780662682357420756e-01,3.206199403165041417e+02
1.346228377074293769e+00,7.502032660741016379e+00,5.435923970398987670e+00,2.131035355616816840e-01,-4.327595237327482858e-01,-8.759600891306155157e-01,3.223268763690039691e+02
1.390645503208779665e+00,7.783572142999696020e+00,5.447989725011197493e+00,1.917616472197839483e-01,-4.479684496570715546e-01,-8.732420848581422534e-01,3.240338124215037965e+02
1.445942146901173508e+00,8.051138387635413451e+00,5.468169456789576444e+00,1.702716734022605150e-01,-4.628766514515385566e-01,-8.699153767912168878e-01,3.257407484740036239e+02
1.511192466328095785e+00,8.301963979455225129e+00,5.496409076601485033e+00,1.486783830823799057e-01,-4.774530716125656160e-01,-8.659868952886846660e-01,3.274476845265034513e+02
1.584958297976643893e+00,8.533269757108996600e+00,5.532769734613083301e+00,1.270270962680037086e-01,-4.916687854587010742e-01,-8.614673076903645033e-01,3.291546205790032786e+02
1.664737390904588832e+00,8.742326831434537482e+00,5.577499898657638511e+00,1.053632109611054579e-01,-5.054972859103346039e-01,-8.563708821026383422e-01,3.308615566315031060e+02
1.747494121341644835e+00,8.926378968067071540e+00,5.630964946559886108e+00,8.373173366126258899e-02,-5.189147238878788482e-01,-8.507152908643678124e-01,3.325684926840029334e+02
1.830186461558042543e+00,9.082559128731766407e+00,5.693577389299417923e+00,6.217682457442768457e-02,-5.319000994227588430e-01,-8.445213595403612272e-01,3.342754287365027608e+02
1.909748438240378210e+00,9.207874095358704380e+00,5.765799096905452892e+00,4.074136793579131999e-02,-5.444354003213729420e-01,-8.378127689499765829e-01,3.359823647890025882e+02
1.983072334461885466e+00,9.299188553614733621e+00,5.848143790694763311e+00,1.946657668828492838e-02,-5.565056870396702937e-01,-8.306157190208620644e-01,3.376893008415024156e+02
2.000400446390105724e+00,9.314285094972726498e+00,5.873031161773520914e+00,-1.608360743716070150e-03,-5.680991242149860954e-01,-8.229585641099336213e-01,3.381478009021095090e+02
2.055123553240337131e+00,9.334461382513040917e+00,5.975030178066385034e+00,-1.471155453210798783e-03,-5.196359882684975506e-01,-8.543864906456880570e-01,3.398547369546093364e+02
2.100681119053578350e+00,9.317945342745368009e+00,6.083232814201988248e+00,-1.324761740900784555e-03,-4.679273525791267097e-01,-8.837659405717214200e-01,3.415616730071091638e+02
2.138303624325145869e+00,9.266098831548738701e+00,6.193115593115377848e+00,-1.170199321848714802e-03,-4.133333970606927754e-01,-9.105790100303294832e-01,3.432686090596089912e+02
2.169188432920757581e+00,9.180083001713123636e+00,6.300164103660375936e+00,-1.008833279222573660e-03,-3.563362912483836742e-01,-9.343572281492565912e-01,3.449755451121088186e+02
2.194504734065976237e+00,9.060864824716819754e+00,6.399848640948750500e+00,-8.423257444480352230e-04,-2.975231269441755977e-01,-9.547142396658280239e-01,3.466824811646086459e+02
2.215398378753493436e+00,8.909222523746588962e+00,6.487599764165067562e+00,-6.725555238563556745e-04,-2.375575290441163112e-01,-9.713732382887235728e-01,3.483894172171084733e+02
2.232585368036674733e+00,8.726740782406832153e+00,6.558924454159363648e+00,-5.015140015273495322e-04,-1.771428867325902656e-01,-9.841850162259894175e-01,3.500963532696083007e+02
2.237760777893071040e+00,8.647346762537150511e+00,6.578604173788573206e+00,-3.311904414938241165e-04,-1.169818403589628353e-01,-9.931339986825149513e-01,3.507417692979877870e+02
2.247513782206372213e+00,8.413052921697456554e+00,6.611023348316392045e+00,-1.634617210430516809e-04,-5.773733344963152825e-02,-9.983317953498185293e-01,3.524487053504876144e+02
2.252506538820500115e+00,8.157667643883360853e+00,6.624893534120711358e+00,-0.000000000000000000e+00,-0.000000000000000000e+00,-1.000000000000000000e+00,3.541556414029874418e+02
2.252861627468891292e+00,7.885327650481625206e+00,6.620989408338497917e+00,0.000000000000000000e+00,-0.000000000000000000e+00,-1.000000000000000000e+00,3.558625774554872692e+02
2.250185914557718547e+00,7.599814433960673021e+00,6.598541345022348459e+00,0.000000000000000000e+00,-2.044895044226793801e-02,-9.997908983511550884e-01,3.575695135079870965e+02
2.246837994860248600e+00,7.304693076017016118e+00,6.555955458894453969e+00,0.000000000000000000e+00,-4.095852843538051041e-02,-9.991608473856490313e-01,3.592764495604869239e+02
2.245187972527633580e+00,7.003427428126114407e+00,6.492216668225712084e+00,0.000000000000000000e+00,-6.150299884782534782e-02,-9.981068986500015727e-01,3.609833856129867513e+02
2.247616314936820903e+00,6.699368437585944136e+00,6.407570684266860717e+00,0.000000000000000000e+00,-8.205629635021016721e-02,-9.966276958971622690e-01,3.626903216654865787e+02
2.256539247999402420e+00,6.395802421263775628e+00,6.302837870259359931e+00,0.000000000000000000e+00,-1.025921887570072355e-01,-9.947235006804889812e-01,3.643972577179864061e+02
2.269234892827981298e+00,6.182645751811394419e+00,6.214668261064561605e+00,0.000000000000000000e+00,-1.230844435301957779e-01,-9.923962010008210433e-01,3.656102070289221615e+02
2.298217641786533427e+00,5.889237591693260221e+00,6.071834367693077716e+00,0.000000000000000000e+00,-1.435069949940838696e-01,-9.896493027268640219e-01,3.673171430814219889e+02
2.340606572148100195e+00,5.605525712069015398e+00,5.910701617238932393e+00,0.000000000000000000e+00,-1.638341097812730796e-01,-9.864879038651096499e-01,3.690240791339218163e+02
2.399136512762566120e+00,5.334830384325234043e+00,5.731677629809804664e+00,0.000000000000000000e+00,-1.840405480663781512e-01,-9.829186521108587149e-01,3.707310151864216436e+02
2.476657247091686997e+00,5.080519863564411764e+00,5.535073484723515236e+00,-0.000000000000000000e+00,-2.041017182454783752e-01,-9.789496864544384724e-01,3.724379512389214710e+02
2.575974302119887316e+00,4.846135293077697526e+00,5.321226503168666966e+00,0.000000000000000000e+00,-2.003935361736659537e-01,-9.797154845463114103e-01,3.741448872914212984e+02
2.699690799563957189e+00,4.635518284687797141e+00,5.090623172466503199e+00,0.000000000000000000e+00,-1.966795727099123758e-01,-9.804678198077926288e-01,3.758518233439211258e+02
2.847985672759990372e+00,4.450680134441307167e+00,4.844104015361363480e+00,0.000000000000000000e+00,-1.929599779741162646e-01,-9.812066280352108594e-01,3.775587593964209532e+02
2.909189567598772896e+00,4.392669486729802841e+00,4.749837049850337500e+00,0.000000000000000000e+00,-1.892349031579243779e-01,-9.819318466303101900e-01,3.781751851523407026e+02
3.095129283361318429e+00,4.253715009389065216e+00,4.475572523833326599e+00,0.000000000000000000e+00,-1.855045004953982668e-01,-9.826434146199488628e-01,3.798821212048405300e+02
3.291788672329669652e+00,4.133702965834597620e+00,4.189288448858079938e+00,0.000000000000000000e+00,-1.817689232331969607e-01,-9.833412726752824851e-01,3.815890572573403574e+02
3.492455841235898362e+00,4.029119273301968285e+00,3.892494905600244248e+00,0.000000000000000000e+00,-1.780283256002884451e-01,-9.840253631304214377e-01,3.832959933098401848e+02
3.690413023384421454e+00,3.936587070971483637e+00,3.586645265851733821e+00,0.000000000000000000e+00,-1.742828627772039229e-01,-9.846956300005511586e-01,3.850029293623400122e+02
3.878900975978813115e+00,3.852848656369747271e+00,3.273144035112831141e+00,0.000000000000000000e+00,-1.705326908648477358e-01,-9.853520189995016443e-01,3.867098654148398396e+02
4.052774035669765240e+00,3.774732495787479714e+00,2.954201059184428768e+00,0.000000000000000000e+00,-1.667779668528780179e-01,-9.859944775567559550e-01,3.884168014673396669e+02
4.210163610288936376e+00,3.699102880114786274e+00,2.633690075918010187e+00,0.000000000000000000e+00,-1.630188485876711835e-01,-9.866229548338868449e-01,3.901237375198394943e+02
4.350777074041860537e+00,3.622832607395518156e+00,2.316322989899443296e+00,0.000000000000000000e+00,-1.592554947398867049e-01,-9.872374017404091928e-01,3.918306735723393217e+02
4.474208480061686366e+00,3.544037871462500711e+00,2.006562615393487015e+00,0.000000000000000000e+00,-1.554880647716458397e-01,-9.878377709490402392e-01,3.935376096248391491e+02
4.579952995017392503e+00,3.463312983182006644e+00,1.708380702888120606e+00,0.000000000000000000e+00,-1.517167189033410413e-01,-9.884240169103564178e-01,3.952445456773389765e+02
4.667420773454614924e+00,3.382490264589973705e+00,1.425545425240996700e+00,0.000000000000000000e+00,-1.479416180800905145e-01,-9.889960958668363444e-01,3.969514817298388039e+02
4.736696894142079728e+00,3.303404552238172087e+00,1.162276956685704077e+00,0.000000000000000000e+00,-1.441629239378555971e-01,-9.895539658662826366e-01,3.986584177823386312e+02
4.789301677527855183e+00,3.227893642405797348e+00,9.225957535141572352e-01,0.000000000000000000e+00,-1.403807987692360093e-01,-9.900975867746124592e-01,4.003653538348384586e+02
4.827439169869914615e+00,3.157798717112359821e+00,7.089313744063636680e-01,0.000000000000000000e+00,-1.365954054889604585e-01,-9.906269202880095825e-01,4.020722898873382860e+02
4.853249393588463079e+00,3.094972828509519491e+00,5.228100815685274849e-01,0.000000000000000000e+00,-1.328069075990890580e-01,-9.911419299444288455e-01,4.037792259398381134e+02
4.868820155153313678e+00,3.041291380722718873e+00,3.659067590399986414e-01,0.000000000000000000e+00,-1.290154691539451559e-01,-9.916425811344465879e-01,4.054861619923379408e+02
4.876198652361703800e+00,2.998662638628706745e+00,2.400539503350314630e-01,0.000000000000000000e+00,-1.252212547247938956e-01,-9.921288411114498329e-01,4.071930980448377682e+02
4.877402945006632962e+00,2.969038321881460440e+00,1.472517468094033388e-01,0.000000000000000000e+00,-1.214244293642846723e-01,-9.926006790011568937e-01,4.089000340973375955e+02
4.874433352406999376e+00,2.954424342290708161e+00,8.967858011034827992e-02,0.000000000000000000e+00,-1.176251585706762359e-01,-9.930580658104657399e-01,4.106069701498374229e+02
4.869283841339975716e+00,2.956891742923516198e+00,6.970297694584334791e-02,0.000000000000000000e+00,-1.138236082518615522e-01,-9.935009744356201322e-01,4.123139062023372503e+02
4.863280099329636563e+00,2.977628771113118411e+00,8.827719002861690589e-02,0.000000000000000000e+00,-1.100199446892112382e-01,-9.939293796696940797e-01,4.140208422548370777e+02
4.859149676299154841e+00,3.000834136409357367e+00,1.216681002035010922e-01,0.000000000000000000e+00,-1.062143345012537127e-01,-9.943432582093850725e-01,4.150523199713403528e+02
4.850933397514011425e+00,3.055670069245873144e+00,2.107649182911434937e-01,0.000000000000000000e+00,-1.024069446072103096e-01,-9.947425886611148682e-01,4.167592560238401802e+02
4.840737515352921072e+00,3.125770069770092086e+00,3.308309996651611073e-01,0.000000000000000000e+00,-9.859794219040451946e-02,-9.951273515464328367e-01,4.184661920763400076e+02
4.827821776801818565e+00,3.209812750675471005e+00,4.787168654846057358e-01,0.000000000000000000e+00,-9.478749466156352610e-02,-9.954975293067200859e-01,4.201731281288398350e+02
4.811420783339168672e+00,3.306558123678517980e+00,6.514231518093420714e-01,0.000000000000000000e+00,-9.097576962203114681e-02,-9.958531063071898171e-01,4.218800641813396624e+02
4.790740445438578021e+00,3.414841112438964821e+00,8.460844250976390368e-01,0.000000000000000000e+00,-8.716293482691078731e-02,-9.961940688401832444e-01,4.235870002338394897e+02
4.764954230199224483e+00,3.533565499617437045e+00,1.059953720387653231e+00,0.000000000000000000e+00,-8.334915814815772872e-02,-9.965204051277591901e-01,4.252939362863393171e+02
4.733199185008022170e+00,3.661698277077170882e+00,1.290387718728279953e+00,0.000000000000000000e+00,-7.953460753763913482e-02,-9.968321053235763562e-01,4.270008723388391445e+02
4.694958328171491502e+00,3.798263338232840791e+00,1.535020334230336347e+00,0.000000000000000000e+00,-7.571945099018131953e-02,-9.971291615140667197e-01,4.287078083913389719e+02
4.650444860924696222e+00,3.942331372197878547e+00,1.791937797075290106e+00,0.000000000000000000e+00,-7.190385650662262096e-02,-9.974115677189006046e-01,4.304147444438387993e+02
4.600217052411689878e+00,4.093010014495064297e+00,2.059480476519860215e+00,0.000000000000000000e+00,-6.808799205689153311e-02,-9.976793198907455418e-01,4.321216804963386267e+02
4.544794945229607919e+00,4.249438310482183567e+00,2.336046075217098394e+00,0.000000000000000000e+00,-6.427202554312821947e-02,-9.979324159143160289e-01,4.338286165488384540e+02
4.484663426369212225e+00,4.410782355320058912e+00,2.620080983250287154e+00,0.000000000000000000e+00,-6.045612476286887221e-02,-9.981708556047188541e-01,4.355355526013382814e+02
4.420275071885009233e+00,4.576231056475145387e+00,2.910071894886233412e+00,0.000000000000000000e+00,-5.664045737231139521e-02,-9.983946407050947602e-01,4.372424886538381088e+02
4.352052781703457995e+00,4.744991997597697519e+00,3.204537642810765252e+00,0.000000000000000000e+00,-5.282519084968107653e-02,-9.986037748835595584e-01,4.389494247063379362e+02
4.280392219667648490e+00,4.916287383037507119e+00,3.502021205782687829e+00,0.000000000000000000e+00,-4.901049245871507559e-02,-9.987982637294451349e-01,4.406563607588377636e+02
4.205664072691167377e+00,5.089350042578768551e+00,3.801081846578111101e+00,0.000000000000000000e+00,-4.519652921228375225e-02,-9.989781147488484558e-01,4.423632968113375910e+02
4.128216141743881629e+00,5.263419476195985602e+00,4.100287337802082988e+00,0.000000000000000000e+00,-4.138346783616764918e-02,-9.991433373594866829e-01,4.440702328638374183e+02
4.048375276312512483e+00,5.437737918752037380e+00,4.398206233619171179e+00,0.000000000000000000e+00,-3.757147473300792573e-02,-9.992939428848685024e-01,4.457771689163372457e+02
3.966449162966068531e+00,5.611546404577819835e+00,4.693400145700748816e+00,0.000000000000000000e+00,-3.376071594644826368e-02,-9.994299445477823340e-01,4.474841049688370731e+02
3.882727977699489408e+00,5.784080811790185628e+00,4.984415981709741317e+00,0.000000000000000000e+00,-2.995135712548635878e-02,-9.995513574631078590e-01,4.491910410213369005e+02
3.797485910820174393e+00,5.954567866020714639e+00,5.269778104442279343e+00,0.000000000000000000e+00,-2.614356348905202965e-02,-9.996581986299586386e-01,4.508979770738367279e+02
3.710982572282826908e+00,6.122221082942762571e+00,5.547980369317711435e+00,0.000000000000000000e+00,-2.233749979083003018e-02,-9.997504869231595981e-01,4.526049131263365553e+02
3.623464284560816928e+00,6.286236628593566245e+00,5.817477997251553568e+00,0.000000000000000000e+00,-1.853333028434389629e-02,-9.998282430840665924e-01,4.543118491788363826e+02
3.535165269356653095e+00,6.445789075990209227e+00,6.076679239057900084e+00,0.000000000000000000e+00,-1.473121868831855225e-02,-9.998914897107370470e-01,4.560187852313362100e+02
3.446308733699656290e+00,6.600027035930414065e+00,6.323936786402595267e+00,0.000000000000000000e+00,-1.093132815233761011e-02,-9.999402512474562243e-01,4.577257212838360374e+02
3.357107860250379883e+00,6.748068639146913128e+00,6.557538882960486148e+00,0.000000000000000000e+00,-7.133821222812005217e-03,-9.999745539736303312e-01,4.594326573363358648e+02
3.267766705921780979e+00,6.888996846145102992e+00,6.775700087812964512e+00,0.000000000000000000e+00,-3.338859809276280982e-03,-9.999944259920522383e-01,4.611395933888356922e+02
3.178481012233137726e+00,7.021854560092346098e+00,6.976551641245475999e+00,0.000000000000000000e+00,4.533948489723988676e-04,-9.999998972165502487e-01,4.628465294413355196e+02
3.170941932273671604e+00,7.032502003635673127e+00,6.992206172274763709e+00,0.000000000000000000e+00,4.242782215876215839e-03,-9.999909993590285762e-01,4.629906403080368023e+02
3.081748635582581386e+00,7.151284389649156026e+00,7.161050369385582037e+00,0.000000000000000000e+00,8.029142491245429281e-03,-9.999677659159095233e-01,4.646975763605366296e+02
2.992780914610700282e+00,7.259920865511126031e+00,7.307898325897279612e+00,0.000000000000000000e+00,6.423347105742366510e-03,-9.999793700931830509e-01,4.664045124130364570e+02
2.903511875686962007e+00,7.357717053881498437e+00,7.429478341302107047e+00,0.000000000000000000e+00,4.817522740935414882e-03,-9.999883956699899823e-01,4.681114484655362844e+02
2.813174254863701762e+00,7.444071352475690517e+00,7.522043005887524281e+00,0.000000000000000000e+00,3.211681819563415915e-03,-9.999948425366451676e-01,4.698183845180361118e+02
2.720989889394300754e+00,7.518326499230418847e+00,7.581688343661382667e+00,0.000000000000000000e+00,1.605836764845388438e-03,-9.999987106433111395e-01,4.715253205705359392e+02
2.626165012851080505e+00,7.579766125653049080e+00,7.604332746585052760e+00,-0.000000000000000000e+00,-0.000000000000000000e+00,-1.000000000000000000e+00,4.732322566230357666e+02
2.555248120335227302e+00,7.614726985796395731e+00,7.592164252499078891e+00,2.285732489888591887e-02,-4.579988964455876388e-02,-9.986890971703922260e-01,4.744668662330986990e+02
2.453917747965630447e+00,7.650757572704272036e+00,7.536826728541218046e+00,4.685082519677685742e-02,-9.387636712787325588e-02,-9.944808836137846164e-01,4.761738022855985264e+02
2.349496157194641111e+00,7.675993978282139807e+00,7.445846634640663098e+00,7.184281277530403520e-02,-1.439535427448028759e-01,-9.869731444085765304e-01,4.778807383380983538e+02
2.242132325952257865e+00,7.692001959855907067e+00,7.322206446033903582e+00,9.764202687090220434e-02,-1.956481817159771708e-01,-9.758011188658136659e-01,4.795876743905981812e+02
2.131971583789102453e+00,7.700296206710039115e+00,7.168712404723035725e+00,1.240040002683963916e-01,-2.484704379405835717e-01,-9.606692715950947425e-01,4.812946104430980085e+02
2.019156026826256944e+00,7.702348555065245961e+00,6.988009661895966396e+00,1.506367498705306618e-01,-3.018352563567740510e-01,-9.413841126811540727e-01,4.830015464955978359e+02
1.903824980179429138e+00,7.699595967908269500e+00,6.782596551105274152e+00,1.772123723321477329e-01,-3.550856074526209105e-01,-9.178834274963326711e-01,4.847084825480976633e+02
1.786115508660207185e+00,7.693448322424322861e+00,6.554838069224361519e+00,2.033840919648672307e-01,-4.075266466507516117e-01,-8.902566727664668056e-01,4.864154186005974907e+02
1.667559821550215871e+00,7.685732597907080077e+00,6.306850934820398713e+00,2.288071032015885076e-01,-4.584674769633558800e-01,-8.587519328021058218e-01,4.881223546530973181e+02
1.585029931490994803e+00,7.680580585353216527e+00,6.117911526842741310e+00,2.531605310509569828e-01,-5.072651517963441270e-01,-8.237668427965703088e-01,4.893332482025004992e+02
1.472882955684231776e+00,7.675189215949949073e+00,5.835100074440123130e+00,2.761673732389771097e-01,-5.533646336010787925e-01,-7.858238760930005284e-01,4.910401842550003266e+02
1.365714308065109517e+00,7.672723310550126463e+00,5.537832387273931900e+00,2.976095984009753392e-01,-5.963290465626832626e-01,-7.455334970108662418e-01,4.927471203075001540e+02
1.264367352902972641e+00,7.674251303304314042e+00,5.228171846107371401e+00,3.173365843512075402e-01,-6.358565846073663819e-01,-7.035509192970783587e-01,4.944540563599999814e+02
1.169725861106569509e+00,7.680856291027878591e+00,4.908114960067662125e+00,3.352664559155950075e-01,-6.717831920569583559e-01,-6.605329260586183526e-01,4.961609924124998088e+02
1.082718969709256074e+00,7.693641544396840004e+00,4.579602139767607660e+00,3.513811845876572693e-01,-7.040727446663466171e-01,-6.171003430040954418e-01,4.978679284649996362e+02
1.004326433330018364e+00,7.713736087317631274e+00,4.244528167721868250e+00,3.657171933648241668e-01,-7.327982242595282303e-01,-5.738098090826245778e-01,4.995748645174994635e+02
9.355841969077166587e-01,7.742300372174805823e+00,3.904752422555647140e+00,3.783535305516018687e-01,-7.581180222335275332e-01,-5.311362069035234779e-01,5.012818005699992909e+02
8.774575478573329868e-01,7.779740717320786203e+00,3.562106356997829071e+00,3.883079591552193177e-01,-7.780640016312538876e-01,-4.937948341389049589e-01,5.029887366224991183e+02
8.307054222025795909e-01,7.824921068192948859e+00,3.218400825186359171e+00,3.989832147659683748e-01,-7.994543231611191958e-01,-4.490937313234399930e-01,5.046956726749989457e+02
8.292526741439432136e-01,7.826768198165513724e+00,3.205464930102728704e+00,4.102053404221921995e-01,-8.219404241771428588e-01,-3.951525247200274316e-01,5.047599217982407822e+02
7.991849216872952688e-01,7.878757848934564656e+00,2.862791405649026455e+00,4.215872119901508119e-01,-8.447466127432620153e-01,-3.296473615018886694e-01,5.064668578507406096e+02
7.819584746164669475e-01,7.934638432404366171e+00,2.522804279085401724e+00,4.323839522386838663e-01,-8.663803565908581028e-01,-2.498583509910223821e-01,5.081737939032404370e+02
7.783805536789856205e-01,7.992563990111243299e+00,2.187326197581096920e+00,4.412931919923658297e-01,-8.842320605562439262e-01,-1.529509129938359802e-01,5.098807299557402644e+02
7.893179649808619303e-01,8.050692908870605180e+00,1.858204138968448049e+00,4.462461535260287548e-01,-8.941564542750629618e-01,-3.672336778499063481e-02,5.115876660082400917e+02
8.157018198188022984e-01,8.107177470300630517e+00,1.537319377995727043e+00,4.443561006094560728e-01,-8.903693000308833261e-01,9.894526473598555527e-02,5.132946020607399760e+02
8.585325208668657115e-01,8.160153328494951452e+00,1.226597637645922223e+00,4.323558439215009486e-01,-8.663240351345737889e-01,2.501021598768717880e-01,5.150015381132398034e+02
9.188850410924496170e-01,8.207728856729385569e+00,9.280194802982841829e-01,4.078127218020449751e-01,-8.171462643509593837e-01,4.073828255998034331e-01,5.167084741657396307e+02
9.979145228945357493e-01,8.247974303163383425e+00,6.436309948021954330e-01,3.707388391038084485e-01,-7.428602425270621756e-01,5.574149022519893082e-01,5.184154102182394581e+02
1.096862226214563973e+00,8.278910694240471102e+00,3.755548371298995658e-01,3.242668856719981285e-01,-6.497430318228594182e-01,6.875208938310325424e-01,5.201223462707392855e+02
1.217061855770894985e+00,8.298498422894930115e+00,1.260016841835717438e-01,2.734499115218222975e-01,-5.479195761715862645e-01,7.905752866973877468e-01,5.218292823232391129e+02
1.358712260796005156e+00,8.305104808608927414e+00,-1.028329855316248570e-01,2.231230801945840725e-01,-4.470782340134678012e-01,8.662200319525519276e-01,5.235362183757389403e+02
1.519645884067259312e+00,8.297987403956717856e+00,-3.095252321006265461e-01,1.765172797703855045e-01,-3.536928301804645458e-01,9.185548605398572430e-01,5.252431544282387677e+02
1.696555046158394697e+00,8.276830024093898786e+00,-4.939528614138852802e-01,1.351199874218900199e-01,-2.707438661379993894e-01,9.531213710476528211e-01,5.269500904807385950e+02
1.886213279878443450e+00,8.241267182090400212e+00,-6.565265788632010935e-01,9.919699277155405448e-02,-1.987639123172592059e-01,9.750142890160210518e-01,5.286570265332384224e+02
1.912716190738301680e+00,8.234880107727159171e+00,-6.755112910202695220e-01,6.836755788877700579e-02,-1.369900730039755599e-01,9.882102999497071050e-01,5.288838699871511153e+02
2.120081053820738859e+00,8.174060486173654994e+00,-7.987084634666125060e-01,4.199823381409093642e-02,-8.415308801274000439e-02,9.955673790027558256e-01,5.305908060396509427e+02
2.333395569821103521e+00,8.097831450526456365e+00,-9.003605582655168638e-01,1.941539825847240011e-02,-3.890320068410690196e-02,9.990543445113468923e-01,5.322977420921507701e+02
2.549619820404581461e+00,8.005609462325733006e+00,-9.804315658055978711e-01,-0.000000000000000000e+00,0.000000000000000000e+00,1.000000000000000000e+00,5.340046781446505975e+02
2.766104802498525306e+00,7.896817976455172250e+00,-1.037982267440374917e+00,-4.116031754770854006e-02,1.140578503240679935e-02,9.990874517914667408e-01,5.357116141971504248e+02
2.980958190481241665e+00,7.770949345537856878e+00,-1.070378409506611561e+00,-8.674212009451442995e-02,2.403679159925055375e-02,9.959407799920250159e-01,5.374185502496502522e+02
3.192654545164257396e+00,7.627486938448840625e+00,-1.074063246929314541e+00,-1.371361404776308413e-01,3.800129424776210740e-02,9.898230046884112232e-01,5.391254863021500796e+02
3.203299992941484930e+00,7.619583152492546141e+00,-1.073139304456120824e+00,-1.926527679470001475e-01,5.338530380759817090e-02,9.798137171624664576e-01,5.392125971022226167e+02
3.408449415819392758e+00,7.453672187711972263e+00,-1.033124558759512812e+00,-2.534431752466266285e-01,7.023071120486432117e-02,9.647974938423952151e-01,5.409195331547224441e+02
3.609061830446101293e+00,7.271536294434443271e+00,-9.637562046520086190e-01,-3.193912035975043917e-01,8.850532810521562210e-02,9.434808243740441247e-01,5.426264692072222715e+02
3.805349590465906928e+00,7.074911883507794208e+00,-8.677859332555830640e-01,-3.899812252031759074e-01,1.080662707761271407e-01,9.144595809053401858e-01,5.443334052597220989e+02
3.997515129793757893e+00,6.865455396661382714e+00,-7.478218923513769711e-01,-4.641634824761223799e-01,1.286226447325041489e-01,8.763609283837651143e-01,5.460403413122219263e+02
4.185751459829474719e+00,6.644752337581629753e+00,-6.063427598865409607e-01,-5.402615168398530177e-01,1.497098926706517674e-01,8.280727271553163238e-01,5.477472773647217537e+02
4.370242686345771510e+00,6.414325915482674390e+00,-4.457111188644314326e-01,-6.159863234534030951e-01,1.706937168322030240e-01,7.690412891076571222e-01,5.494542134172215810e+02
4.551164545938737760e+00,6.175645347737751756e+00,-2.681862057901576168e-01,-6.886177106268865922e-01,1.908203348483553385e-01,6.995664717661552734e-01,5.511611494697214084e+02
4.728684962405094616e+00,5.930133866291716238e+00,-7.593610146178508824e-02,-7.553637965451460712e-01,2.093160985619325620e-01,6.209768963107358264e-01,5.528680855222212358e+02
4.902964623872991368e+00,5.679176470968609003e+00,1.289505701126354431e-01,-8.138209322101161991e-01,2.255149415915585209e-01,5.355730588963687477e-01,5.545750215747210632e+02
5.074157581965713426e+00,5.424127471412388601e+00,3.444533715449452083e-01,-8.623808558496244281e-01,2.389712044005210811e-01,4.463093354742130314e-01,5.562819576272208906e+02
5.242411874728853505e+00,5.166317858244791950e+00,5.686091498296367286e-01,-9.004358658840381224e-01,2.495164890270428759e-01,3.563099397059816820e-01,5.579888936797207180e+02
5.407870175504350563e+00,4.907062543085109141e+00,7.995014432113094482e-01,-9.283269707108702251e-01,2.572452910607599952e-01,2.683913107346135307e-01,5.596958297322205453e+02
5.569815105604270400e+00,4.647467192664170632e+00,1.035422219787378362e+00,-9.470972679786975323e-01,2.624466594754487070e-01,1.847390481665017181e-01,5.614027657847203727e+02
5.725807788591758651e+00,4.388243094229347108e+00,1.275034740795365940e+00,-9.581736182972379057e-01,2.655159863952537003e-01,1.067922196029960080e-01,5.631097018372202001e+02
5.752192870036463290e+00,4.342217121507538913e+00,1.318201252375000854e+00,-9.630840739167488840e-01,2.668767047896732358e-01,3.529718131131506786e-02,5.634138955021552420e+02
5.890274426910227845e+00,4.085343212731735285e+00,1.562271470956916986e+00,-9.632638479699644485e-01,2.669265213199515374e-01,-2.954642804345052401e-02,5.651208315546550693e+02
6.014958486221439138e+00,3.830285180924338118e+00,1.807374821369461149e+00,-9.599529916600907375e-01,2.660090620389380933e-01,-8.791719238013784299e-02,5.668277676071548967e+02
6.122764967753992593e+00,3.577660794398629829e+00,2.052396200322079700e+00,-9.541633293080058476e-01,2.644047098829675480e-01,-1.402230023768059330e-01,5.685347036596547241e+02
6.210126903341503635e+00,3.328129221039333618e+00,2.296220062167883658e+00,-9.466873117247142089e-01,2.623330579975154397e-01,-1.869879688672669293e-01,5.702416397121545515e+02
6.274624747965037663e+00,3.082396553048610599e+00,2.537723429238833983e+00,-9.381269295776565320e-01,2.599609218143719702e-01,-2.287753988754485934e-01,5.719485757646543789e+02
6.315935137183380732e+00,2.841192715513088274e+00,2.775989377395478908e+00,-9.171141149104342638e-01,2.911786964691424062e-01,-2.722437638488379164e-01,5.736555118171542063e+02
6.334283990268792408e+00,2.605242607718485370e+00,3.010523573830358401e+00,-8.911045258380116962e-01,3.237096002533806915e-01,-3.180327321751781899e-01,5.753624478696540336e+02
6.329486106439139448e+00,2.375283376085934428e+00,3.241032064549567604e+00,-8.594611386265994524e-01,3.571750750689885456e-01,-3.657219120317122818e-01,5.770693839221538610e+02
6.327058779949822132e+00,2.353922413186783302e+00,3.262590703394023794e+00,-8.216474297044104036e-01,3.910555673736577642e-01,-4.146939166255065312e-01,5.772315840429037053e+02
6.280549467784875439e+00,2.134799506415108183e+00,3.485596881949823977e+00,-7.773145724228821551e-01,4.246948765023133010e-01,-4.641296342313391832e-01,5.789385200954035327e+02
6.210049676267836105e+00,1.923517153980341954e+00,3.703768214795689406e+00,-7.263939026222606676e-01,4.573277472439834512e-01,-5.130333613264783654e-01,5.806454561479033600e+02
6.115699811370953753e+00,1.720952891541390528e+00,3.916725215373623392e+00,-6.691750385745066643e-01,4.881340313477332549e-01,-5.602945075485014081e-01,5.823523922004031874e+02
5.999094470860485195e+00,1.528022538236205374e+00,4.124065804852373951e+00,-6.063456457715332704e-01,5.163155200738216433e-01,-6.047836320410808764e-01,5.840593282529030148e+02
5.862502917627814725e+00,1.345676503313566252e+00,4.325360370706702540e+00,-5.389727587889495686e-01,5.411827277466125796e-01,-6.454685278711617125e-01,5.857662643054028422e+02
5.708093240676630487e+00,1.174904621129974513e+00,4.520146676344973358e+00,-4.684194468070581596e-01,5.622325480652519136e-01,-6.815260697501042131e-01,5.874732003579026696e+02
5.537944519810404920e+00,1.016742262882043724e+00,4.707927366699175664e+00,-3.962102505477238523e-01,5.791979210795330513e-01,-7.124234734889473009e-01,5.891801364104024969e+02
5.354058554682314508e+00,8.722765987754299566e-01,4.888167284502445753e+00,-3.238752743506245757e-01,5.920584808044236924e-01,-7.379509211132306845e-01,5.908870724629023243e+02
5.158371223532120631e+00,7.426530477682901088e-01,5.060290582586078223e+00,-2.528078803514358652e-01,6.010131905465406765e-01,-7.582026908560017819e-01,5.925940085154021517e+02
4.952763535205349399e+00,6.290819524643137539e-01,5.223677616616639874e+00,-1.841628435555886512e-01,6.064264240169363607e-01,-7.735186095418459251e-01,5.943009445679019791e+02
4.739072436686595502e+00,5.328455174420485552e-01,5.377661601505601574e+00,-1.188060376977682769e-01,6.087635407560237910e-01,-7.844055563627436722e-01,5.960078806204018065e+02
4.519101437358195916e+00,4.553050502368644614e-01,5.521525013449013919e+00,-5.731138787256763456e-02,6.085302894676084540e-01,-7.914583322074439931e-01,5.977148166729016339e+02
4.294631110516564654e+00,3.979085453406920325e-01,5.654495718182602104e+00,8.466130617035071110e-06,6.062249577557686786e-01,-7.952932166957926707e-01,5.994217527254014612e+02
4.071551063073552967e+00,3.622709836228887870e-01,5.773952282014619186e+00,1.143723613022460105e-04,5.896487838670696480e-01,-8.076597666115656882e-01,6.010984799820789704e+02
3.843891426689462598e+00,3.470685244283732707e-01,5.884394260032125956e+00,2.205961787280284032e-04,5.727616939657006467e-01,-8.197218999531896699e-01,6.028054160345787977e+02
3.617843979457312287e+00,3.524447634136334551e-01,5.984174808432143777e+00,3.270012307220313192e-04,5.555829876546201085e-01,-8.314610254840338888e-01,6.045123520870786251e+02
3.395591167445016101e+00,3.779808908389195032e-01,6.073748138447624179e+00,4.334493893693685922e-04,5.381332523763942000e-01,-8.428596649552231312e-01,6.062192881395784525e+02
3.179333125455073628e+00,4.233494969284634091e-01,6.153513383304244577e+00,5.398016364225761152e-04,5.204342425654722160e-01,-8.539015796797055913e-01,6.079262241920782799e+02
2.971300401931980417e+00,4.883126095622369323e-01,6.223816751932746527e+00,6.459189660939003994e-04,5.025087450793963573e-01,-8.645718847541941088e-01,6.096331602445781073e+02
2.773766835475829140e+00,5.727201129333370222e-01,6.284953397103027584e+00,7.516632916366943569e-04,4.843804328336375198e-01,-8.748571490764615044e-01,6.113400962970779347e+02
2.589062656203025004e+00,6.765085371164853978e-01,6.337169008060648423e+00,8.568983419596363149e-04,4.660737088270120454e-01,-8.847454795959485141e-01,6.130470323495777620e+02
2.517901736790435496e+00,7.278482276100995962e-01,6.355395140133227372e+00,9.614905347287416035e-04,4.476135429483062977e-01,-8.942265885698190697e-01,6.137615554189593468e+02
2.364494847015286449e+00,8.693381547279656063e-01,6.390339255542667019e+00,1.065309812990342326e-03,4.290253040927120565e-01,-9.032918429628147283e-01,6.154684914714591741e+02
2.229580640226633825e+00,1.029742898558053010e+00,6.416521481720982578e+00,9.319145703290079852e-03,3.722377859319838111e-01,-9.280906120890435318e-01,6.171754275239590015e+02
2.113995688373203397e+00,1.207744364729644415e+00,6.433553156177775456e+00,1.770593004734558745e-02,3.127770822948162666e-01,-9.496615169797606448e-01,6.188823635764588289e+02
2.018060040106181230e+00,1.401580249421019664e+00,6.440847667355841466e+00,2.612451384067608628e-02,2.512727221218202800e-01,-9.675637079252604744e-01,6.205892996289586563e+02
1.942187035632451098e+00,1.609570896601486778e+00,6.437765862092124536e+00,3.446872378595630670e-02,1.884545411744928400e-01,-9.814768428196758432e-01,6.222962356814584837e+02
1.917927916872189886e+00,1.705564255086813974e+00,6.431693761180876656e+00,4.263385008427430373e-02,1.251108320946005825e-01,-9.912263286049196598e-01,6.230395292171357369e+02
1.882863475018816013e+00,1.937193808331207912e+00,6.406355274228180186e+00,5.052311718164693294e-02,6.203963031939082468e-02,-9.967941105865758544e-01,6.247464652696355643e+02
1.869447317114566021e+00,2.178876125768892003e+00,6.368820354535769113e+00,5.805322569842741309e-02,0.000000000000000000e+00,-9.983134893338903026e-01,6.264534013221353916e+02
1.877721781002341217e+00,2.429177071587445447e+00,6.318595996522266667e+00,1.339819839775895638e-01,6.728565090571443641e-02,-9.886968540213038059e-01,6.281603373746352190e+02
1.906285598038285567e+00,2.686719482055867303e+00,6.255896865093288461e+00,2.101157004377797177e-01,1.353046715903975517e-01,-9.682685775524040306e-01,6.298672734271350464e+02
1.953061994867631546e+00,2.950182781001195575e+00,6.181258382720026923e+00,2.839717134000809828e-01,2.018569584215587909e-01,-9.373440319996811931e-01,6.315742094796348738e+02
2.016063068580819628e+00,3.218294687019203959e+00,6.095151547318566898e+00,3.532833449224508371e-01,2.648814910786053689e-01,-8.972339014350602104e-01,6.332811455321347012e+02
2.093379304161155918e+00,3.489823666847686745e+00,5.997985473745547580e+00,2.692159553349928736e-01,2.007066543648749202e-01,-9.419339723604440717e-01,6.349880815846345286e+02
2.138803164285998815e+00,3.628555631883290999e+00,5.943370834184062979e+00,1.791155371835365662e-01,1.319923895621459009e-01,-9.749336559156873694e-01,6.358527740093511511e+02
2.239421596887556376e+00,3.903675885778380650e+00,5.825206827137360932e+00,8.652027085957474106e-02,6.143964121698828468e-02,-9.943537666331402347e-01,6.375597100618509785e+02
2.349761878496907208e+00,4.178874241758821384e+00,5.696862678625848275e+00,-4.730092251022989698e-03,-8.028414844100014922e-03,-9.999565844487389166e-01,6.392666461143508059e+02
2.468284426070112225e+00,4.453123771709581291e+00,5.558553110841605083e+00,-3.804833883539000729e-03,9.025321100278718700e-02,-9.959115829945974774e-01,6.409735821668506333e+02
2.593782969304675667e+00,4.725634333520476460e+00,5.410506152120993839e+00,-2.800617554757675164e-03,1.918245846240743679e-01,-9.814252316275109411e-01,6.426805182193504606e+02
2.725231532885772801e+00,4.995730591248760177e+00,5.252930827684186177e+00,-1.743912293440402425e-03,2.935372917148021954e-01,-9.559460325471579312e-01,6.443874542718502880e+02
2.755253045235322329e+00,5.054746148388750804e+00,5.216168132420678560e+00,-6.680313525499614749e-04,3.920223272030641803e-01,-9.199554601764183825e-01,6.447641223580518499e+02
2.895237202968088841e+00,5.318980751671213980e+00,5.040694320054432076e+00,3.918683264157449882e-04,4.842210176649401343e-01,-8.749456283054076744e-01,6.464710584105516773e+02
3.038861115644471589e+00,5.579008668234558321e+00,4.856089618966215937e+00,1.404255719029633013e-03,5.678369893911263677e-01,-8.231398311010698077e-01,6.481779944630515047e+02
3.184894838743737910e+00,5.834419027894877985e+00,4.662432728863040943e+00,-2.044929203844563295e-02,5.904601819393506812e-01,-8.068076598541162880e-01,6.498849305155513321e+02
3.331553593416064274e+00,6.085397573410940453e+00,4.459887435841068282e+00,-4.650151944926039088e-02,6.164936076028781908e-01,-7.859855217964886176e-01,6.515918665680511594e+02
3.476775566437588338e+00,6.332426634283825351e+00,4.248636530247763332e+00,-7.790088006876734472e-02,6.465067280130276650e-01,-7.589206174023740425e-01,6.532988026205509868e+02
3.618494959915545373e+00,6.575983738663801148e+00,4.028815827091285939e+00,-1.161381585292773216e-01,6.810093301375813590e-01,-7.230063764580441088e-01,6.550057386730508142e+02
3.754630698056228066e+00,6.816544271661669541e+00,3.800514898901609762e+00,-1.630730680707127844e-01,7.201876812627745483e-01,-6.743418111220399469e-01,6.567126747255506416e+02
3.883075072313847631e+00,7.054584212732476267e+00,3.563777559068870726e+00,-2.207912710866464512e-01,7.632871409298296328e-01,-6.071605678097924397e-01,6.584196107780504690e+02
4.001682263705247600e+00,7.290582967666159320e+00,3.318602098269511913e+00,-2.909690940449745633e-01,8.073208656192836230e-01,-5.133906955198714872e-01,6.601265468305502964e+02
4.108432594889886325e+00,7.525009041354612016e+00,3.065027109351088352e+00,-3.731331206317599070e-01,8.448649212507864936e-01,-3.833731069434929695e-01,6.618334828830501237e+02
4.202363377416753032e+00,7.758235004643793786e+00,2.803376391606751561e+00,-4.613816021638987297e-01,8.619493106871951582e-01,-2.101675593200407477e-01,6.635404189355499511e+02
4.284152837717598139e+00,7.990477424886176294e+00,2.534333725813159521e+00,-5.416568603723760367e-01,8.405994338903406415e-01,6.613280419561718077e-04,6.652473549880497785e+02
4.355180568121451934e+00,8.221871474082934839e+00,2.258701867858613266e+00,-5.962020960231931843e-01,7.711809414493416837e-01,2.232106992123320810e-01,6.669542910405496059e+02
4.416768488029577000e+00,8.452536916609831863e+00,1.977248018460801227e+00,-6.163738072902497089e-01,6.646942242601934225e-01,4.222143033125025369e-01,6.686612270930494333e+02
4.470187933091590793e+00,8.682579189914003237e+00,1.690707962966496725e+00,-6.083875771654869702e-01,5.454618782833910995e-01,5.764858153417684594e-01,6.703681631455492607e+02
4.516666476706967970e+00,8.912090352084554468e+00,1.399790041636166382e+00,-5.848596480793736285e-01,4.332929857602931811e-01,6.857086703107972969e-01,6.720750991980490880e+02
4.557394519996302407e+00,9.141149903420904721e+00,1.105178971835790280e+00,-5.558641579403150734e-01,3.368474372140972672e-01,7.599663426491988227e-01,6.737820352505489154e+02
4.593531685189100600e+00,9.369825488152338622e+00,8.075395427608516030e-01,-5.268971230140105932e-01,2.571570165089692717e-01,8.100923963473328770e-01,6.754889713030487428e+02
4.626213046349715086e+00,9.598173481539872043e+00,5.075202026285445811e-01,-5.002695765629314728e-01,1.921339441874541087e-01,8.442836598303425921e-01,6.771959073555485702e+02
4.656555230514391575e+00,9.826239466704167924e+00,2.057565576944944130e-01,-4.766543079727059706e-01,1.390222413356720643e-01,8.680285059288471716e-01,6.789028434080483976e+02
4.685662421637758257e+00,1.005405860466410317e+01,-9.712519802547679715e-02,-4.560122493159510237e-01,9.531854649126868251e-02,8.848543400857560304e-01,6.806097794605482250e+02
4.714632299241425351e+00,1.028165590023662901e+01,-4.005049038218911894e-01,-4.380439928770734070e-01,5.899683421435417130e-02,8.970155148362788378e-01,6.823167155130480523e+02
4.722489581232762745e+00,1.034264670885296411e+01,-4.818722234393198467e-01,-4.223874407570766820e-01,2.848686581763342288e-02,9.059676309706516939e-01,6.827744209999352734e+02
