1.740029138148872834e+00,3.358539260989635622e+00,4.432087826274284659e+00,1.064529442373896018e-05,0.000000000000000000e+00,1.000000000000000000e+00,0.000000000000000000e+00
1.331243190318863734e+00,3.798366481430436536e+00,4.352314355334690354e+00,1.624365982885274673e-01,-8.859033575121511017e-02,9.827339945010238331e-01,1.850856311123197262e+00
9.338296457379899884e-01,4.228823809336890172e+00,4.266985321086584904e+00,4.383504387082095000e-01,-2.390797208482875746e-01,8.664235569070275478e-01,3.701712622246394524e+00
5.572710369128065500e-01,4.638590300390366572e+00,4.170537570956187601e+00,7.714620236905880279e-01,-4.207674388671558408e-01,4.772851436954608784e-01,5.552568933369592230e+00
2.112166686020503781e-01,5.016061430752437822e+00,4.057350643245484889e+00,8.766818306338183264e-01,-4.781594212050833126e-01,-5.284444861437025825e-02,7.403425244492789048e+00
-9.438990173771825976e-02,5.349229208024655513e+00,3.921717797662654714e+00,8.121266027199630644e-01,-4.429516579047151903e-01,-3.797949577258702969e-01,9.254281555615985866e+00
-3.491806307788110630e-01,5.625557192990322086e+00,3.757816601147800473e+00,7.364167869781474973e-01,-4.016590254259138626e-01,-5.443898815653051004e-01,1.110513786673918268e+01
-5.469540419793820218e-01,5.837158254184373618e+00,3.562150209409811641e+00,7.637201755131137748e-01,-4.070567356391786018e-01,-5.010352357718911298e-01,1.295599417786237950e+01
-6.902519087241586471e-01,5.986066683752703455e+00,3.336000635215619514e+00,7.922949285816955900e-01,-4.118802582589352612e-01,-4.501370891187247980e-01,1.480685048898557632e+01
-7.855669324937272213e-01,6.079016177402991161e+00,3.082964064230425905e+00,8.215132469433447104e-01,-4.156510867903208672e-01,-3.903205850920861142e-01,1.665770680010877314e+01
-8.386749496248490088e-01,6.122217537273614951e+00,2.806498098768153149e+00,8.503098026706462642e-01,-4.176934954762282493e-01,-3.201646190931420333e-01,1.850856311123197173e+01
-8.455574528546518920e-01,6.126188416862420105e+00,2.745237091779449301e+00,8.770335890507654497e-01,-4.171010403031443214e-01,-2.384089047304397413e-01,1.890251503532305932e+01
-8.599631215819452112e-01,6.123668562081500788e+00,2.448185168481898710e+00,8.993417903789492351e-01,-4.127442092187286748e-01,-1.443141082305965661e-01,2.075337134644625792e+01
-8.427768932415834469e-01,6.083638798800457437e+00,2.135218238893804354e+00,9.142419474303725702e-01,-4.033659353440404716e-01,-3.817831534716372571e-02,2.260422765756945651e+01
-7.980667968771721910e-01,6.011074664463917472e+00,1.809485022155087330e+00,9.184245132103214804e-01,-3.878106557315997294e-01,7.809807190584582004e-02,2.445508396869265511e+01
-7.294783684864781792e-01,5.910649905852543462e+00,1.474068436258864301e+00,9.089694194201198840e-01,-3.653819973375311836e-01,2.006753362540762142e-01,2.630594027981585370e+01
-6.402869618815713038e-01,5.786781036826156743e+00,1.132001488300700354e+00,8.842869197861253916e-01,-3.362134220370306403e-01,3.240326809710963873e-01,2.815679659093905229e+01
-5.334445951216280069e-01,5.643669655291962961e+00,7.862829074736645829e-01,8.448571085544951398e-01,-3.014377931134599176e-01,4.419861117816091811e-01,3.000765290206225089e+01
-4.116219890444166585e-01,5.485342911037503377e+00,4.398926013829144166e-01,7.932795232220376525e-01,-2.629938042593954473e-01,5.491282700406048267e-01,3.185850921318544948e+01
-2.772463852732552358e-01,5.315692501984044860e+00,9.580701534568847322e-02,7.335351397787616134e-01,-2.231329534856578145e-01,6.419796599414346883e-01,3.370936552430864452e+01
-1.325356700407110955e-01,5.138512565679259403e+00,-2.429855261517686882e-01,6.698851877379283781e-01,-1.838892584389009432e-01,7.193320345154324835e-01,3.556022183543183957e+01
2.047072365806742317e-02,4.957536825407414582e+00,-5.734694167671093856e-01,6.059722023829051674e-01,-1.467503971467326029e-01,7.818324698274480289e-01,3.741107814655503461e+01
1.798837104238375506e-01,4.776475346128740362e+00,-8.925862249969015449e-01,5.444020122858975741e-01,-1.125878194833063034e-01,8.312342822111344898e-01,3.926193445767822965e+01
3.439388597128001379e-01,4.599051254567667613e+00,-1.197218930140278914e+00,4.867437282547983357e-01,-8.175936119873949970e-02,8.697102677679464655e-01,4.111279076880142469e+01
5.109727687360514636e-01,4.429037780189358564e+00,-1.484175856277350825e+00,4.337451458272977844e-01,-5.427062333131627003e-02,8.993997153182152759e-01,4.296364707992461973e+01
6.794011854122744554e-01,4.270295979599968206e+00,-1.750174221449504852e+00,3.855944302686575287e-01,-2.992246890688126174e-02,9.221830518938776144e-01,4.481450339104781477e+01
8.476985932645654254e-01,4.126813516162127549e+00,-1.991823217252233880e+00,3.421422461676195126e-01,-8.418307444136425427e-03,9.396104594389912412e-01,4.666535970217100981e+01
1.016042735780097850e+00,4.003752431814340262e+00,-2.203570738229868375e+00,2.765751911707448052e-01,1.280913467481953165e-02,9.609069100062441748e-01,4.851621601329420486e+01
1.132710509974481417e+00,3.932835976175008241e+00,-2.329799392969203797e+00,2.084741522303283912e-01,3.431141523324469922e-02,9.774258307598269191e-01,4.978517605199753859e+01
1.308908062181055820e+00,3.856359740470663322e+00,-2.476097428675118284e+00,1.388749738534493794e-01,5.574431224683626396e-02,9.887397601438565609e-01,5.163603236312073363e+01
1.497316953732225064e+00,3.822590386241556448e+00,-2.562163204727060162e+00,6.890256650441640984e-02,7.676141226147641106e-02,9.946658342964878052e-01,5.348688867424392868e+01
1.703669492582515765e+00,3.840724818192332357e+00,-2.575535355350270450e+00,-3.182420956568052239e-04,9.704156348154953371e-02,9.952802789561465691e-01,5.533774498536712372e+01
1.932083188634249549e+00,3.912960545426320991e+00,-2.509559744477892096e+00,-2.730029941007184636e-04,8.322643128238479959e-02,9.965306250213104011e-01,5.718860129649031876e+01
1.984226018912291112e+00,3.934411506418182825e+00,-2.486238796580707344e+00,-2.276676457658669960e-04,6.938193482644092192e-02,9.975901439404775140e-01,5.758949197816027521e+01
2.236144007232933273e+00,4.048350771524354741e+00,-2.343776531907878713e+00,-1.822621121827507301e-04,5.551603284074012323e-02,9.984577792166018373e-01,5.944034828928347025e+01
2.508440160194854052e+00,4.180480316763799387e+00,-2.140890567142817780e+00,-1.368126220695257912e-04,4.163673506016311171e-02,9.991328057750060720e-01,6.129120460040666529e+01
2.799878064831552216e+00,4.311699090998459383e+00,-1.888357907662733259e+00,-9.134549568861084485e-05,2.775207912735115981e-02,9.996148327031315617e-01,6.314206091152986033e+01
3.109287381814392237e+00,4.422905959286445920e+00,-1.596699665527539613e+00,-4.588706868892982507e-05,1.387010733576326052e-02,9.999038043816371735e-01,6.499291722265306248e+01
3.435546972861203141e+00,4.494804816824510496e+00,-1.276235288310169302e+00,-4.636159474099297807e-07,-1.156627263298117030e-06,9.999999999992237321e-01,6.684377353377625752e+01
3.775863098792574757e+00,4.514715464046203941e+00,-9.354465271091892964e-01,-9.553666119522202793e-02,2.647250600589626940e-02,9.950738428847566430e-01,6.869462984489945256e+01
4.124118131340000382e+00,4.483469103357712093e+00,-5.793319325476040671e-01,-2.141477453788073748e-01,5.934037829720657103e-02,9.749971603305918055e-01,7.054548615602264761e+01
4.375154877975881540e+00,4.435650985933596857e+00,-3.164859139003246002e-01,-3.573730441256080526e-01,9.902903153421234450e-02,9.286968064152003599e-01,7.187523843763420928e+01
4.718745646989741083e+00,4.339918003217999143e+00,5.617659774943385004e-02,-5.194385829442200730e-01,1.439384804070802937e-01,8.422976151022874003e-01,7.372609474875740432e+01
5.048577783021031884e+00,4.212425230886556626e+00,4.351226233059063975e-01,-6.822178159111981222e-01,1.890457619873138484e-01,7.062864514685174289e-01,7.557695105988059936e+01
5.356910108651571356e+00,4.059727145821543814e+00,8.172394977333922172e-01,-8.186612323578188466e-01,2.268552849206393052e-01,5.275703425496479637e-01,7.742780737100379440e+01
5.635775128722396943e+00,3.888181534229889103e+00,1.199430899440841580e+00,-9.090169955583070616e-01,2.518936629264477700e-01,3.320206083417800436e-01,7.927866368212698944e+01
5.876869239282756396e+00,3.704016356014192546e+00,1.578600890948504976e+00,-9.529937121840842407e-01,2.640801120114479317e-01,1.485418425145589860e-01,8.112951999325018448e+01
6.071439050123934145e+00,3.513396139015151132e+00,1.951637961531815346e+00,-9.636628251400969347e-01,2.670367870733353355e-01,-6.731552016964488863e-03,8.298037630437337953e+01
6.210162276893132827e+00,3.322488614578608779e+00,2.315398989576646471e+00,-9.553619461178193273e-01,2.647367233318688728e-01,-1.311412186517969813e-01,8.483123261549657457e+01
6.293407152158654760e+00,3.137534331304320911e+00,2.666689966302221659e+00,-9.381269295776565320e-01,2.599609218143719702e-01,-2.287753988754485934e-01,8.668208892661976961e+01
6.333696154720296789e+00,2.963121771385410330e+00,3.002688679113191927e+00,-9.241968437291777638e-01,2.718982313401504536e-01,-2.682005701618169202e-01,8.853294523774296465e+01
6.337540206257918030e+00,2.800468876964046672e+00,3.321375462701417369e+00,-9.069875471256186872e-01,2.843474440408658155e-01,-3.106768746245534007e-01,9.038380154886615969e+01
6.303035133421061254e+00,2.649195582777307045e+00,3.621083642930952529e+00,-8.858717592013918285e-01,2.972019080443454864e-01,-3.562334236202881477e-01,9.223465785998935473e+01
6.227753105002120648e+00,2.509054179647875582e+00,3.900048724437432224e+00,-8.601557567660361725e-01,3.102985361707694123e-01,-4.047800545389129701e-01,9.408551417111254977e+01
6.108711030596991165e+00,2.379930903839501344e+00,4.156399295907769798e+00,-8.291065374112331909e-01,3.234056065341773256e-01,-4.560604820462045850e-01,9.593637048223574482e+01
6.040170690489269134e+00,2.323317144828372705e+00,4.268396326969590149e+00,-7.920010947210454066e-01,3.362136027849474407e-01,-5.096024717983923535e-01,9.679412193780937912e+01
5.864136706394438292e+00,2.208584046764071385e+00,4.494671654549476258e+00,-7.482024469193535587e-01,3.483333506285883896e-01,-5.646742204703103507e-01,9.864497824893257416e+01
5.647543552600991390e+00,2.106424580435124039e+00,4.696732089747964523e+00,-6.972620405854771386e-01,3.593067448252037499e-01,-6.202614850864854867e-01,1.004958345600557692e+02
5.396922180085685028e+00,2.018053134551838212e+00,4.876078466958778890e+00,-6.390386755148667053e-01,3.686349149490810162e-01,-6.750836027313124044e-01,1.023466908711789642e+02
5.118354489497481730e+00,1.944776367009634743e+00,5.034094545755475991e+00,-5.738114161109978406e-01,3.758255494815896935e-01,-7.276644934978980794e-01,1.041975471823021593e+02
4.817556894148676605e+00,1.888009610117906467e+00,5.172054143165485840e+00,-5.023530770572094406e-01,3.804548908805724383e-01,-7.764634324784427388e-01,1.060484034934253543e+02
4.499959091322661031e+00,1.849293763573618188e+00,5.291127699273395102e+00,-4.259299155439736362e-01,3.822322636363614801e-01,-8.200501226633202245e-01,1.078992598045485494e+02
4.170779116970611433e+00,1.830312879567186357e+00,5.392388309997129703e+00,-3.462085836724228538e-01,3.810498368291768134e-01,-8.572867889125510565e-01,1.097501161156717444e+02
3.835095710477384845e+00,1.832912643448489254e+00,5.476817258127757881e+00,-2.650809415411469194e-01,3.770018826718934402e-01,-8.874692529285208575e-01,1.116009724267949395e+02
3.497918981757655921e+00,1.859119954801998986e+00,5.545309071139616464e+00,-1.844476126822630069e-01,3.703670101651407309e-01,-9.103885741578419122e-01,1.134518287379181345e+02
3.164260351996010634e+00,1.911163817498185091e+00,5.598676131839087411e+00,-1.060152890938301784e-01,3.615595293817421840e-01,-9.263020377779618286e-01,1.153026850490413295e+02
2.839202731632314070e+00,1.991497753242499780e+00,5.637652865616361808e+00,-3.115322399836912420e-02,3.510654713777345282e-01,-9.358325231796746912e-01,1.171535413601645246e+02
2.527971904631124644e+00,2.102823961289234767e+00,5.662899525883056562e+00,3.917148467178800664e-02,3.393805597127793616e-01,-9.398331929005531160e-01,1.190043976712877196e+02
2.236010106754650728e+00,2.248119457306231972e+00,5.675005597206604691e+00,1.043869602918318790e-01,3.269624297230177556e-01,-9.392544554435993120e-01,1.208552539824109147e+02
1.969052817759133323e+00,2.430664436875153100e+00,5.674492833681889614e+00,1.642611343508274258e-01,3.142017984977595324e-01,-9.350377048881787223e-01,1.227061102935341097e+02
1.733209833616452977e+00,2.654073123809597590e+00,5.661817948200795314e+00,2.188240142281787648e-01,3.014110515241076871e-01,-9.280449497821737781e-01,1.245569666046573047e+02
1.608180691634937043e+00,2.804941515337558311e+00,5.649444225083384730e+00,2.682881619480800839e-01,2.888255134894751053e-01,-9.190219175384566341e-01,1.256568253670678814e+02
1.429057537807933764e+00,3.092412440773346205e+00,5.620767360936158141e+00,3.129795080949868691e-01,2.766121566753669825e-01,-9.085865629052755077e-01,1.275076816781910765e+02
1.299797122225720525e+00,3.431206858773349300e+00,5.580869080268172411e+00,3.532833449224508371e-01,2.648814910786053689e-01,-8.972339014350602104e-01,1.293585379893142715e+02
1.215667310978717719e+00,3.818268076195926675e+00,5.526764013874778669e+00,2.725827207498267013e-01,1.265775863444774940e-01,-9.537697704288117251e-01,1.312093943004374808e+02
1.175093296882673721e+00,4.075157527647580658e+00,5.484209994399842358e+00,1.840216656673749063e-01,-1.537641874719230389e-02,-9.828019089885388082e-01,1.323606956274096262e+02
1.106947730564209698e+00,4.496737178578187333e+00,5.393278318569256768e+00,2.446378304844365192e-01,-1.189521315147356734e-01,-9.622903523905709244e-01,1.342115519385328355e+02
1.035622087623295107e+00,4.922423273635689434e+00,5.266385549237011965e+00,3.024637319030911153e-01,-2.222946936830158260e-01,-9.268768850519626401e-01,1.360624082496560447e+02
9.688976109723268504e-01,5.344031795844672139e+00,5.099038663166184371e+00,3.549082712986311727e-01,-3.207734676568037013e-01,-8.781483367923934580e-01,1.379132645607792540e+02
9.225406238253691660e-01,5.675770268656862960e+00,4.936045621983769394e+00,3.689309090796674129e-01,-4.188385769431403616e-01,-8.297374469010636577e-01,1.393980053116916906e+02
8.770634971763620058e-01,6.080393138653999330e+00,4.698140932652512092e+00,3.787540316914219107e-01,-5.153984919328882253e-01,-7.687065616936009649e-01,1.412488616228148999e+02
8.479757359928495886e-01,6.476251416521229487e+00,4.421313503399438183e+00,3.836293097311661571e-01,-6.063412365896883038e-01,-6.965478142425520769e-01,1.430997179339381091e+02
8.377578638209608464e-01,6.865550181883508074e+00,4.108649202695788816e+00,3.833631873203811602e-01,-6.880562504394718282e-01,-6.161260121425916614e-01,1.449505742450613184e+02
8.491684090732308787e-01,7.250407766947343902e+00,3.763049185428805288e+00,3.783535305516018687e-01,-7.581180222335275332e-01,-5.311362069035234779e-01,1.468014305561845276e+02
8.849298967377392522e-01,7.630443191458631702e+00,3.389049742606808913e+00,3.935626651442113988e-01,-7.885930095302566833e-01,-4.724716858443453460e-01,1.486522868673077369e+02
9.384792220135015350e-01,7.961315909128071411e+00,3.038712868565492720e+00,4.102053404221921995e-01,-8.219404241771428588e-01,-3.951525247200274316e-01,1.503018789927656655e+02
1.024984313168178618e+00,8.316164022137868983e+00,2.635827255960852433e+00,4.271244203127654293e-01,-8.558416788210534421e-01,-2.917186150475228334e-01,1.521527353038888748e+02
1.142656769907219649e+00,8.645479947265272358e+00,2.231045145166872690e+00,4.412931919923658297e-01,-8.842320605562439262e-01,-1.529509129938358969e-01,1.540035916150120840e+02
1.294375641398068266e+00,8.940946097522207481e+00,1.834012480737141404e+00,4.463620210371602726e-01,-8.943886213920237971e-01,2.880868098502357630e-02,1.558544479261352933e+02
1.479874111720547836e+00,9.193348290354546037e+00,1.453538228936446464e+00,4.323558439215009486e-01,-8.663240351345737889e-01,2.501021598768720100e-01,1.577053042372585026e+02
1.692202941818213846e+00,9.391986312567842887e+00,1.096762860616282254e+00,3.907144271945505176e-01,-7.828859119432475255e-01,4.841816655583150442e-01,1.595561605483817118e+02
1.921142511193468794e+00,9.525144993459502274e+00,7.700720763322894680e-01,3.242668856719981285e-01,-6.497430318228593071e-01,6.875208938310327644e-01,1.614070168595049211e+02
2.156576837016637160e+00,9.580520119776696930e+00,4.800066411574545611e-01,2.479789040936693223e-01,-4.968825744880688844e-01,8.316334350509310136e-01,1.632578731706281303e+02
2.388349671969407062e+00,9.545092939112979735e+00,2.332960976730500402e-01,1.765172797703855045e-01,-3.536928301804645458e-01,9.185548605398572430e-01,1.651087294817513396e+02
2.606118752360440549e+00,9.404998493070594989e+00,3.689345196742538358e-02,1.164884802927591001e-01,-2.334113710100328698e-01,9.653753497175594500e-01,1.669595857928745488e+02
2.808415484439599652e+00,9.161626086131663627e+00,-1.031197269897035085e-01,6.836755788877699191e-02,-1.369900730039755044e-01,9.882102999497071050e-01,1.688104421039977581e+02
3.012044746838716147e+00,8.847786222108839027e+00,-1.831397732190064576e-01,3.027405164495897485e-02,-6.066100169492597005e-02,9.976992155305959287e-01,1.706612984151209673e+02
3.243424276275957752e+00,8.511668323750040344e+00,-2.013986846020634214e-01,-0.000000000000000000e+00,0.000000000000000000e+00,1.000000000000000000e+00,1.725121547262441766e+02
3.515834820184855047e+00,8.189532513682848958e+00,-1.588563103038812541e-01,-6.982498673585146864e-02,4.548467344229342041e-02,9.965217587735784033e-01,1.743630110373673858e+02
3.525775030900203610e+00,8.179045673557720164e+00,-1.564078538342146552e-01,-1.515633340106432581e-01,9.872982546174609297e-02,9.835044368724887853e-01,1.744258271816764250e+02
3.824845013485879797e+00,7.884304996416033440e+00,-5.886366508746120052e-02,-2.454831899839585718e-01,1.599101303697035570e-01,9.561206794335348480e-01,1.762766834927996342e+02
4.128182531899911467e+00,7.617555488552935294e+00,8.518370217440511538e-02,-3.497997608450215123e-01,2.278629561709449858e-01,9.086905966927377731e-01,1.781275398039228435e+02
4.425012337259252249e+00,7.376249627690500077e+00,2.670768034399034208e-01,-4.595651623119384466e-01,2.993652030653434770e-01,8.361700405915337697e-01,1.799783961150460527e+02
4.709954272418701571e+00,7.156421927794275106e+00,4.780476542532813844e-01,-5.665023028278211026e-01,3.690250933510104692e-01,7.368145094717217791e-01,1.818292524261692620e+02
4.977427953379167214e+00,6.954367343593644613e+00,7.094781451894335289e-01,-6.609193482113729923e-01,4.305292722619681878e-01,6.146789087689880082e-01,1.836801087372924712e+02
5.221579488921923584e+00,6.766605358819057336e+00,9.528556216456045558e-01,-7.353042436067660503e-01,4.789843144218461912e-01,4.794806522391865666e-01,1.855309650484156805e+02
5.436204138673139674e+00,6.589846934029084835e+00,1.199729007179203055e+00,-7.870494359136124274e-01,5.126916344559956373e-01,3.430750258863277113e-01,1.873818213595388897e+02
5.614663887351388105e+00,6.420964012408093780e+00,1.441665244239325405e+00,-8.182772668276141470e-01,5.330337463250298669e-01,2.151681664927067583e-01,1.892326776706620990e+02
5.749798841062410126e+00,6.256961316017926933e+00,1.670205827770115947e+00,-8.335982998532905919e-01,5.430140158037445319e-01,1.012405705357005137e-01,1.910835339817853082e+02
5.833831265122427112e+00,6.094950196971275602e+00,1.876823207648125713e+00,-8.378998020256317458e-01,5.458160560298374042e-01,2.958841908701970690e-03,1.929343902929085175e+02
5.858260980789315120e+00,5.932124338298520705e+00,2.052876835242482212e+00,-8.351919860094663139e-01,5.440521584196161831e-01,-8.038404956532353707e-02,1.947852466040317267e+02
5.820838264459042399e+00,5.767550268786448164e+00,2.189616815915055525e+00,-8.161890357622193504e-01,5.740067305810561127e-01,-6.596765229402512531e-02,1.966361029151549360e+02
5.799998127586427188e+00,5.718369661840388751e+00,2.223135022359124413e+00,-7.956646478852766879e-01,6.035673404139455522e-01,-5.122727487613434882e-02,1.971874998328848676e+02
5.709128508572753447e+00,5.555775962602120366e+00,2.305556312101796568e+00,-7.736545333927926649e-01,6.325714654887127919e-01,-3.622159590965880194e-02,1.990383561440080769e+02
5.590466688354452707e+00,5.400112867494517133e+00,2.327937177043194250e+00,-7.502166184608172195e-01,6.608580655415119409e-01,-2.101529428647673850e-02,2.008892124551312861e+02
5.461173366077155755e+00,5.255687741366260823e+00,2.280880261616660132e+00,-7.254308563581134406e-01,6.882716290300809892e-01,-5.677791455545034595e-03,2.027400687662544954e+02
5.415080042403952909e+00,5.207286981652867297e+00,2.249174894181664719e+00,-6.993981554294828040e-01,7.146661987772130464e-01,9.718256385085485838e-03,2.033966071663731157e+02
5.287055344457574968e+00,5.082762347154178073e+00,2.120192539192916392e+00,-6.722384349168827322e-01,7.399091462326279345e-01,2.509864422241870480e-02,2.052474634774963249e+02
5.159933595828504416e+00,4.982779177004358573e+00,1.928286465938049865e+00,-6.440878889940978569e-01,7.638844730516866077e-01,4.038939318278578910e-02,2.070983197886195342e+02
5.029445287157577660e+00,4.914051294626306188e+00,1.685010277521715505e+00,-6.150956028153042876e-01,7.864954505430178378e-01,5.551851648245621079e-02,2.089491760997427434e+02
4.891345087844967132e+00,4.883643151650607805e+00,1.401652800721693959e+00,-5.854197144139812181e-01,8.076664586654702660e-01,7.041767904603939143e-02,2.108000324108659527e+02
4.741358145988185946e+00,4.899041763380326486e+00,1.089296271840571428e+00,-5.552233466353591052e-01,8.273439502194026574e-01,8.502366368480306080e-02,2.126508887219891619e+02
4.708486482868945444e+00,4.907748485028202268e+00,1.021535116334129745e+00,-5.246705407297228563e-01,8.454965344040235031e-01,9.927957494452824272e-02,2.130373733804356675e+02
4.543359363966548159e+00,4.976844959757944942e+00,6.903679886024955970e-01,-5.121035943096446941e-01,8.367520923749700579e-01,1.938964790842076513e-01,2.148882296915588768e+02
4.365964493033287930e+00,5.094549995879424920e+00,3.496288999200965475e-01,-4.919042549978038803e-01,8.172639517704981538e-01,3.001830059339206103e-01,2.167390860026820860e+02
4.180677231021717510e+00,5.254505153915579818e+00,5.216159096039892779e-03,-4.619703546405469208e-01,7.834090580903818601e-01,4.157567066629567765e-01,2.185899423138052953e+02
3.991703342909564078e+00,5.450749376182546513e+00,-3.369908601341161658e-01,-4.207907907485286536e-01,7.321875446239628493e-01,5.355711996726115753e-01,2.204407986249285045e+02
3.803139804629025456e+00,5.677659364804356734e+00,-6.711014151237943981e-01,-3.683306505777984574e-01,6.626503607149021313e-01,6.520943423227545388e-01,2.222916549360517138e+02
3.619033544311219153e+00,5.929892942559324531e+00,-9.911830317335791340e-01,-3.066690658077398934e-01,5.771024099999729762e-01,7.569061318610328382e-01,2.241425112471749230e+02
3.443438942468783903e+00,6.202334832578876522e+00,-1.291230926654053590e+00,-2.397645431635131996e-01,4.810356392986396279e-01,8.432779361314637345e-01,2.259933675582981323e+02
3.280474893273528814e+00,6.490044311346625072e+00,-1.565137057026225298e+00,-1.722764394009914379e-01,3.814939784082215235e-01,9.081757389765396926e-01,2.278442238694213415e+02
3.134382217660563352e+00,6.788204202445377256e+00,-1.806658637832902148e+00,-1.081788651191640110e-01,2.848916360174573725e-01,9.524358712631660895e-01,2.296950801805445508e+02
3.009582218407370391e+00,7.092070686121564549e+00,-2.009385964790646018e+00,-4.998212627264662228e-02,1.956147520679891172e-01,9.794062772040235121e-01,2.315459364916677600e+02
2.910737177527380926e+00,7.396923401983164226e+00,-2.166709376892479000e+00,1.270775055453924251e-03,1.158169168312461056e-01,9.932697654245107310e-01,2.333967928027909693e+02
2.838792919749998145e+00,7.698248971809785957e+00,-2.274167319184794867e+00,1.021052476496530975e-03,6.958145456045940203e-02,9.975757508245129968e-01,2.352476491139141785e+02
2.806230240274378396e+00,7.871740823678987198e+00,-2.316898343849240760e+00,7.674679117844760215e-04,2.289109997417102665e-02,9.997376698589369726e-01,2.363296711741592162e+02
2.758466892642164492e+00,8.160549058556735957e+00,-2.357365245553941335e+00,5.116452789287242184e-04,-2.395177229125268481e-02,9.997129842225800367e-01,2.381805274852824255e+02
2.714276775541510478e+00,8.434912608371401888e+00,-2.351319067216397940e+00,2.552631256894761190e-04,-7.063980865714566959e-02,9.975018557745236603e-01,2.400313837964056347e+02
2.663129782571259430e+00,8.690897535173057520e+00,-2.300602644907565608e+00,0.000000000000000000e+00,-1.168706797253571267e-01,9.931471412739065752e-01,2.418822401075288440e+02
2.624389617905138028e+00,8.843829859508044677e+00,-2.248880636672934585e+00,1.361028827533594839e-02,-1.421501540889093251e-01,9.897515313176139529e-01,2.430571716287985566e+02
2.552333653456316576e+00,9.069420653792311882e+00,-2.139134374106906655e+00,2.899278457490486738e-02,-1.706035373821443712e-01,9.849131187446394931e-01,2.449080279399217659e+02
2.466868254316413100e+00,9.274986863128738435e+00,-1.992273082728159173e+00,4.645721922024324824e-02,-2.027557582304373718e-01,9.781266938831200131e-01,2.467588842510449751e+02
2.370217023833842696e+00,9.462070623148925108e+00,-1.811624294227794030e+00,6.636708822634522498e-02,-2.392108060140149817e-01,9.686968565482608762e-01,2.486097405621681844e+02
2.264466338190746164e+00,9.632009486166264622e+00,-1.600341389823738192e+00,8.913901006899353774e-02,-2.806418508251503630e-01,9.556643701893222653e-01,2.504605968732913936e+02
2.151591663359140316e+00,9.785950982746204119e+00,-1.361419853694441962e+00,1.152297857170947182e-01,-3.277554152019068745e-01,9.377091682869578282e-01,2.523114531844146029e+02
2.033482503560061438e+00,9.924865053545252280e+00,-1.097712712566995652e+00,1.450985115841166018e-01,-3.812060251270396605e-01,9.130325231572623546e-01,2.541623094955378122e+02
1.911966298932439967e+00,1.004955448719150368e+01,-8.119452410396258424e-01,1.791228075778155127e-01,-4.414241631418254763e-01,8.792381520384451310e-01,2.560131658066609930e+02
1.788831577117608651e+00,1.016066347731139885e+01,-5.067290084328888167e-01,2.174399166749615142e-01,-5.083093279878078130e-01,8.332715702080379927e-01,2.578640221177842022e+02
1.665850654378302265e+00,1.025868439037108715e+01,-1.845753395706947741e-01,2.596861206948057887e-01,-5.807535900444609211e-01,7.715493414999152755e-01,2.597148784289074115e+02
1.544802176584031628e+00,1.034396281555092756e+01,1.520917411263958130e-01,3.046488404735018807e-01,-6.560487528364485899e-01,6.904991802311506444e-01,2.615657347400306207e+02
1.427493788840958455e+00,1.041670094818111814e+01,5.009230155182599065e-01,3.499617350847782915e-01,-7.294491850457157645e-01,5.877335028842515241e-01,2.634165910511538300e+02
1.315785224714000057e+00,1.047695933909372989e+01,8.596319631951564455e-01,3.921444490208298994e-01,-7.944482768186049704e-01,4.637614328101239414e-01,2.652674473622770392e+02
1.211612111918293433e+00,1.052465702336923492e+01,1.225982976089011967e+00,4.273140480648796036e-01,-8.442860957856308524e-01,3.233940209550302813e-01,2.671183036734002485e+02
1.117010801123927699e+00,1.055957002316020166e+01,1.597779835500513945e+00,4.524743627677146884e-01,-8.743475942485090524e-01,1.754515188586152075e-01,2.689691599845234578e+02
1.034144538249922807e+00,1.058132820033430121e+01,1.972854392149137936e+00,4.666156439128510969e-01,-8.839424889295071086e-01,3.025751346200592981e-02,2.708200162956466670e+02
9.653313185006171526e-01,1.058941041536931671e+01,2.349055390898401541e+00,4.708209313640643323e-01,-8.761226073649643897e-01,-1.036186636349433615e-01,2.726708726067698763e+02
9.130081104051510632e-01,1.058313631082897288e+01,2.724230822031480148e+00,4.674350126964069152e-01,-8.558906437126260203e-01,-2.212593837799801122e-01,2.745217289178930855e+02
8.789983208767504497e-01,1.056163973581843152e+01,3.096238463885299996e+00,4.590398192526319865e-01,-8.282777513870196451e-01,-3.213073464733938178e-01,2.763725852290162948e+02
8.639019760603398046e-01,1.052385074266845777e+01,3.462969596994573962e+00,4.478070140793298237e-01,-7.972623117395609693e-01,-4.047736212020812130e-01,2.782234415401395040e+02
8.678657480516726030e-01,1.046851262332301857e+01,3.822316500432073383e+00,4.352955300235641922e-01,-7.655351645531187632e-01,-4.737865694319896570e-01,2.800742978512627133e+02
8.912813386946334404e-01,1.039418796897602526e+01,4.172133392764065363e+00,4.225092097931303914e-01,-7.347080342980666368e-01,-5.307448275563837470e-01,2.819251541623859225e+02
9.347888806904212089e-01,1.029924215722090608e+01,4.510225372069866623e+00,4.100394420809279628e-01,-7.056337673905069829e-01,-5.778828966635378706e-01,2.837760104735091318e+02
9.626065546249878979e-01,1.024586365263531285e+01,4.671954426702243701e+00,3.982025253986920532e-01,-6.786847500613978346e-01,-6.171075747389606070e-01,2.846836957115671680e+02
1.033264945455691475e+00,1.012179490727221420e+01,4.991499022120024165e+00,3.871434898133884750e-01,-6.539515086368725694e-01,-6.499748784735215335e-01,2.865345520226903773e+02
1.126497105985416525e+00,9.972413338529579008e+00,5.293159827147983165e+00,3.769061960407780743e-01,-6.313707193041321331e-01,-6.777261498507000104e-01,2.883854083338135865e+02
1.243822651097982845e+00,9.795293107617428774e+00,5.574493745640647369e+00,3.674777802377772185e-01,-6.108027605200673227e-01,-7.013416205905514955e-01,2.902362646449367958e+02
1.387062108449849118e+00,9.587713271387562131e+00,5.832952910744756636e+00,3.588157289843061926e-01,-5.920765985521623254e-01,-7.215930806766113204e-01,2.920871209560600050e+02
1.555636146029576672e+00,9.347143202548107155e+00,6.065559637352099465e+00,3.112922175967996474e-01,-5.136587458754741098e-01,-7.995322682977228368e-01,2.939379772671832143e+02
1.743839019049463701e+00,9.071757568479613454e+00,6.268579159146086432e+00,2.555423180607498401e-01,-4.216666501544616419e-01,-8.699973332301963458e-01,2.957888335783064235e+02
1.943490732274615551e+00,8.759941606336404618e+00,6.437812293647731110e+00,1.933709455016709433e-01,-3.190785755003857083e-01,-9.277912157874930177e-01,2.976396898894296328e+02
2.144328612286884539e+00,8.411957663700121657e+00,6.569068720515055304e+00,1.277711591162238036e-01,-2.108333252188887841e-01,-9.691356148007578275e-01,2.994905462005528420e+02
2.190950589186204667e+00,8.325481888100462413e+00,6.595010460359502780e+00,6.225844359881485546e-02,-1.027317493062021997e-01,-9.927588195957469663e-01,2.999271713911533652e+02
2.374634644630698954e+00,7.944656272872656189e+00,6.682012696138269092e+00,-0.000000000000000000e+00,-0.000000000000000000e+00,-1.000000000000000000e+00,3.017780277022765745e+02
2.523049671423871931e+00,7.540703682375434092e+00,6.724654924877485840e+00,0.000000000000000000e+00,-0.000000000000000000e+00,-1.000000000000000000e+00,3.036288840133997837e+02
2.618505893223949776e+00,7.120006621214865383e+00,6.720856568419862676e+00,0.000000000000000000e+00,8.029142491245429281e-03,-9.999677659159095233e-01,3.054797403245229930e+02
2.652490422845346973e+00,6.692436012531015166e+00,6.670737589435007386e+00,-6.757390781958780117e-04,5.735304056709103655e-03,-9.999833246930047714e-01,3.073305966356462022e+02
2.635430228885222714e+00,6.274878511005534065e+00,6.579059018762215771e+00,-1.351493607900386114e-03,3.441367253960345238e-03,-9.999931652048683617e-01,3.091814529467694115e+02
2.587073849951280202e+00,5.887741676819433501e+00,6.452807586094168713e+00,-2.027251995653762441e-03,1.147371435359134705e-03,-9.999972868903872492e-01,3.110323092578926207e+02
2.526952864583225988e+00,5.551593011093957308e+00,6.298791822554438369e+00,-2.703002647201274266e-03,-1.146644041672554128e-03,-9.999956894827751741e-01,3.128831655690158300e+02
2.474649662741848388e+00,5.287369963194279876e+00,6.123677153819607533e+00,-3.378733968487812166e-03,-3.440639818026824340e-03,-9.999883730096129630e-01,3.147340218801390392e+02
2.449843252691852769e+00,5.138201384903083202e+00,5.975532944564231563e+00,-4.054434366652480068e-03,-5.734576536286262703e-03,-9.999753377928457532e-01,3.161938087878727970e+02
2.457447175993966226e+00,5.044152099154615598e+00,5.780871187457391258e+00,-4.730092251022989698e-03,-8.028414844100014922e-03,-9.999565844487389166e-01,3.180446650989960062e+02
2.529979906526297118e+00,5.064512600046285229e+00,5.582640363578940779e+00,-0.000000000000000000e+00,-2.041017182454783752e-01,-9.789496864544384724e-01,3.198955214101192155e+02
2.584717468404614138e+00,5.101363216711121140e+00,5.492849729153594929e+00,5.041093347684993606e-04,5.730634288338971871e-02,-9.983565139463507210e-01,3.207324268073650728e+02
2.758467171599626067e+00,5.208888945748427979e+00,5.297543116196776758e+00,1.008218677925696444e-03,3.344221909707087437e-01,-9.424228253185765736e-01,3.225832831184882821e+02
3.015541133643791394e+00,5.330170534129258009e+00,5.111146540638571878e+00,1.404255719029633013e-03,5.678369893911263677e-01,-8.231398311010698077e-01,3.244341394296114913e+02
3.316961048199819295e+00,5.425900114211810177e+00,4.950398466817399701e+00,-1.235581606570649443e-01,5.284106868413140923e-01,-8.399497169277060360e-01,3.261312004893666767e+02
3.698858205961602419e+00,5.504826661559222956e+00,4.784116960380484507e+00,-2.677935980697893070e-01,4.702162493409159372e-01,-8.409418931701512223e-01,3.279820568004898860e+02
4.113906234519792093e+00,5.559771357155504745e+00,4.623008531440056856e+00,-4.233366291880435450e-01,3.905473352254166253e-01,-8.174710253801238391e-01,3.298329131116130952e+02
4.537604860864674627e+00,5.594233908797864530e+00,4.462207464395627099e+00,-5.752952156663058148e-01,2.917634184988170953e-01,-7.641397270508468731e-01,3.316837694227363045e+02
4.945606595653916138e+00,5.611691746561232819e+00,4.296849627785067405e+00,-7.067192723746735794e-01,1.825653260374284492e-01,-6.835332996885077339e-01,3.335346257338595137e+02
5.313386238632165970e+00,5.615635517520653153e+00,4.122047403160163270e+00,-8.066845713705304011e-01,7.470992470266150931e-02,-5.862409312421527074e-01,3.353854820449827230e+02
5.615908345366007026e+00,5.609607241357303486e+00,3.932864492903358045e+00,-8.741099176849399521e-01,-2.243908176844360003e-02,-4.852095829785482151e-01,3.372363383561059322e+02
5.827288171199649369e+00,5.597241547888153868e+00,3.724290477138408662e+00,-9.148120321047221726e-01,-1.045983586961785478e-01,-3.901001528767892856e-01,3.390871946672291415e+02
5.932052435595335460e+00,5.580875691021195628e+00,3.493395256394332016e+00,-9.219626891481549347e-01,6.284880067829841377e-02,-3.821450353884008333e-01,3.409380509783523507e+02
5.936521901758315067e+00,5.560030480646219075e+00,3.241494216837424336e+00,-8.996326041404210105e-01,2.459098396974323253e-01,-3.608178602945089075e-01,3.427889072894755600e+02
5.912858499215341013e+00,5.548839956974915388e+00,3.120491970352738953e+00,-8.437611117806819161e-01,4.266844123511284725e-01,-3.255880810214031862e-01,3.436390792642889096e+02
5.816969058016701055e+00,5.519329024990850208e+00,2.848137219784866669e+00,-7.602320436549849791e-01,5.861351320917470575e-01,-2.801657486702380795e-01,3.454899355754121189e+02
5.659941214047376157e+00,5.480007161622267198e+00,2.563312509415753837e+00,-6.621269057880017073e-01,7.129750327387287534e-01,-2.307695025838888137e-01,3.473407918865353281e+02
5.456086594396402312e+00,5.428364214915585073e+00,2.269235543458501425e+00,-7.683825862921080940e-01,6.243349360915971813e-01,-1.406914661895037333e-01,3.491916481976585374e+02
5.219054650838156562e+00,5.361658008971637912e+00,1.969076337294762835e+00,-8.864933139733652823e-01,4.627401286697404581e-01,-1.085172443678562556e-03,3.510425045087817466e+02
4.962015441653217174e+00,5.276890778708347440e+00,1.665973556647185161e+00,-9.621200173939332689e-01,1.934291023961193789e-01,1.921204166040902939e-01,3.528933608199049559e+02
4.697835648084764948e+00,5.170781635631731987e+00,1.363050695166805104e+00,-9.117810273467895632e-01,-1.416346674991358912e-01,3.854801929189646814e-01,3.547442171310281651e+02
4.439800480042594977e+00,5.039733429208083315e+00,1.063534477941742384e+00,-7.542652240213534309e-01,-4.173897076021177432e-01,5.068232471185948329e-01,3.565950734421513744e+02
4.202340875747179183e+00,4.879789465195154108e+00,7.708737970833481334e-01,-5.864119964505516425e-01,-5.868885149985693106e-01,5.582856270598879345e-01,3.584459297532745836e+02
4.000675156896043916e+00,4.686585158422679420e+00,4.886551841783400851e-01,-4.525250859952980598e-01,-6.821661243948012876e-01,5.743434732571831569e-01,3.602967860643977929e+02
3.843941843235517464e+00,4.458545438833869667e+00,2.203717094713545099e-01,-4.193327761291841260e-01,-6.339069237148201585e-01,6.498630893736038194e-01,3.621476423755210021e+02
3.728844096552689447e+00,4.200176883221092616e+00,-3.070629655381875572e-02,-3.790311187171605534e-01,-5.750612946751691990e-01,7.250102884859883634e-01,3.639984986866442114e+02
3.691975634771213155e+00,4.092772176877915946e+00,-1.249337850497674179e-01,-3.316979332078387466e-01,-5.056938971531836913e-01,7.963982442771162518e-01,3.647253875737964108e+02
3.613331188807554994e+00,3.809680737362136416e+00,-3.512891521139545614e-01,-2.782131243093389772e-01,-4.270588884792340112e-01,8.603593221630817522e-01,3.665762438849196201e+02
3.555384065397005688e+00,3.514654913622385912e+00,-5.523087974440810122e-01,-2.202832558329492485e-01,-3.416471131675490880e-01,9.136479285063340283e-01,3.684271001960428293e+02
3.509900003571847726e+00,3.214960520877400363e+00,-7.245229991656761959e-01,-1.602064717187660081e-01,-2.528469537309474546e-01,9.541500429221834167e-01,3.702779565071660386e+02
3.468887670622347486e+00,2.917877698708760903e+00,-8.643135639013871385e-01,-1.004376761079389252e-01,-1.643032323536484929e-01,9.812832012503729384e-01,3.721288128182892478e+02
3.424490715731200119e+00,2.630773581890166302e+00,-9.678951775617555819e-01,-4.313316769080267205e-02,-7.923836879575461845e-02,9.959220907056661742e-01,3.739796691294124571e+02
3.368882400761669782e+00,2.361176669612234491e+00,-1.031295894748810449e+00,1.014875153428117759e-02,-0.000000000000000000e+00,9.999485000950276703e-01,3.758305254405356663e+02
3.298419637175157515e+00,2.113856922345646261e+00,-1.051570044163153472e+00,8.468653684572223159e-03,2.307112294156761501e-02,9.996979569805000132e-01,3.776813817516588756e+02
3.217813729200353912e+00,1.887835174528310844e+00,-1.028016423722701855e+00,6.780393701467445772e-03,4.617950577072391788e-02,9.989101458629924268e-01,3.795322380627820849e+02
3.198819371122976207e+00,1.838769338369514061e+00,-1.017424653710284455e+00,5.086665158391419535e-03,6.928791848321100288e-02,9.975837359288844963e-01,3.799530943645483489e+02
3.117808724787771713e+00,1.631120017530967470e+00,-9.479527981366174805e-01,3.390196817627753097e-03,9.235901063954307655e-02,9.957200006624465916e-01,3.818039506756715582e+02
3.046408202116469344e+00,1.436796373313873332e+00,-8.351139976199712933e-01,1.693730703888545602e-03,1.153556124585295578e-01,9.933228145726947789e-01,3.836548069867947675e+02
2.993475505383265567e+00,1.252165057168708184e+00,-6.787543611292389256e-01,-0.000000000000000000e+00,1.382410334876689184e-01,9.903986150334931349e-01,3.855056632979179767e+02
2.986268157257629063e+00,1.220409672391508327e+00,-6.472899096742769087e-01,4.623791165201015342e-07,1.765601600291074602e-01,9.842898505472269521e-01,3.858311587831501015e+02
2.958401978350339689e+00,1.043335516881237046e+00,-4.473147600303317151e-01,1.016768949955511257e-06,2.222294409734975051e-01,9.749943977088140201e-01,3.876820150942733108e+02
2.954254126579659356e+00,8.732689123385588559e-01,-2.088695969452334378e-01,1.688702329854125265e-06,2.771756543910877113e-01,9.608192632384201515e-01,3.895328714053965200e+02
2.970859056469676851e+00,7.108393580454051008e-01,6.375690723920025837e-02,2.510847403072896784e-06,3.437871565085788839e-01,9.390475978423253878e-01,3.913837277165197293e+02
3.005539781150631473e+00,5.567756073604246403e-01,3.664522605958515644e-01,3.522394564981930690e-06,4.247727926256291697e-01,9.052999915125465868e-01,3.932345840276429385e+02
3.055872572914182683e+00,4.119110218324763539e-01,6.952589546459073677e-01,4.762720211202886300e-06,5.225001398778731376e-01,8.526391990783201980e-01,3.950854403387661478e+02
3.119655162003245774e+00,2.771902458850236672e-01,1.046354066220095858e+00,6.250370618793438893e-06,6.371044272458329383e-01,7.707774962625025816e-01,3.969362966498893570e+02
3.194878015628607848e+00,1.536772449516108641e-01,1.416029553010464737e+00,7.934675844852950811e-06,7.625142541422884612e-01,6.469714152625837267e-01,3.987871529610125663e+02
3.279698321528075944e+00,4.256476684559503537e-02,1.800673141251901921e+00,9.627444544454356250e-06,8.815198761526618076e-01,4.721469134232565423e-01,4.006380092721357755e+02
3.372416337780614448e+00,-5.481469663927098640e-02,2.196749707021975251e+00,1.100058183702884681e-05,9.673320065258492750e-01,2.535128971663207498e-01,4.024888655832589848e+02
3.471453803577444042e+00,-1.369763531758029784e-01,2.600783055192244397e+00,1.176687694081058231e-05,9.997816975463543754e-01,2.089394919278483864e-02,4.043397218943821940e+02
3.575334134677331299e+00,-2.022688452279736149e-01,3.009338002116030086e+00,1.190201424617577621e-05,9.818175897717917877e-01,-1.898268165277275932e-01,4.061905782055054033e+02
3.682664152739006713e+00,-2.488581446860485269e-01,3.419002669702215780e+00,1.160783171699447292e-05,9.332498419438626236e-01,-3.592279671420554599e-01,4.080414345166286125e+02
3.792117119990769059e+00,-2.747094536796881870e-01,3.826370899611864829e+00,1.111301439895214897e-05,8.735265780021475024e-01,-4.867764552650003518e-01,4.098922908277518218e+02
3.902416870076439448e+00,-2.775669364737003986e-01,4.228024696934740589e+00,1.056718423120892438e-05,8.141889882802124667e-01,-5.805999407953625902e-01,4.117431471388750310e+02
4.012322842689394875e+00,-2.549310837416007836e-01,4.620516612856341965e+00,1.004339009787618043e-05,7.601649677235754465e-01,-6.497301145436820136e-01,4.135940034499982403e+02
4.120615844016419338e+00,-2.040334849968616915e-01,5.000351975511399871e+00,9.569313636572128329e-06,7.127937191774840198e-01,-7.013737333330627433e-01,4.154448597611214495e+02
4.226084367275505294e+00,-1.218087572681559039e-01,5.363970877436629259e+00,9.150920936547069412e-06,6.718625210310202878e-01,-7.406758756366392804e-01,4.172957160722446588e+02
4.327511317939061186e+00,-4.863347934341164837e-03,5.707729826780287397e+00,8.785203559585145678e-06,6.366225224223379664e-01,-7.711755726599747174e-01,4.191465723833678680e+02
4.412221508930799452e+00,1.274786743430285363e-01,5.990534814877330305e+00,8.466130617035071110e-06,6.062249577557686786e-01,-7.952932166957926707e-01,4.207671143360300334e+02
4.501703609151140206e+00,3.128723192470247438e-01,6.288227123398769436e+00,7.432172363912444624e-06,5.356568445289077163e-01,-8.444357553148116313e-01,4.226179706471532427e+02
4.578001110553183040e+00,5.297238429047658181e-01,6.551414028819837476e+00,6.297078611357308826e-06,4.579629014056711966e-01,-8.889713048779731563e-01,4.244688269582764519e+02
4.634210754156541157e+00,7.679464729528284739e-01,6.772573228115763122e+00,5.080694276232133087e-06,3.744804312830058435e-01,-9.272348173792227533e-01,4.263196832693996612e+02
4.663055711097395140e+00,1.017725050468811787e+00,6.943965795289702037e+00,3.810520689623859845e-06,2.870860706658955874e-01,-9.579047906838634718e-01,4.281705395805228704e+02
4.656789083019287290e+00,1.269419327576829293e+00,7.057596292727525089e+00,2.518831410326770636e-06,1.980004034750833808e-01,-9.802019384888808196e-01,4.300213958916460797e+02
4.607090055373732618e+00,1.513469809002258915e+00,7.105171560419454302e+00,1.238695366856258638e-06,1.095143331221869326e-01,-9.939852166100200392e-01,4.318722522027692889e+02
4.545711518610390911e+00,1.674667256720084207e+00,7.100259247892763526e+00,0.000000000000000000e+00,2.371239420780988857e-02,-9.997188216498343882e-01,4.331558788922883423e+02
4.428620760948162705e+00,1.890439053650431189e+00,7.035315944632065666e+00,3.381953273087883512e-03,1.580943143058093775e-02,-9.998693035941749185e-01,4.350067352034115515e+02
4.315495736786751912e+00,2.085503927723096673e+00,6.897668407086777975e+00,6.763906544154217430e-03,7.904715712927962851e-03,-9.999458810544497034e-01,4.368575915145347608e+02
4.269208993460320123e+00,2.262991490826978591e+00,6.695101795689502922e+00,1.014510983321466504e-02,0.000000000000000000e+00,-9.999485370490184266e-01,4.387084478256579700e+02
4.330297739846711735e+00,2.424781106034496592e+00,6.435027532796936178e+00,1.067959273460528449e-02,0.000000000000000000e+00,-9.999429715233878468e-01,4.405593041367811793e+02
4.427461672013492944e+00,2.526448226940833042e+00,6.232916361415113293e+00,1.133982762726382272e-02,0.000000000000000000e+00,-9.999357020875813129e-01,4.418123866230457679e+02
4.630828725917282007e+00,2.664598044846786973e+00,5.901806823128795898e+00,1.217611009675317185e-02,0.000000000000000000e+00,-9.999258684237106731e-01,4.436632429341689772e+02
4.892682929887795851e+00,2.786508083803065361e+00,5.531798430746489359e+00,1.326968211717806032e-02,0.000000000000000000e+00,-9.999119538921960038e-01,4.455140992452921864e+02
5.187938380854256515e+00,2.891892853021808207e+00,5.129322228953522966e+00,1.476085871672997915e-02,0.000000000000000000e+00,-9.998910525902032775e-01,4.473649555564153957e+02
5.491959709938688761e+00,2.980488187800780064e+00,4.700641913936442151e+00,1.691464377967581700e-02,0.000000000000000000e+00,-9.998569371794180372e-01,4.492158118675386049e+02
5.780227918243940444e+00,3.052046400294003536e+00,4.251886118278872750e+00,2.029877092367212213e-02,0.000000000000000000e+00,-9.997939587229901504e-01,4.510666681786618142e+02
6.028007756726459831e+00,3.106334138729419880e+00,3.789079999757450246e+00,2.638865632705172243e-02,0.000000000000000000e+00,-9.996517587726501120e-01,4.529175244897850234e+02
6.210012163028094001e+00,3.143132938549886735e+00,3.318176296800962710e+00,4.058726254090212066e-02,0.000000000000000000e+00,-9.991759975697154239e-01,4.547683808009082327e+02
6.310114438114441171e+00,3.162237834556987259e+00,2.845095575431717538e+00,1.110743081685265504e-01,0.000000000000000000e+00,-9.938121040040130971e-01,4.566192371120314419e+02
6.331184315152595943e+00,3.163356008461707169e+00,2.375766310369226808e+00,1.009969028174025896e-01,0.000000000000000000e+00,9.948867400972293273e-01,4.584700934231546512e+02
6.285070042226851506e+00,3.145963508499745043e+00,1.916145877218290439e+00,3.045906978040702207e-02,0.000000000000000000e+00,9.995360148929665067e-01,4.603209497342778604e+02
6.182701318549137071e+00,3.109261115635494122e+00,1.472241693627889925e+00,1.625636732396914738e-02,0.000000000000000000e+00,9.998678565297657306e-01,4.621718060454010697e+02
6.034237815453177056e+00,3.053020280326292024e+00,1.049665113099220948e+00,1.016535249040159856e-02,0.000000000000000000e+00,9.999483314695545300e-01,4.640226623565242789e+02
5.849218719490759888e+00,2.978433734989455850e+00,6.531832773645414036e-01,6.780760450613048003e-03,0.000000000000000000e+00,9.999770103795942999e-01,4.658735186676474882e+02
5.636703718711837396e+00,2.887284186025450339e+00,2.872207577595568551e-01,4.626740033792196317e-03,0.000000000000000000e+00,9.999892965810482925e-01,4.677243749787706975e+02
5.405396205367727802e+00,2.781118007723739627e+00,-4.364056910930549232e-02,3.135428063518484743e-03,0.000000000000000000e+00,9.999950845333483995e-01,4.695752312898939067e+02
5.163759095956069523e+00,2.661263258009531452e+00,-3.346379050537991451e-01,2.041771107730453415e-03,0.000000000000000000e+00,9.999979155831995037e-01,4.714260876010171160e+02
4.920127554411844351e+00,2.528844600943358500e+00,-5.808029814711506145e-01,1.205431873525625178e-03,0.000000000000000000e+00,9.999992734667351169e-01,4.732769439121403252e+02
4.682820117852127595e+00,2.384795305768443452e+00,-7.769364514579734093e-01,5.451571781690916748e-04,0.000000000000000000e+00,9.999998514018145768e-01,4.751278002232635345e+02
4.460249704111633129e+00,2.229866451191519161e+00,-9.175810908817193523e-01,1.064529442313578632e-05,0.000000000000000000e+00,9.999999999433388798e-01,4.769786565343867437e+02
4.258107981531886743e+00,2.064992056305217094e+00,-9.997199753756850216e-01,5.182837760067656932e-05,1.643760414302931211e-02,9.998648921148578506e-01,4.788295128455099530e+02
4.076517849536219984e+00,1.891685115753887203e+00,-1.025487235339155756e+00,9.944377762984788751e-05,3.544400210263323747e-02,9.993716590067398542e-01,4.806803691566331622e+02
4.036077175558600239e+00,1.849875329452066675e+00,-1.024829687324330552e+00,1.550599151549231496e-04,5.764596184515057009e-02,9.983370768630053238e-01,4.811170325043286198e+02
3.873599423790915264e+00,1.670019933211271290e+00,-9.962225885801845315e-01,2.207703781164751307e-04,8.388029042360103937e-02,9.964758141264103974e-01,4.829678888154518290e+02
3.726804576479571196e+00,1.486020510525339455e+00,-9.211494323351337998e-01,2.994147715045809410e-04,1.152822673888963118e-01,9.933327283324907553e-01,4.848187451265750383e+02
3.593698035845721339e+00,1.299594516638960862e+00,-8.036603809456341896e-01,3.949044293380918921e-04,1.534161585315924059e-01,9.881615891907055138e-01,4.866696014376982475e+02
3.472488361183120098e+00,1.112449130480827719e+00,-6.475869730874479480e-01,5.126953350885785987e-04,2.004649214509595934e-01,9.797007463563319751e-01,4.885204577488214568e+02
3.361562931663346632e+00,9.262971780523140408e-01,-4.565618726055108434e-01,6.604337764280022787e-04,2.594897161509372441e-01,9.657456451049277746e-01,4.903713140599446660e+02
3.259466198685276428e+00,7.428732889000727591e-01,-2.340375923070886488e-01,8.486682757034155148e-04,3.347175809004105385e-01,9.423181101933333359e-01,4.922221703710678753e+02
3.164880235707321798e+00,5.639504315219607822e-01,1.669571079402067809e-02,1.090954914064719847e-03,4.315902556102160226e-01,9.020690999472732452e-01,4.940730266821910845e+02
3.076607326193738778e+00,3.913569795136641605e-01,2.924932770612715949e-01,1.400713716476019617e-03,5.555213005934721560e-01,8.315011260293168061e-01,4.959238829933142938e+02
2.993554359541124921e+00,2.269944675320191008e-01,5.903395352389216866e-01,1.777097166047810536e-03,7.062687846988721097e-01,7.079415552753210994e-01,4.977747393044375031e+02
2.914718831044453839e+00,7.285620482861709934e-02,9.073325593283737556e-01,2.168931202828176807e-03,8.635231512527822284e-01,5.043045339751586198e-01,4.996255956155607123e+02
2.839176265485514161e+00,-6.895307570113629048e-02,1.240669111224166121e+00,2.446513313592460579e-03,9.755203646848760179e-01,2.198955039506106657e-01,5.014764519266839216e+02
2.766068905111457976e+00,-1.961963431719089823e-01,1.587630192016134201e+00,2.495512920666741706e-03,9.963728104579075984e-01,-8.505877377127699090e-02,5.033273082378071308e+02
2.694595521924637360e+00,-3.064819656652869595e-01,1.945567027483849021e+00,2.355832539495045837e-03,9.416916292756015716e-01,-3.364689070409168092e-01,5.051781645489303401e+02
2.624002231604346314e+00,-3.972397595484352673e-01,2.311887415548529390e+00,2.145601044858621177e-03,8.585328348671668053e-01,-5.127541007647840043e-01,5.070290208600535493e+02
2.553574202283366734e+00,-4.656951545682967986e-01,2.684042365314857292e+00,1.939730640098807695e-03,7.768623858769470036e-01,-6.296674287706337525e-01,5.088798771711767586e+02
2.482628166047387452e+00,-5.088412181929719003e-01,3.059512958836208441e+00,1.762923326588395657e-03,7.066259414597325650e-01,-7.075850980323787898e-01,5.107307334822999678e+02
2.410505654634047978e+00,-5.234082602292305930e-01,3.435797367883330011e+00,1.617281391079650361e-03,6.487242378659252573e-01,-7.610218443685939915e-01,5.125815897934231771e+02
2.336566893591237370e+00,-5.058307135644446451e-01,3.810397958797794082e+00,1.498293220737635786e-03,6.013947200817707506e-01,-7.989506529036654037e-01,5.144324461045463295e+02
2.260185301316516071e+00,-4.522109586977401396e-01,4.180808418966046602e+00,1.400610852032897410e-03,5.625258768886673977e-01,-8.267784927777674930e-01,5.162833024156694819e+02
2.180742551137711871e+00,-3.582797282498947911e-01,4.544500838559343947e+00,1.319640810862640450e-03,5.302983974554908997e-01,-8.478100425238358495e-01,5.181341587267926343e+02
2.097624166101577980e+00,-2.193526925511233572e-01,4.898912680954915722e+00,1.251776699353201235e-03,5.032817141628689317e-01,-8.641214898637687991e-01,5.199850150379157867e+02
2.043841926199525982e+00,-1.106343628277058622e-01,5.115561667144778113e+00,1.194266088532590581e-03,4.803829903579645566e-01,-8.770580119372091144e-01,5.211423779431490857e+02
1.954533172341847758e+00,1.024264143238843572e-01,5.451716490001339288e+00,1.145019292955878464e-03,4.607720050665559675e-01,-8.875178016680929094e-01,5.229932342542722381e+02
1.860169417575850304e+00,3.745623319291465636e-01,5.771198825533923049e+00,1.102442593001080667e-03,4.438152918721640638e-01,-8.961176102056889192e-01,5.248440905653953905e+02
1.760133187040161751e+00,7.122870220515694628e-01,6.071218278414674430e+00,1.065309812990342326e-03,4.290253040927120565e-01,-9.032918429628147283e-01,5.266949468765185429e+02
1.658999126664695289e+00,1.116663821366043363e+00,6.351584143611242794e+00,1.560216818950760538e-02,3.278604338366916671e-01,-9.445973259925112275e-01,5.285458031876416953e+02
1.571719580576671937e+00,1.577141051663848881e+00,6.617404431120691655e+00,3.031257244986502314e-02,2.199794076832021217e-01,-9.750334395018558364e-01,5.303966594987648477e+02
1.570755851130528402e+00,1.583341984287504500e+00,6.620738841612763714e+00,4.463554952804301562e-02,1.092868104426763798e-01,-9.930075834461669082e-01,5.304203517413253621e+02
1.517714152419768592e+00,2.083567272500414180e+00,6.879785809894173099e+00,5.805322569842741309e-02,0.000000000000000000e+00,-9.983134893338903026e-01,5.322712080524485145e+02
1.512058407704490293e+00,2.609900268865102291e+00,7.136911904093847347e+00,5.278301746370798325e-02,0.000000000000000000e+00,-9.986060049225748969e-01,5.341220643635716669e+02
1.552416979982612855e+00,3.154003989225869997e+00,7.391141013556416617e+00,4.751001533239600921e-02,0.000000000000000000e+00,-9.988707616319116855e-01,5.359729206746948194e+02
1.630500807784120765e+00,3.710237455016442532e+00,7.638593980953740648e+00,4.223465890613276735e-02,0.000000000000000000e+00,-9.991077187105916746e-01,5.378237769858179718e+02
1.738476540752727395e+00,4.273144628912602272e+00,7.875356722622616878e+00,3.695738863502284755e-02,0.000000000000000000e+00,-9.993168423604598116e-01,5.396746332969411242e+02
1.868861801376241694e+00,4.837395799442028022e+00,8.097460054250925410e+00,3.167864563396842470e-02,0.000000000000000000e+00,-9.994981057564829019e-01,5.415254896080642766e+02
2.014424626568501520e+00,5.397731033815977852e+00,8.300859232559602674e+00,2.639887149841177449e-02,0.000000000000000000e+00,-9.996514890618681815e-01,5.433763459191874290e+02
2.168085742216885770e+00,5.948905096619630406e+00,8.481413107532469908e+00,2.111850811966556329e-02,0.000000000000000000e+00,-9.997769794383143394e-01,5.452272022303105814e+02
2.322822356280603628e+00,6.485633257060598567e+00,8.634862777738746331e+00,1.583799750001103901e-02,0.000000000000000000e+00,-9.998745710513842200e-01,5.470780585414337338e+02
2.471572170880114605e+00,7.002537426480736293e+00,8.756809638731766654e+00,1.055778156774462434e-02,0.000000000000000000e+00,-9.999442650709927660e-01,5.489289148525568862e+02
2.607136311198932965e+00,7.494092081110832027e+00,8.842692711378687065e+00,5.278301992353447679e-03,0.000000000000000000e+00,-9.999860696670116456e-01,5.507797711636800386e+02
2.722079848833754312e+00,7.954569432862697909e+00,8.887765133265052242e+00,-0.000000000000000000e+00,-0.000000000000000000e+00,-1.000000000000000000e+00,5.526306274748031910e+02
2.811575173918473780e+00,8.380432508541824532e+00,8.889317988382860136e+00,0.000000000000000000e+00,-4.005835178040316122e-03,-9.999919766100757723e-01,5.544814837859263434e+02
2.876313311642740622e+00,8.772721125123977615e+00,8.848914640978810198e+00,0.000000000000000000e+00,-8.012249255259940722e-03,-9.999679014157762946e-01,5.563323400970494959e+02
2.919612938438291394e+00,9.134570985521095920e+00,8.770150497202653384e+00,0.000000000000000000e+00,-1.201904938789914550e-02,-9.999277686172192148e-01,5.581831964081726483e+02
2.944531844634672879e+00,9.468783624686045286e+00,8.656423240482356007e+00,0.000000000000000000e+00,-1.602604260206912101e-02,-9.998715747327336922e-01,5.600340527192958007e+02
2.953905202273515496e+00,9.777856771136574920e+00,8.510950344158960235e+00,0.000000000000000000e+00,-2.003303584018232414e-02,-9.997993186010010191e-01,5.618849090304189531e+02
2.953735866978863811e+00,9.958888024856754839e+00,8.408040704007730071e+00,0.000000000000000000e+00,-2.403983600743880150e-02,-9.997110013822672059e-01,5.630312710696198337e+02
2.945887187931766960e+00,1.023566700061423518e+01,8.223695946475894303e+00,0.000000000000000000e+00,-2.804625001834238837e-02,-9.996066265586220911e-01,5.648821273807429861e+02
2.929169147802151318e+00,1.049193696929722996e+01,8.015540630475719297e+00,0.000000000000000000e+00,-3.205208484322062679e-02,-9.994861999333471969e-01,5.667329836918661385e+02
2.905919619717495017e+00,1.072933159241806678e+01,7.786305547710778541e+00,0.000000000000000000e+00,-3.605714755472232830e-02,-9.993497296293309962e-01,5.685838400029892910e+02
2.878403318518832688e+00,1.094927483641738952e+01,7.538612838554548112e+00,0.000000000000000000e+00,-4.006124537426646731e-02,-9.991972260865532585e-01,5.704346963141124434e+02
2.848840488275367733e+00,1.115299591664240708e+01,7.274989507317227044e+00,0.000000000000000000e+00,-4.406418571841660969e-02,-9.990287020586410272e-01,5.722855526252355958e+02
2.819435126551903092e+00,1.134154204193477433e+01,6.997880447154948058e+00,-0.000000000000000000e+00,-4.806577624515451230e-02,-9.988441726084960059e-01,5.741364089363587482e+02
2.791796770672287931e+00,1.151580561510019862e+01,6.709365210822983983e+00,0.000000000000000000e+00,-5.109678379207906185e-02,-9.986937061412299865e-01,5.759872652474819006e+02
2.766354563734888750e+00,1.167655583815457376e+01,6.410872898360071126e+00,0.000000000000000000e+00,-5.465335374583021877e-02,-9.985053885304440158e-01,5.778381215586050530e+02
2.742968252878654756e+00,1.182443900099323031e+01,6.103485354017456288e+00,0.000000000000000000e+00,-5.888497825970837735e-02,-9.982647741633245975e-01,5.796889778697282054e+02
2.721531373121635511e+00,1.195997134759042879e+01,5.788238573332622039e+00,0.000000000000000000e+00,-6.400369203738039137e-02,-9.979496617593415220e-01,5.815398341808513578e+02
2.710925979164758637e+00,1.202723113086011431e+01,5.619616528037180814e+00,0.000000000000000000e+00,-7.032053257383849565e-02,-9.975244471683546443e-01,5.825155269138228959e+02
2.692130507790126082e+00,1.214695493416604855e+01,5.296070220580153531e+00,0.000000000000000000e+00,-7.831080379469299024e-02,-9.969289934639421480e-01,5.843663832249460484e+02
2.675220278284933695e+00,1.225479093466855396e+01,4.967536812824197234e+00,0.000000000000000000e+00,-8.873861667607306492e-02,-9.960549472345474609e-01,5.862172395360692008e+02
2.660184562978206824e+00,1.235084863339955064e+01,4.634943315052873380e+00,0.000000000000000000e+00,-1.029143879904710901e-01,-9.946902174770528848e-01,5.880680958471923532e+02
2.647038571088784487e+00,1.243511761173206764e+01,4.299195810574761190e+00,0.000000000000000000e+00,-1.232853625241086687e-01,-9.923712608632412335e-01,5.899189521583155056e+02
2.635822438195813078e+00,1.250746723151802620e+01,3.961184125943846279e+00,0.000000000000000000e+00,-1.549923677135586764e-01,-9.879156674284222950e-01,5.917698084694386580e+02
2.626600544805453019e+00,1.256764511785691596e+01,3.621786417387538037e+00,0.000000000000000000e+00,-2.108710827750308325e-01,-9.775138804381685587e-01,5.936206647805618104e+02
2.619461142336201309e+00,1.261527440662239741e+01,3.281873697082562380e+00,0.000000000000000000e+00,-3.330977118504853673e-01,-9.428923132362311277e-01,5.954715210916849628e+02
2.614516268773384944e+00,1.264984972645226513e+01,2.942314322608350352e+00,0.000000000000000000e+00,-7.230825043202389057e-01,-6.907616752151002348e-01,5.973223774028081152e+02
2.611901939803110917e+00,1.267073187214619701e+01,2.603978472717620285e+00,0.000000000000000000e+00,-7.089697979012558049e-01,7.052388429914028256e-01,5.991732337139312676e+02
2.611778604471426846e+00,1.267714111318806758e+01,2.267742632493887189e+00,0.000000000000000000e+00,-3.139674473496567031e-01,9.494337480860581824e-01,6.010240900250544200e+02
2.614331857364083689e+00,1.266814906728931867e+01,1.934494111013335793e+00,0.000000000000000000e+00,-1.910658623994299643e-01,9.815772186769423646e-01,6.028749463361775724e+02
2.619773401999686779e+00,1.264266905429317767e+01,1.605135614796322940e+00,0.000000000000000000e+00,-1.349882771557413264e-01,9.908471956010799220e-01,6.047258026473007249e+02
2.628342262601992108e+00,1.259944483034056617e+01,1.280589900622016275e+00,0.000000000000000000e+00,-1.031976744667480739e-01,9.946608668207747028e-01,6.065766589584238773e+02
2.640306243690138999e+00,1.253703758572314619e+01,9.618045316883176987e-01,0.000000000000000000e+00,-8.278398150060185812e-02,9.965675152275975668e-01,6.084275152695470297e+02
2.655963639018106281e+00,1.245381107216959471e+01,6.497567616311985539e-01,0.000000000000000000e+00,-6.858351697761581878e-02,9.976453784782352008e-01,6.102783715806701821e+02
2.675645193321460447e+00,1.234791470624860388e+01,3.454585715765809417e-01,0.000000000000000000e+00,-5.814016492400783664e-02,9.983084299066140588e-01,6.121292278917933345e+02
2.699716322102070798e+00,1.221726447493698764e+01,4.996188618741221471e-02,0.000000000000000000e+00,-5.013948859199802294e-02,9.987422248426933713e-01,6.139800842029164869e+02
2.728579596306861088e+00,1.205952144698365025e+01,-2.356360044085784311e-01,0.000000000000000000e+00,-4.381534261671387459e-02,9.990396467364947020e-01,6.158309405140396393e+02
2.762677500237882278e+00,1.187206766926770918e+01,-5.101867888645545968e-01,0.000000000000000000e+00,-3.869130443974043432e-02,9.992512111379957540e-01,6.176817968251627917e+02
2.802495472366138163e+00,1.165197920065913983e+01,-7.724852158826133186e-01,0.000000000000000000e+00,-3.445568033439290467e-02,9.994062267630186014e-01,6.195326531362859441e+02
2.848565239904748747e+00,1.139599600667284385e+01,-1.021262881997311744e+00,0.000000000000000000e+00,-3.089603009407443715e-02,9.995226037086034632e-01,6.213835094474090965e+02
2.901468459017095824e+00,1.110048840616379096e+01,-1.255181693855292435e+00,0.000000000000000000e+00,-2.786260007479053613e-02,9.996117623943168162e-01,6.232343657585322489e+02
2.904797500867669413e+00,1.108182910852608671e+01,-1.268519701498961538e+00,-1.309452603523912281e-02,-2.478473946885065629e-02,9.996070478329840414e-01,6.233435438643167572e+02
2.964654883717504852e+00,1.074748006941548972e+01,-1.485084766684193758e+00,-2.620333136868972096e-02,-2.169847144566551186e-02,9.994211133261615698e-01,6.251944001754399096e+02
3.030928830917176242e+00,1.038381095182135461e+01,-1.680151527528052080e+00,-3.931929580553717579e-02,-1.860545582208075754e-02,9.990534670331759903e-01,6.270452564865630620e+02
3.102854436873275557e+00,1.000379507529474843e+01,-1.848733896518916398e+00,-5.243526799801039029e-02,-1.550736798353596207e-02,9.985039129658931367e-01,6.288961127976862144e+02
3.179874274882569463e+00,9.620244395135125970e+00,-1.985709277974003095e+00,-6.554408487177489084e-02,-1.240589436302961916e-02,9.977725526007291679e-01,6.307469691088093668e+02
3.261629849229165767e+00,9.245938377721437007e+00,-2.085792164710932095e+00,-7.863859115866426996e-02,-9.302727857521515820e-03,9.968597851428200318e-01,6.325978254199325193e+02
3.347957051990319233e+00,8.893752594992255567e+00,-2.143506895027322390e+00,-9.171165891168708839e-02,-6.199563210789592327e-03,9.957663064372391792e-01,6.344486817310556717e+02
3.438885566523405046e+00,8.576788316850286975e+00,-2.153159429570587147e+00,-1.047562068782471739e-01,-3.098092392093884477e-03,9.944931065341841014e-01,6.362995380421788241e+02
3.534642226185315650e+00,8.308504390614819712e+00,-2.108808002627861722e+00,-1.177652196089313680e-01,0.000000000000000000e+00,9.930414659270077049e-01,6.381503943533019765e+02
3.635317903905596726e+00,8.097527804360314718e+00,-2.007256267696256202e+00,-1.434949413375409544e-01,3.595640781827147935e-03,9.896445185913493869e-01,6.400012506644251289e+02
3.665011170688043496e+00,8.046115404305073326e+00,-1.969118653872135472e+00,-1.731165101105820447e-01,7.749233741826505074e-03,9.848708663086482851e-01,6.405334422152895968e+02
3.770174286435804767e+00,7.895536993965907691e+00,-1.808959580592399030e+00,-2.074802759191624879e-01,1.258695545952867242e-02,9.781582201549851030e-01,6.423842985264127492e+02
3.878479518746024812e+00,7.793210833689298234e+00,-1.601133430169079386e+00,-2.476549818231988942e-01,1.826940908419346157e-02,9.686760235857319046e-01,6.442351548375359016e+02
3.989134827702761843e+00,7.733492565974443345e+00,-1.350672624478202799e+00,-2.949695242025374697e-01,2.499975076795095050e-02,9.551795602153916320e-01,6.460860111486590540e+02
4.101325061609994549e+00,7.711177708839049849e+00,-1.062389834147171808e+00,-3.510301654488775513e-01,3.302978710352142550e-02,9.357814147058219900e-01,6.479368674597822064e+02
4.214205084435138637e+00,7.721448877248093368e+00,-7.409027844434491472e-01,-4.176538507373316889e-01,4.265646379430080432e-02,9.076043670349125403e-01,6.497877237709053588e+02
4.326891981619954919e+00,7.759827001019233172e+00,-3.906580563602463085e-01,-4.965797644286872869e-01,5.419006796932249181e-02,8.662978552977200764e-01,6.516385800820285112e+02
4.438456276503659481e+00,7.822126049891071631e+00,-1.595400557561139215e-02,-5.886801828861201180e-01,6.785421109924266725e-02,8.055131583737559220e-01,6.534894363931516637e+02
4.547912071396536859e+00,7.904410812728554170e+00,3.790370825846078318e-01,-6.922479518539350618e-01,8.355177649497930181e-02,7.168067199730795425e-01,6.553402927042748161e+02
4.654206008312204546e+00,8.002957309661351104e+00,7.902474879855588830e-01,-8.002085263113301039e-01,1.004550694888735746e-01,5.912487576584282145e-01,6.571911490153979685e+02
4.756204924224363140e+00,8.114215443629872127e+00,1.213693089481664433e+00,-8.978462577001933287e-01,1.166087071826848454e-01,4.245874549994861358e-01,6.590420053265211209e+02
4.852682054130230682e+00,8.234773521641644223e+00,1.645452829609158174e+00,-9.657398317248948594e-01,1.292060449319923088e-01,2.250608259404638101e-01,6.608928616376442733e+02
4.942301611843562981e+00,8.361324296281004820e+00,2.081648504325361415e+00,-9.905815874286129086e-01,1.360434927356357904e-01,1.550118484820607080e-02,6.627437179487674257e+02
5.023601552967518202e+00,8.490632194887760775e+00,2.518424773625485003e+00,-9.745114421787005599e-01,1.369841874852840979e-01,-1.776591721296308934e-01,6.645945742598905781e+02
5.094974296525452750e+00,8.619501417508923069e+00,2.951929290007584417e+00,-9.314541466452521679e-01,1.336828446203808252e-01,-3.384110957867194625e-01,6.664454305710137305e+02
5.154645150843259138e+00,8.744744595391280129e+00,3.378292842361953596e+00,-8.764795023205452784e-01,1.281690677292071923e-01,-4.640650515707414603e-01,6.682962868821368829e+02
5.200648155034864217e+00,8.863151709557527624e+00,3.793609412940393000e+00,-8.197975008128268737e-01,1.219276551574576539e-01,-5.595227471415681331e-01,6.701471431932600353e+02
5.230799009346710271e+00,8.971458974001411235e+00,4.193916044613410499e+00,-7.665800085478281511e-01,1.157818323521184883e-01,-6.316246177849607069e-01,6.719979995043831877e+02
5.242664725123192149e+00,9.066317390328517689e+00,4.575172414645807706e+00,-7.187762264346385654e-01,1.100992922040704425e-01,-6.864684130887186431e-01,6.738488558155063402e+02
5.233529577660030796e+00,9.144260680319492351e+00,4.933240009708031337e+00,-6.766949824921236756e-01,1.049989548968458392e-01,-7.287380325882234500e-01,6.756997121266294926e+02
5.200356892044759149e+00,9.201672299938728372e+00,5.263860794785229835e+00,-6.399406848610390552e-01,1.004817514646364207e-01,-7.618263171367758435e-01,6.775505684377526450e+02
5.139746132494835251e+00,9.234751232768822149e+00,5.562635266037609938e+00,-6.078810432838182010e-01,9.649999320850173590e-02,-7.881423656465472716e-01,6.794014247488757974e+02
5.047884698859737895e+00,9.239476252715162374e+00,5.824999774490549953e+00,-5.798565338655077284e-01,9.299080612421797842e-02,-8.093942859384710697e-01,6.812522810599989498e+02
4.920493758920320815e+00,9.211568335072312763e+00,6.046203003674579968e+00,-5.552633291959051531e-01,8.989102065571633049e-02,-8.268024187529651181e-01,6.831031373711221022e+02
4.752767360851039236e+00,9.146450881632187446e+00,6.221281479974357431e+00,-5.335785543036569711e-01,8.714309002340615840e-02,-8.412490762243913789e-01,6.849539936822452546e+02
4.737813843183004359e+00,9.139737864194804828e+00,6.233171357704871518e+00,-5.077257543818565200e-01,4.132867912520464537e-02,-8.605268726885527686e-01,6.851001459068568238e+02
4.529837680062099636e+00,9.039785683278013906e+00,6.358480145009719031e+00,-4.789580728451673375e-01,-6.764845961100984621e-03,-8.778117117671453418e-01,6.869510022179799762e+02
4.292306195841526950e+00,8.920824590626581951e+00,6.434523692742913248e+00,-4.472765657686020302e-01,-5.678138325141213194e-02,-8.925914789142351813e-01,6.888018585291031286e+02
4.039794658778504299e+00,8.803937678077758733e+00,6.463000866226676244e+00,-4.127841902492267456e-01,-1.082502314156755657e-01,-9.043733187565536902e-01,6.906527148402262810e+02
3.786888388602335453e+00,8.710117980186161901e+00,6.445365359931644278e+00,-3.756976437712887251e-01,-1.605971861410881441e-01,-9.127211097965612918e-01,6.925035711513494334e+02
3.548380877214291296e+00,8.660481348821402747e+00,6.382833190234012299e+00,-3.363494364344737364e-01,-2.131686044245669209e-01,-9.172939565362318026e-01,6.943544274624725858e+02
3.339476890900922257e+00,8.676479049249980591e+00,6.276388963112983888e+00,-2.951778623998151385e-01,-2.652672714644913055e-01,-9.178797874661254186e-01,6.962052837735957382e+02
3.206246986288581624e+00,8.741468523084503062e+00,6.167897483700918393e+00,-2.527046387004139305e-01,-3.161961860914531686e-01,-9.144180321278185808e-01,6.976268542864769415e+02
3.185020166058878388e+00,8.757272845234464143e+00,6.146839516937848025e+00,-2.095025414500147620e-01,-3.653042323522265322e-01,-9.070068924498507767e-01,6.978787029324444120e+02
3.057841814411749404e+00,8.915730569980391707e+00,5.970385319376405597e+00,-1.661575893413992644e-01,-4.120269509123083984e-01,-8.958936584361790745e-01,6.997295592435675644e+02
2.989534659597937516e+00,9.141152551048188357e+00,5.751731039392474543e+00,-1.232314340808382952e-01,-4.559166212440142196e-01,-8.814499691575364837e-01,7.015804155546907168e+02
2.985441520012842354e+00,9.403155602719234452e+00,5.491430476922446680e+00,-8.122925664809498014e-02,-4.966582902332470906e-01,-8.641367661469946393e-01,7.034312718658138692e+02
3.051470265159606399e+00,9.671686041137469658e+00,5.189822774918836146e+00,-4.057685195562537456e-02,-5.340713809180560601e-01,-8.444650846362162788e-01,7.052821281769370216e+02
3.194175764109022264e+00,9.916709123783221003e+00,4.847034167393633908e+00,-1.608360743716070150e-03,-5.680991242149860954e-01,-8.229585641099336213e-01,7.071329844880601740e+02
3.408957655777295592e+00,1.011729414587773768e+01,4.463726724828720904e+00,-2.616281659386219399e-02,-5.911092378501452416e-01,-8.061670893531293070e-01,7.089838407991833265e+02
3.615523256438963440e+00,1.024610430792465898e+01,4.129351328535471488e+00,-5.614926288540459526e-02,-6.181198868839400395e-01,-7.840759310908674840e-01,7.104726713283225763e+02
3.878980570110670545e+00,1.037168534553504706e+01,3.683745652148753269e+00,-9.332216454652186854e-02,-6.499242125814698179e-01,-7.542476327471689945e-01,7.123235276394457287e+02
4.116352452064159451e+00,1.046200413018805619e+01,3.204320372478994372e+00,-1.400748497582300078e-01,-6.872275695510789983e-01,-7.128094444619307302e-01,7.141743839505688811e+02
4.301205941622593620e+00,1.052321349367986514e+01,2.694591373415339053e+00,-1.995173422550015618e-01,-7.301260594640596180e-01,-6.535355900262699302e-01,7.160252402616920335e+02
4.431678974915574720e+00,1.056060298384797314e+01,2.160545883512659859e+00,-2.751034174652433606e-01,-7.767185551743592820e-01,-5.665919128851027997e-01,7.178760965728151859e+02
4.517834138705637770e+00,1.057883495505383564e+01,1.609359566483890003e+00,-3.687350701581394441e-01,-8.199589834773131081e-01,-4.378375423034477909e-01,7.197269528839383383e+02
4.569178441019030146e+00,1.058230214553641169e+01,1.048119737261845374e+00,-4.754115530878797458e-01,-8.427205193776960979e-01,-2.525984588439847967e-01,7.215778091950614908e+02
4.594789854921462080e+00,1.057517614653578519e+01,4.838618920609222829e-01,-5.754812449222174164e-01,-8.177349854089768222e-01,-1.143811089975692828e-02,7.234286655061846432e+02
4.603438514431605455e+00,1.056145267620872730e+01,-7.639402864870639687e-02,-6.389117618045204727e-01,-7.278023864912843699e-01,2.491895801301390601e-01,7.252795218173077956e+02
4.603704177583939128e+00,1.054499415381824079e+01,-6.256074573454688537e-01,-6.520870195711688799e-01,-5.922277795383695809e-01,4.733379089507223636e-01,7.271303781284309480e+02
4.601960836450299297e+00,1.052859912428292866e+01,-1.159163551466090958e+00,-6.294127574133979719e-01,-4.503668157795145399e-01,6.332529605535879291e-01,7.289812344395541004e+02
4.600318694187945923e+00,1.051308179075761728e+01,-1.677332048296506839e+00,-5.922190180962085826e-01,-3.271079868744622976e-01,7.363945949883792252e-01,7.308320907506772528e+02
4.598763580404225948e+00,1.049828368565261805e+01,-2.182786014140406738e+00,-5.535069027909533812e-01,-2.282351147852832995e-01,8.009611981498946376e-01,7.326829470618004052e+02
4.597280936469687163e+00,1.048405377249592263e+01,-2.678132980934125218e+00,-5.184115656584421528e-01,-1.508169131862773515e-01,8.417266226563856479e-01,7.345338033729235576e+02
4.595855685468490215e+00,1.047024691185637302e+01,-3.165928386201728895e+00,-4.881599213397964099e-01,-9.011816683583183385e-02,8.680890548807034257e-01,7.363846596840467100e+02
4.594472079875491666e+00,1.045672238837360091e+01,-3.648688744500803605e+00,-4.625127721182929474e-01,-4.197248000903737453e-02,8.856185671886869226e-01,7.382355159951698624e+02
4.593113525437763300e+00,1.044334248407614929e+01,-4.128904618248071756e+00,-4.408166873218732351e-01,-3.207648978892831820e-03,8.975914210633910706e-01,7.400863723062930148e+02
4.592926719586627016e+00,1.044149609153267910e+01,-4.195274352969095233e+00,-4.223874407570766820e-01,2.848686581763342288e-02,9.059676309706516939e-01,7.403425244492756292e+02
