4.327541940597280146e+00,2.649682260780380716e+00,5.444044969499421072e+00,1.064529351424425840e-05,0.000000000000000000e+00,-1.000000000000000000e+00,0.000000000000000000e+00
4.324280549748759306e+00,2.960078960253441416e+00,5.247854793035980236e+00,1.064529351364108455e-05,0.000000000000000000e+00,-9.999999999433388798e-01,1.460853219970120520e+00
4.321759375068864983e+00,3.270115708253805042e+00,5.051859210215697615e+00,1.096774523399842157e-05,-8.443110085948841775e-04,-9.999996435092510794e-01,2.921706439940241040e+00
4.319613830334263938e+00,3.579420421508765049e+00,4.856269680383509701e+00,1.133178452556837706e-05,-1.797539235643127748e-03,-9.999983843608383216e-01,4.382559659910361560e+00
4.317478233212951544e+00,3.887620649631138736e+00,4.661299273292563328e+00,1.174601027370158994e-05,-2.882210313332272088e-03,-9.999958463542441001e-01,5.843412879880482080e+00
4.314984334927001619e+00,4.194342139001872027e+00,4.467163514158758453e+00,1.222156703570411728e-05,-4.127520194871168654e-03,-9.999914816775561377e-01,7.304266099850602600e+00
4.311759829683528444e+00,4.499207399683701425e+00,4.274081238453084630e+00,1.277316218938655101e-05,-5.572001073955815467e-03,-9.999844761999449050e-01,8.765119319820723121e+00
4.307426837913103768e+00,4.801834269949981859e+00,4.082275459821962826e+00,1.342061301368570660e-05,-7.267576654214843307e-03,-9.999735907260063339e-01,1.022597253979084364e+01
4.301600357214023340e+00,5.101834473043277640e+00,3.891974254579034564e+00,1.419127634400470667e-05,-9.285931610807603154e-03,-9.999568847068992516e-01,1.168682575976096416e+01
4.293886674733192521e+00,5.398812160791576886e+00,3.703411666276502423e+00,1.512400970928996301e-05,-1.172889735082608027e-02,-9.999312140033425056e-01,1.314767897973108468e+01
4.283881734521887807e+00,5.692362438701749738e+00,3.516828633943348770e+00,1.627592186018999668e-05,-1.474615425915191610e-02,-9.998912694236606891e-01,1.460853219970120520e+01
4.271169453188607079e+00,5.982069867122069340e+00,3.332473947671330983e+00,1.773450766292878459e-05,-1.856706008027213251e-02,-9.998276171248036137e-01,1.606938541967132750e+01
4.255319976927578907e+00,6.267506933019383553e+00,3.150605235338516330e+00,1.964094191853385361e-05,-2.356176227644719498e-02,-9.997223829507178028e-01,1.753023863964144624e+01
4.235887872726792125e+00,6.548232486849476786e+00,2.971489984385105032e+00,2.223865666459913406e-05,-3.036868417732623351e-02,-9.995387648944786818e-01,1.899109185961156498e+01
4.212410246257627833e+00,6.823790138912472436e+00,2.795406602693232934e+00,2.598623188625645463e-05,-4.019092448700658377e-02,-9.991920180393734086e-01,2.045194507958168373e+01
4.184404778614653431e+00,7.093706609481677638e+00,2.622645522776470894e+00,3.186174926280007725e-05,-5.559584963477529757e-02,-9.984533541874733853e-01,2.191279829955180247e+01
4.151367673711115813e+00,7.357490026867534283e+00,2.453510353658485688e+00,4.238417441091724689e-05,-8.320108820795192595e-02,-9.965327777472221538e-01,2.337365151952192122e+01
4.112771507748986366e+00,7.614628167428847405e+00,2.288319085008089449e+00,6.655308815664359051e-05,-1.466893583750671637e-01,-9.891826058469678218e-01,2.483450473949203996e+01
4.068356707678874251e+00,7.864560742022944417e+00,2.127344961845515581e+00,1.722423465244679694e-04,-4.257752031158977268e-01,-9.048289599389434112e-01,2.629535795946215870e+01
4.018496730422866037e+00,8.106673293445727069e+00,1.970724071566785529e+00,1.626731777103039166e-04,-4.508203888119131086e-01,8.926146708232577387e-01,2.775621117943227745e+01
3.963978367401236991e+00,8.340340673714619513e+00,1.818483159916828296e+00,5.604468510241423314e-05,-1.741935486897276397e-01,9.847114320722963887e-01,2.921706439940239619e+01
3.905638234294854794e+00,8.564923903387581916e+00,1.670633233754429847e+00,3.178812364089248811e-05,-1.109347592647140918e-01,9.938276903852071298e-01,3.067791761937251493e+01
3.844293065327989201e+00,8.779743055702139642e+00,1.527202714933916683e+00,2.124116273843435697e-05,-8.339376095926613608e-02,9.965166733085210060e-01,3.213877083934263368e+01
3.780742687160718152e+00,8.984074736989651200e+00,1.388237553030786886e+00,1.535549872399239937e-05,-6.801540209472894949e-02,9.976842711209297221e-01,3.359962405931275242e+01
3.715772906987193647e+00,9.177149378149787040e+00,1.253801407583152505e+00,1.160277619213686542e-05,-5.820663866286082677e-02,9.983045562757623115e-01,3.506047727928287117e+01
3.650158325047568653e+00,9.358148327199655725e+00,1.123975900573175091e+00,9.002097592350756676e-06,-5.140747683630931403e-02,9.986777614647711632e-01,3.652133049925298991e+01
3.584665081386578578e+00,9.526200732070311261e+00,9.988609401495580631e-01,7.093802527519120356e-06,-4.641764668260116300e-02,9.989221201005248352e-01,3.798218371922310865e+01
3.520053546349181328e+00,9.680380201939712492e+00,8.785751168739381889e-01,5.633972574743292174e-06,-4.259999834355752968e-02,9.990922080115465231e-01,3.944303693919322740e+01
3.457080963992235301e+00,9.819701234468253048e+00,7.632561740627379354e-01,4.481187793770265982e-06,-3.958502618949890500e-02,9.992162056739750664e-01,4.090389015916334614e+01
3.396504057311640068e+00,9.943115395331480144e+00,6.530615540902301452e-01,3.547818893833399498e-06,-3.714372443133881485e-02,9.993099337656869974e-01,4.236474337913346488e+01
3.339081603934449749e+00,1.004950723542109969e+01,5.481690228196857140e-01,2.776678417222600663e-06,-3.512661875802751410e-02,9.993828698986780834e-01,4.382559659910358363e+01
3.285576990702643307e+00,1.013768993000687857e+01,4.487773746392126339e-01,2.128860268022139680e-06,-3.343200492238272009e-02,9.994409942774699074e-01,4.528644981907370237e+01
3.236760755377233068e+00,1.020640062301417927e+01,3.551072208981718714e-01,1.576976325254165034e-06,-3.198828016235042565e-02,9.994882440177913496e-01,4.674730303904382112e+01
3.193413123518479946e+00,1.025429545837015155e+01,2.674018648711758983e-01,1.101188419956573959e-06,-3.074357546938081762e-02,9.995273045625846509e-01,4.820815625901393986e+01
3.156326548449287284e+00,1.027994427910079445e+01,1.859282667203618622e-01,6.867747945246158655e-07,-2.965939629951814399e-02,9.995600633332027973e-01,4.966900947898405860e+01
3.126308262082226452e+00,1.028182497351512481e+01,1.109781022830017977e-01,3.225807310539300307e-07,-2.870657330243130134e-02,9.995878814036953663e-01,5.112986269895417735e+01
3.104182844285622078e+00,1.025831744638744958e+01,4.286891988344864596e-02,0.000000000000000000e+00,-2.786260007479053613e-02,9.996117623943168162e-01,5.259071591892429609e+01
3.090582816845276692e+00,1.020865583437822899e+01,-1.828612214270181752e-02,0.000000000000000000e+00,-1.986087393382374860e-02,9.998027533901798769e-01,5.405156913889441483e+01
3.090089089884729745e+00,1.020203831575149245e+01,-2.370686466445847199e-02,0.000000000000000000e+00,-1.185582307347407029e-02,9.999297172597934047e-01,5.419711967743872094e+01
3.093820282477179440e+00,1.011993179902581375e+01,-7.164512843524353802e-02,0.000000000000000000e+00,-3.848985613645272263e-03,9.999925926274384480e-01,5.565797289740883969e+01
3.106414041456546649e+00,1.001478362804366462e+01,-1.134860732457424332e-01,0.000000000000000000e+00,4.158098703246230175e-03,9.999913550702196341e-01,5.711882611737895843e+01
3.128025347615184248e+00,9.888380192547060688e+00,-1.497069068624681532e-01,0.000000000000000000e+00,1.216388999231743200e-02,9.999260171533964625e-01,5.857967933734907717e+01
3.158857389234352997e+00,9.742423998839376154e+00,-1.807625472163061353e-01,-0.000000000000000000e+00,2.016684970649313888e-02,9.997966284064554454e-01,6.004053255731919592e+01
3.198815024391623574e+00,9.578474579204652173e+00,-2.070820436544572318e-01,0.000000000000000000e+00,-7.251584274855013036e-03,9.999737069170892001e-01,6.150138577728931466e+01
3.217749655938480835e+00,9.508519350268372250e+00,-2.156137129907736982e-01,0.000000000000000000e+00,-3.472669197328583091e-02,9.993968465352451869e-01,6.206996139128146694e+01
3.274332628230089526e+00,9.313929635289877496e+00,-2.333867033636407573e-01,0.000000000000000000e+00,-6.219631703638879572e-02,9.980639348995178350e-01,6.353081461125158569e+01
3.337809891605149737e+00,9.104519959006118768e+00,-2.473091648360889738e-01,0.000000000000000000e+00,-8.959819956515018002e-02,9.959779930473783294e-01,6.499166783122170443e+01
3.407208301825592311e+00,8.881423739699704001e+00,-2.577260384461153020e-01,0.000000000000000000e+00,-1.168706797253571267e-01,9.931471412739065752e-01,6.645252105119182318e+01
3.481586126932978420e+00,8.645727669940944438e+00,-2.649683617836662286e-01,-4.823012548367052593e-02,-4.216437089923737169e-02,9.979459007493848288e-01,6.791337427116194192e+01
3.560028969532730958e+00,8.398475743687161099e+00,-2.693545819169047006e-01,-1.012317788606636737e-01,4.101573237555012491e-02,9.940170203001570393e-01,6.937422749113206066e+01
3.641645825914861856e+00,8.140673144521535676e+00,-2.711918183801894644e-01,-1.579720548640183575e-01,1.313747920849426820e-01,9.786651592279546064e-01,7.083508071110217941e+01
3.725565265331072240e+00,7.873290009280003332e+00,-2.707770812359490686e-01,-2.166562264071992816e-01,2.263768089044889131e-01,9.496386786295158977e-01,7.229593393107229815e+01
3.810931713327486481e+00,7.597265080942531945e+00,-2.683984490419928925e-01,-2.748379243952909223e-01,3.223316637969581566e-01,9.058512095415963694e-01,7.375678715104241689e+01
3.896901823543548637e+00,7.313509264342561877e+00,-2.643362113960965876e-01,-3.298055101632534902e-01,4.149282010502177154e-01,8.479757740874359628e-01,7.521764037101253564e+01
3.982640922835696262e+00,7.022909097974765480e+00,-2.588639805862373300e-01,-3.791483991893096483e-01,5.001056314815782722e-01,7.785504792578292754e-01,7.667849359098265438e+01
4.067319514967478788e+00,6.726330154956299268e+00,-2.522497767553499859e-01,-4.212588181805131948e-01,5.748987754531331706e-01,7.014502164000274709e-01,7.813934681095277313e+01
4.150109828430148973e+00,6.424620386021453022e+00,-2.447570908895679020e-01,-4.555430121605942850e-01,6.378764617593115638e-01,6.209623044960732585e-01,7.960020003092289187e+01
4.230182394227210096e+00,6.118613417300138302e+00,-2.366459298458459815e-01,-4.823012638437331745e-01,6.890571992322862549e-01,5.409118847658046514e-01,8.106105325089301061e+01
4.264364354335069329e+00,5.981128553996973629e+00,-2.328655071424277911e-01,-5.024143593103287397e-01,7.294795710168736624e-01,4.641544646212399372e-01,8.171036784731685998e+01
4.337518574660665038e+00,5.669310558765303654e+00,-2.238846827465647282e-01,-4.811689140248298635e-01,6.976355353037168028e-01,5.308306095711347039e-01,8.317122106728697872e+01
4.406079550055263638e+00,5.355790605959630746e+00,-2.138377448246305823e-01,-4.549458939490634291e-01,6.584880200422690288e-01,5.995146045257778722e-01,8.463207428725709747e+01
4.469449652890173930e+00,5.041675833096415538e+00,-2.018931495401390941e-01,-4.233513740021972449e-01,6.114808085521806769e-01,6.684794947512024965e-01,8.609292750722721621e+01
4.527018205845394938e+00,4.728075169722615989e+00,-1.872118267906980327e-01,-3.863103471058922378e-01,5.565292726061807915e-01,7.355538623726752823e-01,8.755378072719733495e+01
4.578159066842824920e+00,4.416103747021517201e+00,-1.689438523850208262e-01,-3.441824741407313870e-01,4.941873638828649384e-01,7.983215353933962311e-01,8.901463394716745370e+01
4.622228182891091386e+00,4.106887348028692486e+00,-1.462250771719679210e-01,-2.978109096733410066e-01,4.257152996657190824e-01,8.544443491006680214e-01,9.047548716713757244e+01
4.658561103399756931e+00,3.801566916009483599e+00,-1.181736997520684285e-01,-2.484646565591355771e-01,3.529909719371209786e-01,9.020325316593837961e-01,9.193634038710769119e+01
4.686470443481781878e+00,3.501303138838853801e+00,-8.388676917861119520e-02,-1.976732037523498131e-01,2.782646328358244769e-01,9.399436677966536147e-01,9.339719360707780993e+01
4.705243287688356979e+00,3.207281127585009273e+00,-4.243660377785838517e-02,-1.470005494513141053e-01,2.038269325502139184e-01,9.679077538836965422e-01,9.485804682704792867e+01
4.714138524509854378e+00,2.920715207930488777e+00,7.132888114843669719e-03,-9.783174585899394315e-02,1.316976010678486964e-01,9.864505519158853764e-01,9.631890004701804742e+01
4.712384101830732419e+00,2.642853843568254479e+00,6.581000009533626016e-02,-5.123163980180277244e-02,6.342141065830886326e-02,9.966709806918873094e-01,9.777975326698816616e+01
4.699174193344877182e+00,2.374984711290914152e+00,1.346191473464393440e-01,-7.896110403326194946e-03,0.000000000000000000e+00,9.999688252343162942e-01,9.924060648695828490e+01
4.674114372337573542e+00,2.118311649419665432e+00,2.143651965023830874e-01,-6.943069469156356623e-03,8.883397129923947810e-02,9.960222484109240160e-01,1.007014597069284036e+02
4.660726427483062650e+00,2.027803350416411909e+00,2.479157894835591902e-01,-5.888917626029169933e-03,1.808768513204772610e-01,9.834881215884531125e-01,1.012402229325155218e+02
4.613802551180596012e+00,1.794388720231824941e+00,3.501499135530206641e-01,-4.752873340785992648e-03,2.738218659167676039e-01,9.617686810979374501e-01,1.027010761524856406e+02
4.556701825638088899e+00,1.574689058226491412e+00,4.637657437998171650e-01,-3.562423361933717697e-03,3.650958211981229495e-01,9.309631305714842764e-01,1.041619293724557593e+02
4.490224567278469081e+00,1.369700437624137512e+00,5.889666757280748177e-01,-2.350260134520232910e-03,4.521921282127889796e-01,8.919174600038328737e-01,1.056227825924258781e+02
4.415140697827818705e+00,1.180470812470502118e+00,7.260020523270249715e-01,-1.149938291370036260e-03,5.330038276278729059e-01,8.461120477667025686e-01,1.070836358123959968e+02
4.332193199386285443e+00,1.008104287857310322e+00,8.751681529870545262e-01,8.467482058952190987e-06,6.060582983568790771e-01,7.954202278802481318e-01,1.085444890323661156e+02
4.242141639144649368e+00,8.533572131447310083e-01,1.036371165656926330e+00,5.079244628515103716e-05,6.415761972115127110e-01,7.670593070889248910e-01,1.100053422523362343e+02
4.189070738795355631e+00,7.775427345063207207e-01,1.131393180992411374e+00,9.957619956371389870e-05,6.809726695607449809e-01,7.323088237867223516e-01,1.108104148349777063e+02
4.087220707119230134e+00,6.569522541880564726e-01,1.313931221499250013e+00,1.559064930512047711e-04,7.243820668336256041e-01,6.893987213093814015e-01,1.122712680549478250e+02
3.980467113495604004e+00,5.536535707938639028e-01,1.505412876742991291e+00,2.208756844004435059e-04,7.716040694983784531e-01,6.361030664502990151e-01,1.137321212749179438e+02
3.869596722743616102e+00,4.674265554520612986e-01,1.704597567109500611e+00,2.953634936123455891e-04,8.218189623175721215e-01,5.697486339919346499e-01,1.151929744948880625e+02
3.755378515670267259e+00,3.981121890523680040e-01,1.910275263857154959e+00,3.796259116325258415e-04,8.731771754571452382e-01,4.874027863531854576e-01,1.166538277148581813e+02
3.638567187889658605e+00,3.456120525728577086e-01,2.121261690038600101e+00,4.726384198466969020e-04,9.223245678544175208e-01,3.864157969662809777e-01,1.181146809348283000e+02
3.519906588695543181e+00,3.098880295585682565e-01,2.336393623556294763e+00,5.712819564151022612e-04,9.641127478032113229e-01,2.654925293869264680e-01,1.195755341547984187e+02
3.400133115213983537e+00,2.909622199491085359e-01,2.554524283723771383e+00,6.697918443684734539e-04,9.920021362433623091e-01,1.262193054468724041e-01,1.210363873747685375e+02
3.279979076882156175e+00,2.889170651729480732e-01,2.774518783035512470e+00,7.602500015088474840e-04,9.996702516546596140e-01,-2.566729390965613936e-02,1.224972405947386562e+02
3.160176045184311278e+00,3.038956851421054095e-01,2.995249626107395091e+00,8.346532377108498981e-04,9.835600613077501997e-01,-1.805793707882153709e-01,1.239580938147087750e+02
3.041458203549581629e+00,3.361024284563272624e-01,3.215592237949927767e+00,8.877764589855187058e-04,9.448029313174284294e-01,-3.276379599908308959e-01,1.254189470346788937e+02
2.924610874066192245e+00,3.856833203106174723e-01,3.434481669278394822e+00,9.188629240761447044e-04,8.888526428131969803e-01,-4.581922468297799367e-01,1.268798002546490125e+02
2.810518136028997915e+00,4.526058540131396302e-01,3.650969538283219240e+00,9.310040274570554339e-04,8.230767778585600380e-01,-5.679293538649603512e-01,1.283406534746191312e+02
2.700119955656212323e+00,5.367785039345707165e-01,3.864159103810096418e+00,9.291032416968058238e-04,7.542013876892442736e-01,-6.566425234286799029e-01,1.298015066945892499e+02
2.594370650178045690e+00,6.381703984048000544e-01,4.073140543350632470e+00,9.180192118375277242e-04,6.869981994928122671e-01,-7.266585381968346802e-01,1.312623599145593687e+02
2.494243125830338581e+00,7.568110879282083925e-01,4.276987344599178620e+00,9.016259971738630960e-04,6.242043559530274788e-01,-7.812605897393184451e-01,1.327232131345294874e+02
2.400733189316527572e+00,8.927905193752557755e-01,4.474752630818673360e+00,8.826373070868077236e-04,5.670264110950216097e-01,-8.236991380789977502e-01,1.341840663544996062e+02
2.314863951410013332e+00,1.046259215496764039e+00,4.665465405441332258e+00,8.627948219398867647e-04,5.157164802849300012e-01,-8.567588736322598875e-01,1.356449195744697249e+02
2.237690341738107325e+00,1.217428659776699229e+00,4.848126701010655459e+00,8.431413054525255203e-04,4.700125750293613347e-01,-8.826593161730114101e-01,1.371057727944398437e+02
2.170303754235823668e+00,1.406571887300232193e+00,5.021705617189051729e+00,8.242578295552722457e-04,4.294190013449196153e-01,-9.031050004750070803e-01,1.385666260144099624e+02
2.159222170997364465e+00,1.446122054308915716e+00,5.053477108230105763e+00,7.775613065119091338e-04,3.489882203002052097e-01,-9.371267883750362682e-01,1.388501375854586968e+02
2.112622383439372253e+00,1.664117350224918690e+00,5.207132203784298419e+00,7.235929389150441357e-04,2.638604579196146549e-01,-9.645605917513476735e-01,1.403109908054288155e+02
2.076693301078205156e+00,1.898710992846936785e+00,5.350987322647238642e+00,6.633287333646924622e-04,1.759069719812340338e-01,-9.844065710890926857e-01,1.417718440253989343e+02
2.051216047537948395e+00,2.148670975704229491e+00,5.485374838017401444e+00,5.982207924753716764e-04,8.724705512603914137e-02,-9.961865254578168294e-01,1.432326972453690530e+02
2.036005193341266839e+00,2.412826428393413547e+00,5.610589573736218583e+00,5.300273656876602468e-04,0.000000000000000000e+00,-9.999998595354860909e-01,1.446935504653391718e+02
2.032761084305399812e+00,2.578749567595826520e+00,5.680263832949195901e+00,4.989508509504344234e-04,-5.040304964133275611e-03,-9.999871731046937606e-01,1.455688020389493147e+02
2.036543654964273031e+00,2.867189522372705746e+00,5.787890386838300039e+00,4.678497860842602924e-04,-1.008240645117303505e-02,-9.999490618010153931e-01,1.470296552589194334e+02
2.048812387328912354e+00,3.165929668730514290e+00,5.887210919704104484e+00,4.367265241868970873e-04,-1.512592064134916058e-02,-9.998855013423760818e-01,1.484905084788895522e+02
2.068570262248304648e+00,3.473465070575624036e+00,5.978629387342678569e+00,4.055834257785049515e-04,-2.017046300981995000e-02,-9.997964732504582841e-01,1.499513616988596709e+02
2.094839885728272844e+00,3.788331704701546343e+00,6.062518405245799435e+00,3.744228579099183590e-04,-2.521564847270302626e-02,-9.996819648666391833e-01,1.514122149188297897e+02
2.126659843178207332e+00,4.109100646092168851e+00,6.139220726424661656e+00,3.432471932655115879e-04,-3.026109153366696863e-02,-9.995419693642459968e-01,1.528730681387999084e+02
2.163081077744989145e+00,4.434372414383328298e+00,6.209050600796608421e+00,3.120588092614472284e-04,-3.530640643095382669e-02,-9.993764857571103555e-01,1.543339213587700272e+02
2.203163279289462650e+00,4.762771459376939909e+00,6.272295021526063330e+00,2.808600871401051541e-04,-4.035120728470193568e-02,-9.991855189044117624e-01,1.557947745787401459e+02
2.245971270452068680e+00,5.092940764134159082e+00,6.329214863262874857e+00,2.496534110614978454e-04,-4.539510824443779291e-02,-9.989690795117984745e-01,1.572556277987102646e+02
2.290571376095440925e+00,5.423536544724215425e+00,6.380045916792580485e+00,2.184411671924788197e-04,-5.043772363660572328e-02,-9.987271841287859164e-01,1.587164810186803834e+02
2.336027762201559277e+00,5.753223026175533938e+00,6.424999824201876208e+00,1.872257427945557193e-04,-5.547866811200351245e-02,-9.984598551424285207e-01,1.601773342386505021e+02
2.381398730038088996e+00,6.080667274567040259e+00,6.464264918268169957e+00,1.560095253111236510e-04,-6.051755679299267859e-02,-9.981671207672765389e-01,1.616381874586206209e+02
2.425732951091292389e+00,6.404534065512355490e+00,6.498006969402610800e+00,1.247949014549305704e-04,-6.555400542035216827e-02,-9.978490150316234875e-01,1.630990406785907396e+02
2.468065627889585389e+00,6.723480769531451351e+00,6.526369843109053548e+00,9.358425629658893624e-05,-7.058763049964468517e-02,-9.975055777600607687e-01,1.645598938985608584e+02
2.507414565410486684e+00,7.036152234972554709e+00,6.549476070566470298e+00,6.237997235494603860e-05,-7.561804944696602637e-02,-9.971368545523604521e-01,1.660207471185309771e+02
2.542776137271620662e+00,7.341175649240207157e+00,6.567427334598189503e+00,3.118442869011899844e-05,-8.064488073394786294e-02,-9.967428967587070865e-01,1.674816003385010958e+02
2.573121130353734465e+00,7.637155359114991882e+00,6.580304873023631096e+00,0.000000000000000000e+00,-8.566774403188669174e-02,-9.963237614513102969e-01,1.689424535584712146e+02
2.597707755473182889e+00,7.922768037503119309e+00,6.587488865157343554e+00,0.000000000000000000e+00,-8.316462089049932171e-02,-9.965358226537265329e-01,1.704033067784413333e+02
2.616412430370382847e+00,8.196816691604830396e+00,6.587861042591524274e+00,0.000000000000000000e+00,-8.066076744623089378e-02,-9.967416117505002449e-01,1.718641599984114521e+02
2.629428473407820821e+00,8.458082776480516429e+00,6.581367194920258790e+00,0.000000000000000000e+00,-7.815623096978897844e-02,-9.969411234173245484e-01,1.733250132183815708e+02
2.630132579123710013e+00,8.482778728978466631e+00,6.580123649352250581e+00,0.000000000000000000e+00,-7.565105878053632327e-02,-9.971343526854261619e-01,1.734678883512515597e+02
2.631598843465359661e+00,8.725755706657563948e+00,6.561618074547532764e+00,0.000000000000000000e+00,-7.314529824202395392e-02,-9.973212949421491613e-01,1.749287415712216784e+02
2.627678097169187765e+00,8.953067600853268360e+00,6.537988602818293415e+00,0.000000000000000000e+00,-7.063899675751551810e-02,-9.975019459314812265e-01,1.763895947911917972e+02
2.618468581021321739e+00,9.163336953994354772e+00,6.510278434066180786e+00,0.000000000000000000e+00,-6.813220176550467688e-02,-9.976763017545242640e-01,1.778504480111619159e+02
2.604052058529313651e+00,9.355225147184441425e+00,6.479628186460115735e+00,0.000000000000000000e+00,-6.562496073522627871e-02,-9.978443588699091871e-01,1.793113012311320347e+02
2.584486854596008687e+00,9.527372136828679672e+00,6.447173656598098823e+00,0.000000000000000000e+00,-6.311732116216192678e-02,-9.980061140941534070e-01,1.807721544511021534e+02
2.559800965926382954e+00,9.678340806692723675e+00,6.414043485088796182e+00,0.000000000000000000e+00,-6.060933056354169540e-02,-9.981615646019632582e-01,1.822330076710722722e+02
2.529991618929004815e+00,9.806611585900625983e+00,6.381363632836125177e+00,0.000000000000000000e+00,-5.810103647384215475e-02,-9.983107079264778028e-01,1.836938608910423909e+02
2.495024666042305661e+00,9.910576749796890184e+00,6.350261846696071188e+00,0.000000000000000000e+00,-5.559248644028232794e-02,-9.984535419594579020e-01,1.851547141110125096e+02
2.454833815794659202e+00,9.988534382618837526e+00,6.321872132216784124e+00,0.000000000000000000e+00,-5.308372801831839904e-02,-9.985900649514181104e-01,1.866155673309826284e+02
2.409319691091495574e+00,1.003868197964531817e+01,6.297339251201199417e+00,0.000000000000000000e+00,-5.057480876713783824e-02,-9.987202755117007280e-01,1.880764205509527471e+02
2.358348709375799324e+00,1.005910966512603011e+01,6.277823261929864174e+00,-0.000000000000000000e+00,-4.806577624515451230e-02,-9.988441726084960059e-01,1.895372737709228659e+02
2.302194411956646647e+00,1.004898920201053159e+01,6.264204529370161367e+00,4.089417020555645432e-02,-1.113032644660727766e-01,-9.929447367111597922e-01,1.909981269908929846e+02
2.292124681296937805e+00,1.004345601145976730e+01,6.262969514428297302e+00,8.343531044961161047e-02,-1.767939098138227028e-01,-9.807050843260265438e-01,1.912413888507595914e+02
2.228261846544566716e+00,9.988616525877013430e+00,6.261774347991038603e+00,1.268853339284516935e-01,-2.433659240490542164e-01,-9.615992611507223620e-01,1.927022420707297101e+02
2.162168212303412052e+00,9.907578345935140973e+00,6.266844296478121912e+00,1.703719172937016579e-01,-3.096562934712711046e-01,-9.354605227968213477e-01,1.941630952906998289e+02
2.095413350645542572e+00,9.802683407693994155e+00,6.278258477883587041e+00,2.129648974812958229e-01,-3.742327328910490802e-01,-9.025496186214240213e-01,1.956239485106699476e+02
2.029580118401019817e+00,9.676170153869398050e+00,6.296121171917253179e+00,2.537706709030971286e-01,-4.357404242588180376e-01,-8.635570214271534040e-01,1.970848017306400664e+02
1.966270299818753786e+00,9.530182130364023507e+00,6.320562233586843881e+00,2.920235922574855869e-01,-4.930405890259285107e-01,-8.195323051216464316e-01,1.985456549506101851e+02
1.907110383241240381e+00,9.366776174985043113e+00,6.351737608213865904e+00,3.271533702106225738e-01,-5.453090513680718399e-01,-7.717568988067970981e-01,2.000065081705803038e+02
1.853757492175358568e+00,9.187930229218068234e+00,6.389829949925852404e+00,3.588157289843061926e-01,-5.920765985521623254e-01,-7.215930806766113204e-01,2.014673613905504226e+02
1.807718018344083966e+00,8.995384211970325339e+00,6.433755833626522147e+00,3.397411518497488458e-01,-5.751156867889403168e-01,-7.441894224920772016e-01,2.029282146105205413e+02
1.770164159761974165e+00,8.790481630455946771e+00,6.479867945588146938e+00,3.196767194008112711e-01,-5.569427829704477473e-01,-7.665647601933367472e-01,2.043890678304906601e+02
1.763721968746187807e+00,8.741105074341684045e+00,6.490060361138749734e+00,2.986366547701567731e-01,-5.375423296352449531e-01,-7.885837890027944663e-01,2.047250462175581163e+02
1.745918459872834116e+00,8.517351249967543225e+00,6.529529467682213983e+00,2.766486736287482318e-01,-5.169126171570320727e-01,-8.101029919728243156e-01,2.061858994375282350e+02
1.738626629849740146e+00,8.284034991408324444e+00,6.560186560307026404e+00,2.537550608245013328e-01,-4.950676452271239314e-01,-8.309731618742113302e-01,2.076467526574983538e+02
1.741917435079628929e+00,8.042950594517927598e+00,6.577216889256848553e+00,2.300133497425112528e-01,-4.720386599729257115e-01,-8.510425150550315898e-01,2.091076058774684725e+02
1.755551462245312111e+00,7.796127982861455585e+00,6.575811229738548036e+00,2.054964983633428000e-01,-4.478752229474664559e-01,-8.701603150168145673e-01,2.105684590974385912e+02
1.779344725294211393e+00,7.545576200650710774e+00,6.551087238361322562e+00,1.802924760735528098e-01,-4.226456784413169521e-01,-8.881808675974428580e-01,2.120293123174087100e+02
1.813089227243286805e+00,7.293229726283972703e+00,6.500165234579347029e+00,1.545032083506098219e-01,-3.964369118807214432e-01,-9.049676974941399665e-01,2.134901655373788287e+02
1.856472911613374910e+00,7.040895215220501768e+00,6.424251924907634859e+00,1.282428707637373877e-01,-3.693533343064971941e-01,-9.203976752116164173e-01,2.149510187573489475e+02
1.909156135239420182e+00,6.790320367810842583e+00,6.326550043485275943e+00,1.016355753215704566e-01,-3.415150832038547635e-01,-9.343648418970598168e-01,2.164118719773190662e+02
1.970848648573671369e+00,6.543261868806782289e+00,6.210175909075211997e+00,7.481254515907029279e-02,-3.130554927088394779e-01,-9.467836825651612109e-01,2.178727251972891850e+02
2.023285035693203504e+00,6.363525206116706023e+00,6.111960745123680816e+00,4.790892092991743539e-02,-2.841179488477714177e-01,-9.575916282204361973e-01,2.189582980204512239e+02
2.102524473556311779e+00,6.128491099919475715e+00,5.966645949945536209e+00,2.106037728488254976e-02,-2.548522995758690235e-01,-9.667506223993392878e-01,2.204191512404213427e+02
2.190189183032476006e+00,5.902070777414095026e+00,5.810943031345384924e+00,-5.600254750606953151e-03,-2.254110273754819371e-01,-9.742476614723065698e-01,2.218800044603914614e+02
2.286176866653525153e+00,5.686120174659833104e+00,5.647738259906224023e+00,-3.194616639655998430e-02,-1.959454087968343361e-01,-9.800943011894339696e-01,2.233408576803615802e+02
2.390371548431371895e+00,5.483066873884376413e+00,5.479113739137611461e+00,-5.785937984161768077e-02,-1.666018787197583173e-01,-9.843252034624484503e-01,2.248017109003316989e+02
2.502588319621789292e+00,5.296450147920120699e+00,5.305581249231907215e+00,-8.323305421078050492e-02,-1.375187891246877625e-01,-9.869958669236790216e-01,2.262625641203018176e+02
2.622640408996667727e+00,5.130404782835019439e+00,5.126858690875200075e+00,-1.079732039252790377e-01,-1.088237077886134024e-01,-9.881797345914601349e-01,2.277234173402719364e+02
2.728583522298614117e+00,5.013069016175880854e+00,4.974170215955681762e+00,-1.319997957848733638e-01,-8.063134855480179330e-02,-9.879648979305822865e-01,2.289345285323694554e+02
2.864016964957287747e+00,4.900032125020604923e+00,4.784299575595804654e+00,-1.552472390411410441e-01,-5.304216916923033820e-02,-9.864506186626502693e-01,2.303953817523395742e+02
2.926186611383452263e+00,4.864137119375359752e+00,4.699107746603932156e+00,-1.776643224227664186e-01,-2.614162178938543926e-02,-9.837438712125631257e-01,2.310309994157646258e+02
3.075590790198611479e+00,4.813477326515573473e+00,4.497203285154628638e+00,-1.992136805227447960e-01,0.000000000000000000e+00,-9.799560752873477387e-01,2.324918526357347446e+02
3.146240934273634160e+00,4.804755136571927210e+00,4.401941479844548866e+00,-2.610501839463382212e-01,7.581200284682333701e-02,-9.623436712972845974e-01,2.331605459204716340e+02
3.303922326915589291e+00,4.815937460668139103e+00,4.187796313480848021e+00,-3.273498949694014226e-01,1.599693199000601640e-01,-9.312635840374271501e-01,2.346213991404417527e+02
3.463094633821963253e+00,4.855903763053220246e+00,3.968175025517829191e+00,-3.955985829525136555e-01,2.502770312797635288e-01,-8.836646246058238452e-01,2.360822523604118715e+02
3.621641595063272323e+00,4.921334364176936482e+00,3.743778577258803697e+00,-4.621143370528001393e-01,3.428657726808539974e-01,-8.178590351730621322e-01,2.375431055803819902e+02
3.777421755209432241e+00,5.009023086390024027e+00,3.515288991302293997e+00,-5.226395081251761221e-01,4.326150701484628436e-01,-7.346374246028544164e-01,2.390039588003521089e+02
3.928260642925333723e+00,5.115864981873525785e+00,3.283372056507622982e+00,-5.734205523896882539e-01,5.142986628984550501e-01,-6.377191822722334535e-01,2.404648120203222277e+02
4.071942734802572517e+00,5.238844508064310013e+00,3.048679968571286203e+00,-6.122617119828517307e-01,5.839797479934121238e-01,-5.330133675372302759e-01,2.419256652402923464e+02
4.206203174232698849e+00,5.375024106151173875e+00,2.811853916685342902e+00,-6.389396950773417183e-01,6.398772922011817244e-01,-4.269814012105880852e-01,2.433865184602624652e+02
4.328719214841807883e+00,5.521533139986390282e+00,2.573526626543451989e+00,-6.548298045269883572e-01,6.823080417163012168e-01,-3.250440944124542431e-01,2.448473716802325839e+02
4.437101356623445625e+00,5.675557154370797441e+00,2.334324869783050538e+00,-6.621269057880017073e-01,7.129750327387287534e-01,-2.307695025838888137e-01,2.463082249002027027e+02
4.529086198557235043e+00,5.834629952359897231e+00,2.095013851749397915e+00,-6.722702610289100766e-01,7.175165100366964754e-01,-1.822711001801447517e-01,2.477690781201728214e+02
4.602732529021124286e+00,5.996925250090642479e+00,1.856642148300574169e+00,-6.816318181912399687e-01,7.204888358914020019e-01,-1.275692039057887139e-01,2.492299313401429401e+02
4.603072620720034536e+00,5.997802736977837945e+00,1.855370565367416846e+00,-6.895978050847337837e-01,7.211775768984866053e-01,-6.601340622286393234e-02,2.492377698747982606e+02
4.655248671093087154e+00,6.161819904680352344e+00,1.620382616198899672e+00,-6.953458841800271850e-01,7.186693474749141775e-01,2.910387238360432477e-03,2.506986230947683794e+02
4.685329664402640759e+00,6.326075425566586752e+00,1.388747272817373757e+00,-6.978255717594691321e-01,7.118498988250644421e-01,7.943042830877604377e-02,2.521594763147384981e+02
4.692510158742023485e+00,6.489102165945395129e+00,1.162276477728941604e+00,-6.957782007523535261e-01,6.994492471802935540e-01,1.632894545790952723e-01,2.536203295347086168e+02
4.678310677588052968e+00,6.649425785025680824e+00,9.431667819707262312e-01,-6.878271749342171892e-01,6.801624521505963417e-01,2.535208395901639156e-01,2.550811827546787356e+02
4.645369772419047472e+00,6.805545928216673701e+00,7.325991261312126968e-01,-6.726644771507457321e-01,6.528646942956489729e-01,3.482674146712017582e-01,2.565420359746488543e+02
4.596240466627979693e+00,6.955928260700807719e+00,5.309704172833121794e-01,-6.493291231835699451e-01,6.169031160031697159e-01,4.447496320979209550e-01,2.580028891946190015e+02
4.533400213428364189e+00,7.098999046684443925e+00,3.387130151074788653e-01,-6.175147948844601498e-01,5.723875824782825861e-01,5.394885851651268771e-01,2.594637424145891487e+02
4.459260512849459346e+00,7.233139508882410418e+00,1.562964466699863220e-01,-5.777855066879113988e-01,5.203523441933478599e-01,6.288062866685424357e-01,2.609245956345592958e+02
4.376176224892656563e+00,7.356679948608611852e+00,-1.577073139085127459e-02,-5.315765965839068796e-01,4.626773278527672728e-01,7.094758715102954527e-01,2.623854488545294430e+02
4.286454614368137683e+00,7.467893605545058655e+00,-1.769389158839669851e-01,-4.809463875024337920e-01,4.017628761606962251e-01,7.792799007336476125e-01,2.638463020744995902e+02
4.192364161707413217e+00,7.564990235012958308e+00,-3.266152772905753787e-01,-4.281726410084202294e-01,3.400812120606699351e-01,8.372651662975238995e-01,2.653071552944697373e+02
4.096143172952048772e+00,7.646109379241713633e+00,-4.641614085500465059e-01,-3.753573970167652374e-01,2.797796852162199310e-01,8.836459428103042857e-01,2.667680085144398845e+02
4.000008221147838050e+00,7.709313307719150465e+00,-5.888907930817117720e-01,-3.241674953049149543e-01,2.224530813019221787e-01,9.194727084623111057e-01,2.682288617344100317e+02
3.906162450519801599e+00,7.752579600204334120e+00,-7.000660820012097885e-01,-2.757446156702808016e-01,1.690986601952368384e-01,9.462402179409967751e-01,2.696897149543801788e+02
3.816803774066114485e+00,7.773793344384004378e+00,-7.968961697323080351e-01,-2.307441396957358171e-01,1.201962555978094704e-01,9.655620136150451227e-01,2.711505681743503260e+02
3.734132994584721477e+00,7.770738918447960941e+00,-8.785330564142022070e-01,-1.894383913115118834e-01,7.584092546968596027e-02,9.789592687753705391e-01,2.726114213943204732e+02
3.660361878625460363e+00,7.741091327043338133e+00,-9.440684846606364200e-01,-1.518325779131927400e-01,3.587582331361499621e-02,9.877549258727108539e-01,2.740722746142906203e+02
3.649376169180408525e+00,7.732062427294557061e+00,-9.525386001287347026e-01,-1.177652196089313680e-01,0.000000000000000000e+00,9.930414659270077049e-01,2.743264761221275307e+02
3.597344075843438294e+00,7.657324681371712849e+00,-9.841269925117744899e-01,-1.099618569614718572e-01,-7.714188815243597420e-08,9.939358077932290980e-01,2.757873293420976779e+02
3.555621608290011171e+00,7.553981734302023021e+00,-9.989061852744581804e-01,-1.021454200747976548e-01,-1.543411160155043717e-07,9.947694773955015890e-01,2.772481825620678251e+02
3.527232905105312621e+00,7.440378724814741496e+00,-9.977484511852614535e-01,-9.431733670655211010e-02,-2.315834220911678886e-07,9.955421839362355030e-01,2.785185818412451226e+02
3.502220723499437582e+00,7.284556818434693604e+00,-9.815820300888826733e-01,-8.647904402626212239e-02,-3.088544916709334228e-07,9.962536699777865268e-01,2.799794350612152698e+02
3.483209564956136095e+00,7.106073308051684911e+00,-9.522018603907147494e-01,-7.863198730484328991e-02,-3.861399700144637087e-07,9.969037117858182695e-01,2.814402882811854170e+02
3.468581471875250788e+00,6.907549205343054943e+00,-9.112336165906157470e-01,-7.077761858788918226e-02,-4.634254756270647491e-07,9.974921196214096009e-01,2.829011415011555641e+02
3.456754020110176295e+00,6.691538446798876549e+00,-8.602570139015174311e-01,-6.291739535557339114e-02,-5.406966136075170834e-07,9.980187379810953052e-01,2.843619947211257113e+02
3.446173556761202850e+00,6.460537608410017008e+00,-8.008120735348291941e-01,-5.505277917204237648e-02,-6.179389890374214112e-07,9.984834457841814670e-01,2.858228479410958585e+02
3.435308619926171758e+00,6.216995442530244276e+00,-7.344052305566143302e-01,-4.718523432721584421e-02,-6.951382203830355693e-07,9.988861565068376525e-01,2.872837011610660056e+02
3.422643512976101920e+00,5.963322272861340423e+00,-6.625153085380940388e-01,-3.931622647393749614e-02,-7.722799528805089751e-07,9.992268182626272699e-01,2.887445543810361528e+02
3.406672006790035567e+00,5.701899283142764396e+00,-5.865993846956737423e-01,-3.144722126343504204e-02,-8.493498718754561178e-07,9.995054138293034685e-01,2.902054076010063000e+02
3.385891144140779740e+00,5.435087734892300126e+00,-5.080985687834452813e-01,-2.357968298205189925e-02,-9.263337160879581682e-07,9.997219606218559207e-01,2.916662608209764471e+02
3.358795121077442491e+00,5.165238149439441706e+00,-4.284437186581361301e-01,-1.571507319220527554e-02,-1.003217290774356696e-06,9.998765106119640311e-01,2.931271140409465943e+02
3.323869220704112504e+00,4.894699489522513325e+00,-3.490611151841636062e-01,-7.854849380506347470e-03,-1.079986480757564789e-06,9.999691501941663230e-01,2.945879672609167415e+02
3.279583775208804397e+00,4.625828375885007837e+00,-2.713781189859464926e-01,-4.636159474099297807e-07,-1.156627263298117030e-06,9.999999999992237321e-01,2.960488204808868886e+02
3.273291885122671996e+00,4.594915848337074671e+00,-2.626988434128709748e-01,1.351726556876133717e-02,-1.574989982429244595e-01,9.874266297219347344e-01,2.962181519587234106e+02
3.208271885740705098e+00,4.331977802402099620e+00,-1.912939483849027955e-01,2.741955391682599982e-02,-3.194772386944216280e-01,9.471971611122944612e-01,2.976790051786935578e+02
3.131037646643927363e+00,4.076524895636229218e+00,-1.241213127377704950e-01,4.055276092148670658e-02,-4.724945753812131444e-01,8.804001078015448734e-01,2.991398583986637050e+02
3.040365769058913870e+00,3.831561659438923240e+00,-6.215628228056450932e-02,5.194392941761561550e-02,-6.052149264965294151e-01,7.943656091136236386e-01,3.006007116186338521e+02
2.963774473540333521e+00,3.662222929370396063e+00,-2.110647658975266239e-02,4.519035102546811733e-02,-5.024734000345129070e-01,8.634108607331455465e-01,3.016681040042714699e+02
2.844813072467510917e+00,3.446502332959483716e+00,2.960883819876670986e-02,3.716854466043944399e-02,-3.836030363901091755e-01,9.227498088648479202e-01,3.031289572242416170e+02
2.712042221716556512e+00,3.250107427090216827e+00,7.572550038799127914e-02,2.814512391443223585e-02,-2.530235637676762073e-01,9.670506337199443747e-01,3.045898104442117642e+02
2.565870627056119346e+00,3.076368269379463172e+00,1.181688546278021057e-01,1.858427242890467457e-02,-1.176126095430636287e-01,9.928856424053875696e-01,3.060506636641819114e+02
2.406676849460209766e+00,2.928700354129799344e+00,1.578496768929187888e-01,9.038070295903146215e-03,1.496201316921982188e-02,9.998472140518521734e-01,3.075115168841520585e+02
2.234811459759743268e+00,2.810618093164257481e+00,1.956677866945299160e-01,-0.000000000000000000e+00,1.382410334876689184e-01,9.903986150334931349e-01,3.089723701041222057e+02
2.051255917675342211e+00,2.724409279495440650e+00,2.325329006379558139e-01,7.757998469449740864e-02,1.077466626624833806e-01,9.911468118598265598e-01,3.104332233240923529e+02
1.858271614422976059e+00,2.669798841094176201e+00,2.693855252312279402e-01,1.679151769335379130e-01,7.101340355609855881e-02,9.832403520354304760e-01,3.118940765440625000e+02
1.658734318282766740e+00,2.645278496323177020e+00,3.071834022146956999e-01,2.711190483540840690e-01,2.736524663881078831e-02,9.621567465314437850e-01,3.133549297640326472e+02
1.542360386311430576e+00,2.647284971393555342e+00,3.298249045531682633e-01,3.851326909146955413e-01,-2.312896436987896265e-02,9.225713313321537434e-01,3.141903599517295333e+02
1.337232201125618358e+00,2.677786650722941530e+00,3.719520004865661256e-01,5.046741737739730560e-01,-7.905615598481026407e-02,8.596825591614982720e-01,3.156512131716996805e+02
1.133037548183196019e+00,2.734986703977549283e+00,4.174799254550861094e-01,6.211715363409403556e-01,-1.373059296085193948e-01,7.715523340215983961e-01,3.171120663916698277e+02
9.325745525975874806e-01,2.817741571449517757e+00,4.674008308574599257e-01,7.247001246939330787e-01,-1.935241717050503463e-01,6.613305710720410735e-01,3.185729196116399748e+02
7.386485912879405813e-01,2.924988047216357856e+00,5.227242910168400369e-01,8.074786747429962830e-01,-2.434854890794028170e-01,5.373015972831819420e-01,3.200337728316101220e+02
5.540349948191848339e-01,3.055623318922048082e+00,5.844955291199721570e-01,8.665485491947638730e-01,-2.845480919929299635e-01,4.100317002764945484e-01,3.214946260515802692e+02
3.811665302225923369e-01,3.208039566812068699e+00,6.538637291911120197e-01,9.037301542813325206e-01,-3.161561403390154013e-01,2.886470217559427009e-01,3.229554792715504163e+02
2.219138716485053175e-01,3.379890719403386701e+00,7.321223166285696360e-01,9.235334653112745595e-01,-3.393035192411372192e-01,1.787709715829952639e-01,3.244163324915205635e+02
7.791125918104900572e-02,3.568548418962820712e+00,8.206499215122918800e-01,9.309598081041272621e-01,-3.556568683704743883e-01,8.259556692482680762e-02,3.258771857114907107e+02
-4.916415954988758580e-02,3.771438422801813406e+00,9.208659017098278499e-01,9.302570451933813711e-01,-3.669084761464080913e-01,0.000000000000000000e+00,3.273380389314608578e+02
-1.575852803474021846e-01,3.986030276480820866e+00,1.034235972162672379e+00,9.255325390157769228e-01,-3.784831971156842889e-01,1.183168306283942720e-02,3.287988921514310050e+02
-2.455678649415871662e-01,4.209827109024137037e+00,1.162278018031777993e+00,9.205277079393240358e-01,-3.899593370597968511e-01,2.367391720561221394e-02,3.302597453714011522e+02
-3.112632057883045755e-01,4.440355509362818864e+00,1.305575323896171369e+00,9.152462705944975907e-01,-4.013263844036089045e-01,3.551615610381363142e-02,3.317205985913712993e+02
-3.538148913753361158e-01,4.675157852422647586e+00,1.463304284471391936e+00,9.096926920989377718e-01,-4.125741006168395786e-01,4.734783460722438719e-02,3.331814518113414465e+02
-3.744195615342640338e-01,4.911794290623022086e+00,1.634742117206305023e+00,9.038721652642436322e-01,-4.236925662554668626e-01,5.915841580354217616e-02,3.346423050313115937e+02
-3.752672653886558463e-01,5.147844817019128882e+00,1.819738598310362221e+00,8.977905864051844986e-01,-4.346722246363473596e-01,7.093743787256295841e-02,3.361031582512817408e+02
-3.583283149005956902e-01,5.381295146090264936e+00,2.017851368921111721e+00,9.001018936462301667e-01,-4.355635366306024325e-01,1.004920953668939597e-02,3.375640114712518880e+02
-3.251999660610604970e-01,5.610920384272940709e+00,2.227998270856867524e+00,8.988800980929206874e-01,-4.347298097678738427e-01,-5.499601577977623196e-02,3.390248646912220352e+02
-2.772648424979375359e-01,5.835884398503570658e+00,2.448798964495349839e+00,8.934257372445096879e-01,-4.318343393063008850e-01,-1.237317882558679333e-01,3.404857179111921823e+02
-2.644854363772990991e-01,5.881878033605311806e+00,2.496822132217065615e+00,8.830922379264544153e-01,-4.265670275935832256e-01,-1.954192167726130080e-01,3.407902929087251209e+02
-1.906261466253636461e-01,6.097519811534209744e+00,2.735833780815527749e+00,8.673644812896764700e-01,-4.186824152597575788e-01,-2.690425463553048901e-01,3.422511461286952681e+02
-1.048388645274854897e-01,6.306431342606332535e+00,2.982473226838710634e+00,8.459419070020877118e-01,-4.080397583095608516e-01,-3.433450824117718625e-01,3.437119993486654153e+02
-8.316059313592827698e-03,6.507724236477352875e+00,3.235504884420596916e+00,8.188086095893025718e-01,-3.946366418865276948e-01,-4.169105200675053968e-01,3.451728525686355624e+02
9.778648463088950027e-02,6.700488449361666987e+00,3.493718519726144223e+00,7.862709573757683534e-01,-3.786267369735482613e-01,-4.882824752498866605e-01,3.466337057886057096e+02
2.123448808781626118e-01,6.883788512012894323e+00,3.755924451059701852e+00,7.489485984368546845e-01,-3.603149367047014384e-01,-5.561017382520557772e-01,3.480945590085758568e+02
3.342624552347971956e-01,7.056659690954480979e+00,4.020948830484637249e+00,7.077167981150113141e-01,-3.401289839775987200e-01,-6.192327574702446435e-01,3.495554122285460039e+02
4.624651419185157875e-01,7.218104067407094426e+00,4.287628988240669514e+00,6.636122039499245950e-01,-3.185735420374137816e-01,-6.768528208425076409e-01,3.510162654485161511e+02
5.958969425923541507e-01,7.367086518172089704e+00,4.554808821494725102e+00,6.177239182269022022e-01,-2.961773509647857572e-01,-7.284889413202408903e-01,3.524771186684862982e+02
7.335154293557819560e-01,7.502530582478445176e+00,4.821334209136575844e+00,5.710930853895126447e-01,-2.734446970325633552e-01,-7.740030267932138663e-01,3.539379718884564454e+02
8.742872728552076866e-01,7.623314198483974735e+00,5.086048434434178311e+00,5.246377246857127918e-01,-2.508192408741638513e-01,-8.135385462557421787e-01,3.553988251084265926e+02
1.017183776662464956e+00,7.728265292743233594e+00,5.347787597394764170e+00,4.791095088962391002e-01,-2.286633769037966224e-01,-8.474474252413284336e-01,3.568596783283967397e+02
1.161379701309303902e+00,7.816607971510826758e+00,5.605220425116541172e+00,4.471247681837500210e-01,-2.133981010432542125e-01,-8.686430176705278727e-01,3.583205315483668869e+02
1.306457051814113868e+00,7.888408427722167104e+00,5.856687418325207339e+00,4.136992111725820709e-01,-1.974451704519323003e-01,-8.887453894903708518e-01,3.597813847683370341e+02
1.452205951033576747e+00,7.944121651621085967e+00,6.100349843177120590e+00,3.789507392369911853e-01,-1.808608556188909811e-01,-9.075713129757575492e-01,3.612422379883071812e+02
1.598422157705429614e+00,7.984141476473721077e+00,6.334338012203074797e+00,3.430255563819717413e-01,-1.637149349577876334e-01,-9.249491271094891776e-01,3.627030912082773284e+02
1.744898562253817342e+00,8.008801273364120732e+00,6.556744825086568085e+00,3.060959466948018348e-01,-1.460896340568275109e-01,-9.407247685897056622e-01,3.641639444282474756e+02
1.799015503822131157e+00,8.012733434594721871e+00,6.634078196917137404e+00,2.683566519117028260e-01,-1.280778968092159686e-01,-9.547673851382172394e-01,3.647036350904151050e+02
1.945241749810738829e+00,8.009501230416161022e+00,6.829708787523553148e+00,2.300199880236008243e-01,-1.097810547280087395e-01,-9.669741077880155133e-01,3.661644883103852521e+02
2.090914594822856909e+00,7.991404336665540065e+00,7.011487730636393856e+00,1.913099683512538840e-01,-9.130602208112334472e-02,-9.772736087407475347e-01,3.676253415303553993e+02
2.235715287999247014e+00,7.958541835381992335e+00,7.179253799923965396e+00,1.524558050334021420e-01,-7.276219436311466560e-02,-9.856281705506806379e-01,3.690861947503255465e+02
2.379322087227522253e+00,7.910957560568152580e+00,7.332790192754265135e+00,1.136852240384018248e-01,-5.425825776777794957e-02,-9.920341280920448312e-01,3.705470479702956936e+02
2.521408588992843924e+00,7.848640294630517822e+00,7.471823670334443612e+00,7.521804029474027375e-02,-3.589912280702839409e-02,-9.965206969230014922e-01,3.720079011902658408e+02
2.661642040242644391e+00,7.771523762104405542e+00,7.596023474020434207e+00,3.726039847760289486e-02,-1.778317562575229202e-02,-9.991473471765582870e-01,3.734687544102359880e+02
2.799681624104955358e+00,7.679486420788792067e+00,7.705000013498305655e+00,-0.000000000000000000e+00,-0.000000000000000000e+00,-1.000000000000000000e+00,3.749296076302061351e+02
2.935186818437495848e+00,7.572711411729276421e+00,7.798657746909489319e+00,0.000000000000000000e+00,8.176764388267177301e-04,-9.999996657025647107e-01,3.763904608501762823e+02
3.067829099089661060e+00,7.452047605524430907e+00,7.877549227197397030e+00,0.000000000000000000e+00,1.635367092574803493e-03,-9.999986627863421962e-01,3.778513140701464295e+02
3.197285159879324379e+00,7.318652448415551071e+00,7.942522868303338868e+00,0.000000000000000000e+00,2.453070321403265017e-03,-9.999969912184727416e-01,3.793121672901165766e+02
3.323226837605899320e+00,7.173636087246148207e+00,7.994371884772495385e+00,0.000000000000000000e+00,3.270784485313193383e-03,-9.999946509701193031e-01,3.807730205100867238e+02
3.352533167205943077e+00,7.136699702243689991e+00,8.003795907704105872e+00,0.000000000000000000e+00,4.088507944164204190e-03,-9.999916420164672859e-01,3.811229898868515420e+02
3.470993363875233939e+00,6.974051600596822276e+00,8.031037381970024924e+00,0.000000000000000000e+00,4.906239057690877856e-03,-9.999879643367258764e-01,3.825838431068216892e+02
3.585062381661481723e+00,6.802217132934949895e+00,8.046676131632926499e+00,0.000000000000000000e+00,5.723976185519208913e-03,-9.999836179141273762e-01,3.840446963267918363e+02
3.694374705469513298e+00,6.622165267894184026e+00,8.051309677070479509e+00,0.000000000000000000e+00,6.541717687183055095e-03,-9.999786027359290896e-01,3.855055495467619835e+02
3.798552433715126408e+00,6.434835542405613396e+00,8.045491891020525088e+00,0.000000000000000000e+00,7.359461922140589883e-03,-9.999729187934123242e-01,3.869664027667321307e+02
3.897203575189032154e+00,6.241141805580801893e+00,8.029735195287468486e+00,0.000000000000000000e+00,8.177207249790752891e-03,-9.999665660818836121e-01,3.884272559867022778e+02
3.989920315261118677e+00,6.041975874350701936e+00,8.004512593050540303e+00,0.000000000000000000e+00,8.994952029489702849e-03,-9.999595446006739330e-01,3.898881092066724250e+02
4.076277243926708316e+00,5.838211115309016819e+00,7.970259544834278564e+00,0.000000000000000000e+00,9.812694620567292275e-03,-9.999518543531400461e-01,3.913489624266425722e+02
4.155829538143191115e+00,5.630705966975531496e+00,7.927375695581956094e+00,0.000000000000000000e+00,1.063043338234350224e-02,-9.999434953466639353e-01,3.928098156466127193e+02
4.228111090820992679e+00,5.420307416514180687e+00,7.876226459681745062e+00,0.000000000000000000e+00,1.144816667414491271e-02,-9.999344675926523651e-01,3.942706688665828665e+02
4.292632578716481184e+00,5.207854444815661843e+00,7.817144470231680131e+00,0.000000000000000000e+00,1.226589285532116332e-02,-9.999247711065376576e-01,3.957315220865530137e+02
4.348879461326379037e+00,4.994181453784712232e+00,7.750430898291333470e+00,0.000000000000000000e+00,1.308361028526140550e-02,-9.999144059077774704e-01,3.971923753065231608e+02
4.396309902703358752e+00,4.780121689657023332e+00,7.676356647352427842e+00,0.000000000000000000e+00,1.390131732341076502e-02,-9.999033720198536868e-01,3.986532285264933080e+02
4.434352607900311938e+00,4.566510676210794983e+00,7.595163427765710296e+00,0.000000000000000000e+00,1.471901232928679755e-02,-9.998916694702733032e-01,4.001140817464634551e+02
4.462404565505993403e+00,4.354189671833673891e+00,7.507064715385339149e+00,0.000000000000000000e+00,1.553669366249593904e-02,-9.998792982905675419e-01,4.015749349664336023e+02
4.479828687456470782e+00,4.144009164557616920e+00,7.412246598233001471e+00,0.000000000000000000e+00,1.635435968274997001e-02,-9.998662585162914063e-01,4.030357881864037495e+02
4.485951336994721927e+00,3.936832419382583215e+00,7.310868514539675012e+00,0.000000000000000000e+00,1.717200874988245030e-02,-9.998525501870233478e-01,4.044966414063738966e+02
4.480059735303695057e+00,3.733539092476135135e+00,7.203063885092122476e+00,0.000000000000000000e+00,1.798963922386518852e-02,-9.998381733463646004e-01,4.059574946263440438e+02
4.461399236955185366e+00,3.535028927162004120e+00,7.088940642392130620e+00,0.000000000000000000e+00,1.880724946482467685e-02,-9.998231280419391798e-01,4.074183478463141910e+02
4.429170463897110110e+00,3.342225546997386054e+00,6.968581658727092787e+00,0.000000000000000000e+00,1.962483783305853102e-02,-9.998074143253919965e-01,4.088792010662843381e+02
4.382526287243878826e+00,3.156080361687225722e+00,6.842045074849716357e+00,0.000000000000000000e+00,2.044240268905194238e-02,-9.997910322523895221e-01,4.103400542862544853e+02
4.320568645636824634e+00,2.977576602097058434e+00,6.709364530570430141e+00,0.000000000000000000e+00,2.125994239349409537e-02,-9.997739818826180125e-01,4.118009075062246325e+02
4.242345188402916634e+00,2.807733501206250093e+00,6.570549298177082775e+00,0.000000000000000000e+00,2.207745530729459879e-02,-9.997562632797827309e-01,4.132617607261947796e+02
4.146845731158327553e+00,2.647610638492839286e+00,6.425584319211062656e+00,0.000000000000000000e+00,2.289493979159995182e-02,-9.997378765116079480e-01,4.147226139461649268e+02
4.109329860830087000e+00,2.597854810194997643e+00,6.375609732257880857e+00,0.000000000000000000e+00,2.371239420780988857e-02,-9.997188216498343882e-01,4.152057634605109797e+02
3.978226729972485831e+00,2.457192435936000674e+00,6.218452759129545981e+00,2.536435656171228976e-03,1.778540491825309974e-02,-9.998386099096472357e-01,4.166666166804811269e+02
3.831172881057344881e+00,2.326116264982956761e+00,6.055374317121287930e+00,5.072976788470510978e-03,1.185718314390341033e-02,-9.999168325987894956e-01,4.181274699004512740e+02
3.670750547294162391e+00,2.202862121881094204e+00,5.886506899418606942e+00,7.609306965102442116e-03,5.928468303426639822e-03,-9.999534747732446993e-01,4.195883231204214212e+02
3.499476264818006666e+00,2.085678932864903246e+00,5.711960039592526073e+00,1.014510983321466504e-02,0.000000000000000000e+00,-9.999485370490184266e-01,4.210491763403915684e+02
3.319902042284938570e+00,1.972969313295278582e+00,5.531801047316490916e+00,2.141596050578919649e-02,-1.708353081723149101e-05,-9.997706518716016344e-01,4.225100295603617155e+02
3.157591206683693752e+00,1.876983287161671177e+00,5.369037788037119618e+00,3.412533837693900590e-02,-3.634982071956691996e-05,-9.994175603617089232e-01,4.237901467580433632e+02
2.969331790326071641e+00,1.769550698718420190e+00,5.177716135801475161e+00,4.855988238459020556e-02,-5.823432725591405721e-05,-9.988202713359184415e-01,4.252509999780135104e+02
2.780684165308452638e+00,1.663147024414965980e+00,4.980777954550331010e+00,6.508521990608279184e-02,-8.329267632118759958e-05,-9.978797057822685890e-01,4.267118531979836575e+02
2.594369478400771367e+00,1.556586613191519808e+00,4.778142649781530693e+00,8.417397206380104746e-02,-1.122433440642128734e-04,-9.964510674531058543e-01,4.281727064179538047e+02
2.413109899676489700e+00,1.448664712944110589e+00,4.569707031685139142e+00,1.064458197391143224e-01,-1.460287660606970060e-04,-9.943184933086920418e-01,4.296335596379239519e+02
2.239639362616126395e+00,1.338152741596198458e+00,4.355344905887303497e+00,1.327255260775793699e-01,-1.859039189608701942e-04,-9.911528137311433895e-01,4.310944128578940990e+02
2.076066314403357538e+00,1.225471200297469032e+00,4.134983463378897994e+00,1.641276576893596073e-01,-2.335658284405577490e-04,-9.864390794308628418e-01,4.325552660778642462e+02
1.923249530635536386e+00,1.114374764248784233e+00,3.908679882175142506e+00,2.021801919254818392e-01,-2.913428662204493088e-04,-9.793482961195724146e-01,4.340161192978343934e+02
1.781472822475679063e+00,1.010297473238960686e+00,3.676544663670968216e+00,2.490009807046273671e-01,-3.624657800721651406e-04,-9.685031647995230308e-01,4.354769725178045405e+02
1.703901025995241181e+00,9.552303573022231653e-01,3.534983495866233394e+00,3.075311925349025755e-01,-4.514282396478479275e-04,-9.515378930082633024e-01,4.363465130967190362e+02
1.585222205583235899e+00,8.784334712838612891e-01,3.292100439821067592e+00,3.817710050206969963e-01,-5.643569620711893315e-04,-9.242567723455999973e-01,4.378073663166891833e+02
1.477951393647368050e+00,8.219363371077601510e-01,3.045664024830675221e+00,4.767275123062073572e-01,-7.089571112096955006e-04,-8.790508383422140914e-01,4.392682195366593305e+02
1.381763938156602256e+00,7.902962830622504153e-01,2.797584899970466221e+00,5.970030643684346439e-01,-8.924138381279343463e-04,-8.022384587716049342e-01,4.407290727566294777e+02
1.296411561352577291e+00,7.881692560637957312e-01,2.549767199200854595e+00,7.410385239390754331e-01,-1.112708062067126842e-03,-6.714615907994775368e-01,4.421899259765996248e+02
1.221722112784344283e+00,8.203274122352919306e-01,2.304116093306279645e+00,8.872505868192087641e-01,-1.337521695237539566e-03,-4.612858194489449226e-01,4.436507791965697720e+02
1.157594048048566249e+00,8.898243616816660095e-01,2.062113992697566900e+00,9.847621867645558469e-01,-1.489717694196156282e-03,-1.739000179985084604e-01,4.451116324165399192e+02
1.143915145823855450e+00,9.157372969027409715e-01,2.001593206976244765e+00,9.915780399648145282e-01,-1.504711980593831551e-03,1.295018397606460814e-01,4.454834213203370155e+02
1.100560014256485974e+00,1.046022730083737251e+00,1.767261592572811679e+00,9.261944812095455060e-01,-1.409430320304394480e-03,3.770434941530660389e-01,4.469442745403071626e+02
1.067769620222687843e+00,1.201771698526916232e+00,1.534203316308371479e+00,8.356617233197760619e-01,-1.274877020166939948e-03,5.492429870893260624e-01,4.484051277602773098e+02
1.045490687975130006e+00,1.373438393074219332e+00,1.299531330185414779e+00,7.489689645479337132e-01,-1.145238505584624759e-03,6.626040888590721822e-01,4.498659809802474570e+02
1.033695346602146792e+00,1.553577305999695790e+00,1.061763695349557945e+00,6.752386817249376172e-01,-1.034654510391456615e-03,7.375985711702621739e-01,4.513268342002176041e+02
1.032449784359892320e+00,1.738851887750563430e+00,8.222292141097423679e-01,6.148328490873393726e-01,-9.438954768002570878e-04,7.886568815045449377e-01,4.527876874201877513e+02
1.041893510121563837e+00,1.927982880899949070e+00,5.836611906919488835e-01,5.656532851206756973e-01,-8.699179280583594362e-04,8.246427131036725422e-01,4.542485406401578985e+02
1.062199938579364344e+00,2.119704964071509323e+00,3.487967623588238975e-01,5.253787829336915571e-01,-8.092857868928986882e-04,8.508680740864755787e-01,4.557093938601280456e+02
1.093577162844606709e+00,2.312761598161659826e+00,1.203877551308024652e-01,4.920563468077741032e-01,-7.590889831098517667e-04,8.705630220438398403e-01,4.571702470800981928e+02
1.136268830064720126e+00,2.505899901125504758e+00,-9.878840223583280900e-02,4.641679423677701477e-01,-7.170580084629823948e-04,8.857469204608520164e-01,4.586311003000683399e+02
1.190555123686867889e+00,2.697865530682916457e+00,-3.059176627292987116e-01,4.405619384153466322e-01,-6.814676059668206120e-04,8.977219580814620459e-01,4.600919535200384871e+02
1.256753856280523829e+00,2.887397554305442871e+00,-4.981382003328910235e-01,4.203675500277289645e-01,-6.510114230727210129e-04,9.073536791504246413e-01,4.615528067400086343e+02
1.335190305961363011e+00,3.072972735061511251e+00,-6.725762461058634178e-01,4.029226382222311220e-01,-6.246950970064241420e-04,9.152338266061152972e-01,4.630136599599787814e+02
1.401341706387847497e+00,3.203878796317683797e+00,-7.849699456897547556e-01,3.877189349286971343e-01,-6.017547371520491715e-04,9.217774489479512168e-01,4.640776222899914956e+02
1.504725101647188978e+00,3.375471887929431425e+00,-9.177957732645590783e-01,3.743619969474558107e-01,-5.815971516430930429e-04,9.272824580386854754e-01,4.655384755099616427e+02
1.620955710149259543e+00,3.536223432696373514e+00,-1.028108397792685924e+00,3.625422454436701414e-01,-5.637565353574234325e-04,9.319671681165760946e-01,4.669993287299317899e+02
1.749975840222131485e+00,3.684044879342680101e+00,-1.114649902447414132e+00,3.520140075390099099e-01,-5.478630810373027321e-04,9.359945717483463268e-01,4.684601819499019371e+02
1.891110157887168741e+00,3.818168268407354571e+00,-1.175838778614705094e+00,1.788580277785865591e-01,-3.086974169559716236e-04,9.838748449904891613e-01,4.699210351698720842e+02
1.924038680960804992e+00,3.844707774267547506e+00,-1.183283349699439047e+00,-7.069497921097834560e-05,-5.956837023416438096e-05,9.999999957269145590e-01,4.702370552438265463e+02
2.086486369967038179e+00,3.956085634737118273e+00,-1.190639835724966789e+00,-4.536434309609979620e-02,-1.147824536094352782e-04,9.989705016668148918e-01,4.716979084637966935e+02
2.257931477971296008e+00,4.054433898720875007e+00,-1.171949044088159253e+00,-9.114239390996586865e-02,-1.704625909449047677e-04,9.958378557651168528e-01,4.731587616837668406e+02
2.436578495500145713e+00,4.140658546022454978e+00,-1.128644563800480505e+00,-1.371197516418580786e-01,-2.262580262487300109e-04,9.905544520706475176e-01,4.746196149037369878e+02
2.620666898197866690e+00,4.215630486092502238e+00,-1.062062363894485939e+00,-1.830000663848715681e-01,-2.818066589907935798e-04,9.831128604021716066e-01,4.760804681237071350e+02
2.808463871780629173e+00,4.280188732507498095e+00,-9.734460919911234189e-01,-2.284850304065141613e-01,-3.367464807877422646e-04,9.735473678676050957e-01,4.775413213436772821e+02
2.998257169627271068e+00,4.335143502307157171e+00,-8.639520067130234127e-01,-2.732839789470323244e-01,-3.907272528680347809e-04,9.619333210691330960e-01,4.790021745636474293e+02
3.188348073953052531e+00,4.381279251443263689e+00,-7.346535635048101476e-01,-3.171230846588249941e-01,-4.434215577744941763e-04,9.483842852735350215e-01,4.804630277836175765e+02
3.278428169863182084e+00,4.399604336857939835e+00,-6.639589992624280734e-01,-3.597534765865136319e-01,-4.945344230605766209e-04,9.330472611393385574e-01,4.811599318962914253e+02
3.464883876498002113e+00,4.430671179963336925e+00,-4.978692554317660224e-01,-4.194889316303541116e-01,5.356718279423389704e-04,9.077602928611258060e-01,4.826207851162615725e+02
3.648204051122540648e+00,4.454105982389293672e+00,-3.153627026708138992e-01,-4.822115729741840440e-01,1.649216583516747514e-03,8.760532398059057702e-01,4.840816383362317197e+02
3.827642603701490120e+00,4.469990553560298174e+00,-1.181811533364358208e-01,-5.470317845487931985e-01,2.838137260701525597e-03,8.371070252185511817e-01,4.855424915562018668e+02
4.002438400528959050e+00,4.478382462002946873e+00,9.199178248882504405e-02,-6.126931579623765556e-01,4.087821686019615409e-03,7.903103086129862342e-01,4.870033447761720140e+02
4.171812052310863272e+00,4.479315372205626034e+00,3.135240196547199321e-01,-6.775999771725282894e-01,5.376475008163898728e-03,7.354110173585080013e-01,4.884641979961421612e+02
4.334962631315817383e+00,4.472799310542782791e+00,5.448285249553221909e-01,-7.399225299647006482e-01,6.675780490870323637e-03,6.726589653052090778e-01,4.899250512161123083e+02
4.491064303973853811e+00,4.458820861824854376e+00,7.843570228196133920e-01,-7.977820397892939619e-01,7.953064746517749667e-03,6.028934945334631923e-01,4.913859044360824555e+02
4.639262864976089418e+00,4.437343297859309033e+00,1.030593854716129965e+00,-8.494857343058158650e-01,9.174809582557048523e-03,5.275318095433038090e-01,4.928467576560526027e+02
4.778672158544040371e+00,4.408306639240129776e+00,1.282049967917301858e+00,-8.937538077706501660e-01,1.031077352441614817e-02,4.484393147849461414e-01,4.943076108760227498e+02
4.908370372103590284e+00,4.371627651421643002e+00,1.537257009792001750e+00,-9.298731702180260683e-01,1.133762486816806622e-02,3.677055147411127378e-01,4.957684640959928970e+02
5.027396187074574030e+00,4.327199775978876950e+00,1.794761504203155944e+00,-9.577367527414506476e-01,1.224111199260270906e-02,2.873855730990089175e-01,4.972293173159630442e+02
5.134744770908390876e+00,4.274892997810418649e+00,2.053119086895391465e+00,-9.777698150278291145e-01,1.301636478721315132e-02,2.092767618924062101e-01,4.986901705359331913e+02
5.229363593916800390e+00,4.214553648900303706e+00,2.310888777016632201e+00,-9.907816458359381961e-01,1.366659503081898638e-02,1.347774256130940262e-01,5.001510237559033385e+02
5.310148053731627016e+00,4.146004149122623161e+00,2.566627262063051695e+00,-9.977946212917444546e-01,1.420088477395681573e-02,6.484002307912171970e-02,5.016118769758734857e+02
5.375936889447844536e+00,4.069042684446449343e+00,2.818883173576454126e+00,-9.998929495611769136e-01,1.463179475832167287e-02,0.000000000000000000e+00,5.030727301958436328e+02
5.390956067576588850e+00,4.043663651809657367e+00,2.893189236420084853e+00,-9.973550507316517599e-01,1.458643203373278900e-02,-7.120490699796967748e-02,5.035112329371732471e+02
5.425107562323297827e+00,3.952070105961444924e+00,3.135109283350343556e+00,-9.882945533621821932e-01,1.444452876213641289e-02,-1.518724181129831319e-01,5.049720861571433943e+02
5.443623375204150072e+00,3.853734970794070236e+00,3.370406944898057588e+00,-9.701530977634164055e-01,1.416863871556453373e-02,-2.420789469924941595e-01,5.064329393771135415e+02
5.446927035144513596e+00,3.750000405906149581e+00,3.597921655969433807e+00,-9.400105620115287719e-01,1.371614100522890178e-02,-3.408694923026912571e-01,5.078937925970836886e+02
5.435390473046273208e+00,3.642184869923911883e+00,3.816461983603224084e+00,-8.950402397501031615e-01,1.304595435416113294e-02,-4.457945404590179517e-01,5.093546458170538358e+02
5.409335363950717124e+00,3.531588593806277210e+00,4.024800901645344986e+00,-8.333096502811807582e-01,1.213028297777305267e-02,-5.526733963048476861e-01,5.108154990370239830e+02
5.369034305916166261e+00,3.419498974708645722e+00,4.221670924257828972e+00,-7.547475735733897295e-01,1.096872950461643542e-02,-6.559236138134798555e-01,5.122763522569940733e+02
5.314792871150289422e+00,3.307376868128948821e+00,4.405972796393550439e+00,-6.617909571608092678e-01,9.597638268701519718e-03,-7.496269834790121322e-01,5.137372054769641636e+02
5.247033504845267871e+00,3.197042808630905064e+00,4.576984851494931839e+00,-5.591751835712612806e-01,8.086855201664355786e-03,-8.290100824784903955e-01,5.151980586969342539e+02
5.166218706838645147e+00,3.090502325974449960e+00,4.734146431879282524e+00,-4.527984070537620087e-01,6.522977029902775684e-03,-8.915890608011310947e-01,5.166589119169043443e+02
5.072772743261907635e+00,2.989772690472565664e+00,4.876841947688638434e+00,-3.482428637355712286e-01,4.987687494335328944e-03,-9.373910767821012069e-01,5.181197651368744346e+02
4.967083453378762670e+00,2.896891011877045230e+00,5.004398435401567369e+00,-2.497039251953818983e-01,3.542159561054831519e-03,-9.683157557572132923e-01,5.195806183568445249e+02
4.849503967197081877e+00,2.813922403468855915e+00,5.116082888798844763e+00,-1.596530798231645676e-01,2.222235114158719726e-03,-9.871706821892937134e-01,5.210414715768146152e+02
4.778017055194357710e+00,2.774284082166836640e+00,5.168741634434895538e+00,-7.906824797913555858e-02,1.041887963425956439e-03,-9.968686606724987964e-01,5.218504339990132621e+02
4.637699563413710813e+00,2.715797313410384106e+00,5.246527138957324254e+00,-7.893222081534517071e-03,-0.000000000000000000e+00,-9.999688480373634114e-01,5.233112872189833524e+02
4.486765480226676317e+00,2.672325804057801069e+00,5.306586212013672643e+00,9.264315851560660925e-03,2.217551305639478554e-02,-9.997111678242311950e-01,5.247721404389534428e+02
4.367580007551793209e+00,2.651613319519694034e+00,5.338285733131479027e+00,2.661470728841233355e-02,4.459212088318224160e-02,-9.986506897364522128e-01,5.258589666315823479e+02
4.199730336923709118e+00,2.639799102325194990e+00,5.364038680068258458e+00,4.411869498447529292e-02,6.719883681772420569e-02,-9.967636916958861892e-01,5.273198198515524382e+02
4.025941831254428394e+00,2.644313004026091818e+00,5.373840864321273614e+00,6.173465705093222206e-02,8.994167274177593263e-02,-9.940318544308401894e-01,5.287806730715225285e+02
3.848063776373601641e+00,2.664544459040174118e+00,5.369242722850183114e+00,7.941904527306192785e-02,1.127642106803286998e-01,-9.904427535388190540e-01,5.302415262914926188e+02
3.667962425017615047e+00,2.699547384733309130e+00,5.352064369520761034e+00,9.712688338429441293e-02,1.356082508523740737e-01,-9.859902488487465311e-01,5.317023795114627092e+02
3.487488711354482795e+00,2.748420519652920113e+00,5.324076023973861815e+00,1.148123132054630485e-01,1.584145203674741376e-01,-9.806747536635955775e-01,5.331632327314327995e+02
3.308485954543453289e+00,2.810303996118981740e+00,5.287005032466891130e+00,1.324291739578747351e-01,1.811234234425483369e-01,-9.745033706279759844e-01,5.346240859514028898e+02
3.132797508402763054e+00,2.884376021721101857e+00,5.242542718676157953e+00,1.499315981258554087e-01,2.036758115668855229e-01,-9.674898860794347577e-01,5.360849391713729801e+02
2.962274388497678324e+00,2.969849657074768334e+00,5.192351091631192794e+00,1.672746061449755517e-01,2.260137506809396235e-01,-9.596546204974878425e-01,5.375457923913430704e+02
2.798782907783333496e+00,3.065969677352527345e+00,5.138069437384988447e+00,1.844146820283250610e-01,2.480812622840903037e-01,-9.510241386820441623e-01,5.390066456113131608e+02
2.644212351885845802e+00,3.172009505220438896e+00,5.081320820562964968e+00,2.013103128406913966e-01,2.698250164772703630e-01,-9.416308291613140202e-01,5.404674988312832511e+02
2.500482725177455290e+00,3.287268202876560963e+00,5.023718521576356011e+00,2.179224766345573827e-01,2.911949572033069589e-01,-9.315123676456610324e-01,5.419283520512533414e+02
2.409683723540416711e+00,3.372892379768673621e+00,4.984279052174089841e+00,2.342150659428312298e-01,3.121448431998115614e-01,-9.207110837549206117e-01,5.429399316668037727e+02
2.292916200913801994e+00,3.504326867745409135e+00,4.929358434872816552e+00,2.501552369910310936e-01,3.326326921779847456e-01,-9.092732534834548908e-01,5.444007848867738630e+02
2.192512580353970897e+00,3.643091577526810898e+00,4.877979299526508328e+00,2.657136782167191513e-01,3.526211201874115408e-01,-8.972483417684966600e-01,5.458616381067439534e+02
2.109678802584490587e+00,3.788306183823562989e+00,4.831334088102905433e+00,2.883112816167542336e-01,-5.998126426602973238e-01,-7.463922551831410068e-01,5.473224913267140437e+02
2.081270456333774721e+00,3.853185288137167763e+00,4.813383770042022114e+00,3.532833449224508371e-01,2.648814910786053689e-01,-8.972339014350602104e-01,5.479535004241673732e+02
2.031593121787155898e+00,4.007143361865892039e+00,4.776867401543667846e+00,1.791155371835365662e-01,1.319923895621459009e-01,-9.749336559156873694e-01,5.494143536441374636e+02
1.997039379428689143e+00,4.163726093750814705e+00,4.745336359375394331e+00,-4.730092251022989698e-03,-8.028414844100014922e-03,-9.999565844487389166e-01,5.508752068641075539e+02
1.976045565486537425e+00,4.321438551075777568e+00,4.718659679981375810e+00,1.840216656673749063e-01,-1.537641874719230389e-02,-9.828019089885388082e-01,5.523360600840776442e+02
1.973847945949133376e+00,4.358744602547418800e+00,4.713453515281030626e+00,1.480427030133458499e-01,-5.341930437992794406e-02,-9.875372074023676117e-01,5.526815131059879604e+02
1.974860861912105303e+00,4.515709552781082436e+00,4.695908291751979213e+00,1.113454708880163152e-01,-9.163393706158158569e-02,-9.895480825565375893e-01,5.541423663259580508e+02
1.984639530364813886e+00,4.670777032203379697e+00,4.682591623357406974e+00,7.423031340148100732e-02,-1.296977660281938560e-01,-9.887711312834803756e-01,5.556032195459281411e+02
2.001345529529217959e+00,4.822977506053065078e+00,4.673181045135337719e+00,3.701067497415917729e-02,-1.672893351763668213e-01,-9.852129151986419586e-01,5.570640727658982314e+02
2.023882616913970534e+00,4.971893251964514704e+00,4.667296443171348841e+00,-0.000000000000000000e+00,-2.041017182454783752e-01,-9.789496864544384724e-01,5.585249259858683217e+02
2.047720944179202363e+00,5.097384896702418899e+00,4.664927350322409794e+00,-3.346135697122779398e-04,-2.342855228325675387e-01,-9.721677745249681646e-01,5.597849673214865334e+02
2.079803792302585386e+00,5.239271158692289987e+00,4.664955860241182251e+00,-6.715363078452302398e-04,-2.644799536660030204e-01,-9.643909493290654389e-01,5.612458205414566237e+02
2.115708890314071500e+00,5.377353365439262234e+00,4.667393084019490601e+00,-1.009800639944655144e-03,-2.945942048190579587e-01,-9.556219099569109865e-01,5.627066737614267140e+02
2.154771063600956271e+00,5.511454604386083034e+00,4.671869327827730345e+00,-1.348409713716031653e-03,-3.245365487100990709e-01,-9.458721955648033974e-01,5.641675269813968043e+02
2.196336493706258608e+00,5.641386960397458239e+00,4.678022984734866441e+00,-1.686351672452674703e-03,-3.542156935084423974e-01,-9.351622312146540272e-01,5.656283802013668947e+02
2.239760023720379856e+00,5.766950717009327931e+00,4.685499100544802786e+00,-2.022614585239324286e-03,-3.835421568700675965e-01,-9.235211545675042766e-01,5.670892334213369850e+02
2.284402492675423169e+00,5.887933529963865986e+00,4.693947966018566120e+00,-2.356201527270465178e-03,-4.124296084676254970e-01,-9.109864249118118096e-01,5.685500866413070753e+02
2.329628088075211156e+00,6.004109569655733836e+00,4.703023729898037963e+00,-2.686145289348228996e-03,-4.407961346299646976e-01,-8.976032265532285503e-01,5.700109398612771656e+02
2.374801705742916269e+00,6.115238629067909493e+00,4.712383027230385046e+00,-3.011522213467567391e-03,-4.685653821542728470e-01,-8.834236884873407636e-01,5.714717930812472559e+02
2.419472775372795592e+00,6.221294091928172953e+00,4.721770723617421339e+00,-3.331464699949183809e-03,-4.956675447032866666e-01,-8.685059507399867096e-01,5.729326463012173463e+02
2.463561939201447615e+00,6.322690052146459294e+00,4.731106009394871137e+00,-1.665716827306394426e-03,-4.967301488052209280e-01,-8.679034420114914994e-01,5.743934995211874366e+02
2.507177326990363220e+00,6.420051495158177524e+00,4.740394973070247708e+00,3.815637574466796152e-08,-4.977906334313696446e-01,-8.672972300589887329e-01,5.758543527411575269e+02
2.550429459385333164e+00,6.513986973803152836e+00,4.749643519406505199e+00,-8.663926008816928703e-02,-4.339689952509113158e-01,-8.967522231766638097e-01,5.773152059611276172e+02
2.593431584025709391e+00,6.605090957762322468e+00,4.758857392841089329e+00,-1.770566883283846427e-01,-3.606256670320651114e-01,-9.157510892135829472e-01,5.787760591810977076e+02
2.636300038685284619e+00,6.693946125849329576e+00,4.768042200268773456e+00,-2.675581202448175100e-01,-2.798841355540523379e-01,-9.219964874966827262e-01,5.802369124010677979e+02
2.679154642530212627e+00,6.781125609884740335e+00,4.777203433278932820e+00,-3.541134147459066295e-01,-1.950146749354015607e-01,-9.146436278993219648e-01,5.816977656210378882e+02
2.722119116751520629e+00,6.867195198684448165e+00,4.786346489935763948e+00,-4.331964530780782474e-01,-1.098148009331092467e-01,-8.945845642177120416e-01,5.831586188410079785e+02
2.757059618059174877e+00,6.936410841384589965e+00,4.793737825933585661e+00,-5.024574301261119924e-01,-2.781425176103374808e-02,-8.641544412372345052e-01,5.843412879880510218e+02
