4.066594801454062491e+00,2.664518922485193730e+00,5.544872276123476773e+00,1.064529351424425840e-05,0.000000000000000000e+00,-1.000000000000000000e+00,0.000000000000000000e+00
3.880098678682489588e+00,2.787069610632178396e+00,5.460088221618878634e+00,4.119718102930504340e-05,0.000000000000000000e+00,-9.999999991513961461e-01,1.245843019667432827e+00
3.695303399247835241e+00,2.905243313319445964e+00,5.378097970088362878e+00,7.174906885808514801e-05,0.000000000000000000e+00,-9.999999974260356250e-01,2.491686039334865654e+00
3.513502125730580961e+00,3.014101668535984047e+00,5.301712842726292507e+00,1.023009569144283585e-04,0.000000000000000000e+00,-9.999999947672570944e-01,3.737529059002298482e+00
3.335965746106878793e+00,3.108685979135552113e+00,5.233755386591912639e+00,1.328528451127816029e-04,0.000000000000000000e+00,-9.999999911750606651e-01,4.983372078669731309e+00
3.163943877649566083e+00,3.184011337076594117e+00,5.177065027577738121e+00,1.634047333675919648e-04,0.000000000000000000e+00,-9.999999866494464484e-01,6.229215098337164136e+00
2.998665822485524490e+00,3.235060708946740693e+00,5.134503757182876882e+00,1.939566215933062707e-04,0.000000000000000000e+00,-9.999999811904142222e-01,7.475058118004596963e+00
2.841341475440319897e+00,3.256778975917967056e+00,5.108961864480548343e+00,2.245085097043715366e-04,0.000000000000000000e+00,-9.999999747979643194e-01,8.720901137672029790e+00
2.693035372027612784e+00,3.246327123214439059e+00,5.101851269982159209e+00,2.550603976152347242e-04,0.000000000000000000e+00,-9.999999674720962961e-01,9.966744157339462618e+00
2.554555760359521699e+00,3.205340263332803641e+00,5.111595898639984981e+00,2.856122852403428225e-04,0.000000000000000000e+00,-9.999999592128104853e-01,1.121258717700689544e+01
2.444588932887207022e+00,3.150632158731047294e+00,5.130287672639339824e+00,3.161641724941427391e-04,0.000000000000000000e+00,-9.999999500201067759e-01,1.227081835276394450e+01
2.324832630761572982e+00,3.066345523044050392e+00,5.161749372304331729e+00,3.467160592910814901e-04,0.000000000000000000e+00,-9.999999398939852790e-01,1.351666137243137733e+01
2.217000472049087012e+00,2.962425301944544120e+00,5.201420696142155187e+00,3.772679455456060373e-04,0.000000000000000000e+00,-9.999999288344461057e-01,1.476250439209881016e+01
2.121876170408802942e+00,2.842632694262044346e+00,5.246306805543386353e+00,4.078198311721632340e-04,0.000000000000000000e+00,-9.999999168414891448e-01,1.600834741176624476e+01
2.040273521599756279e+00,2.710703988203627901e+00,5.293423305999378492e+00,4.383717160852003674e-04,0.000000000000000000e+00,-9.999999039151146185e-01,1.725419043143367759e+01
1.973037006950161265e+00,2.570354890868510545e+00,5.339790269987443772e+00,4.689236001991641282e-04,0.000000000000000000e+00,-9.999998900553225267e-01,1.850003345110111042e+01
1.921042445540540156e+00,2.425284828352261002e+00,5.382426268802488423e+00,4.994754834285017493e-04,0.000000000000000000e+00,-9.999998752621128695e-01,1.974587647076854324e+01
1.885197695540515417e+00,2.279181221325939699e+00,5.418342401382203910e+00,5.300273656876602468e-04,0.000000000000000000e+00,-9.999998595354860909e-01,2.099171949043597607e+01
1.866265521350947809e+00,2.135707353145585685e+00,5.445814523232982651e+00,5.789708203358196132e-04,6.208663077780518513e-02,-9.980705962362830252e-01,2.223756251010340890e+01
1.862085082205160225e+00,2.036445688907549734e+00,5.461010495163808542e+00,6.266090419613109218e-04,1.251917106435937455e-01,-9.921323716859757891e-01,2.312540422856909572e+01
1.869529188758246585e+00,1.904469608226119881e+00,5.477963017235351728e+00,6.722726029420672761e-04,1.885656348962732320e-01,-9.820603593393395503e-01,2.437124724823652855e+01
1.894846595555897739e+00,1.784994611821158594e+00,5.490833868855614419e+00,7.153399055184490180e-04,2.514208464927761844e-01,-9.678775987890593235e-01,2.561709026790396138e+01
1.938388522189982588e+00,1.681655493110271404e+00,5.501687398571315946e+00,7.552778303168953709e-04,3.129792764771740510e-01,-9.497596548870791411e-01,2.686293328757139420e+01
2.000540604874741835e+00,1.598104076650140648e+00,5.512583914637102289e+00,7.916742417101016102e-04,3.725197844095921029e-01,-9.280239132023085924e-01,2.810877630723882703e+01
2.081723332515688529e+00,1.538013415243159709e+00,5.525583811378945498e+00,8.242578295552722457e-04,4.294190013449196153e-01,-9.031050004750070803e-01,2.935461932690625986e+01
2.117989201046993397e+00,1.520196042273728620e+00,5.531437957741429656e+00,1.685162362005984899e-03,3.935463407648694956e-01,-9.193032350092079641e-01,2.984406868205972074e+01
2.220645839537627619e+00,1.489072842148412068e+00,5.548584980994679228e+00,2.556086099024679464e-03,3.565213973263199887e-01,-9.342836612465951207e-01,3.108991170172715357e+01
2.340039070575744784e+00,1.480603568265604464e+00,5.569370461902249048e+00,3.432958833768093038e-03,3.184881342433741880e-01,-9.479206312449476313e-01,3.233575472139458640e+01
2.474223500645457818e+00,1.491581600605546232e+00,5.593427904568130771e+00,4.311478154606524296e-03,2.796104901445658486e-01,-9.601038407158040133e-01,3.358159774106201922e+01
2.621250731509599419e+00,1.518837641143337303e+00,5.620397366125385652e+00,5.187208083270751849e-03,2.400691775712307796e-01,-9.707419239182851767e-01,3.482744076072945205e+01
2.779167819774861936e+00,1.559235887496549511e+00,5.649924735846183488e+00,6.055687458741717058e-03,2.000576479388705975e-01,-9.797654138366841403e-01,3.607328378039688488e+01
2.946015713374102951e+00,1.609670258146107313e+00,5.681661025932457143e+00,6.912542107944298284e-03,1.597774228510281946e-01,-9.871288628688200673e-01,3.731912680006431771e+01
3.119827663834816356e+00,1.667060664807124226e+00,5.715261672566907869e+00,7.753594326568847422e-03,1.194330502314675940e-01,-9.928119803303275814e-01,3.856496981973175053e+01
3.298627613159488714e+00,1.728349327591625739e+00,5.750385845824386166e+00,8.574963336115392146e-03,7.922697708266659977e-02,-9.968197209656953772e-01,3.981081283939918336e+01
3.462902859107651832e+00,1.784632678552066531e+00,5.783144928211476632e+00,9.373151177371877307e-03,3.935463401284807622e-02,-9.991813433099723252e-01,4.093738091110927257e+01
3.645528440328905440e+00,1.844946116035745431e+00,5.820152978677940681e+00,1.014510983321466504e-02,0.000000000000000000e+00,-9.999485370490184266e-01,4.218322393077670540e+01
3.827205149659303363e+00,1.901545886050462597e+00,5.857060612178144332e+00,7.611567036680981675e-03,0.000000000000000000e+00,-9.999710316040389957e-01,4.342906695044413823e+01
3.935547705413786623e+00,1.934081378478713198e+00,5.878641514796040468e+00,5.077942819261210307e-03,0.000000000000000000e+00,-9.999871071652496335e-01,4.417934024061802489e+01
4.111674367192005519e+00,1.986911935364125581e+00,5.911068209693333131e+00,2.544285973421195942e-03,0.000000000000000000e+00,-9.999967632992046163e-01,4.542518326028545772e+01
4.280472731135700926e+00,2.039344410260346407e+00,5.936452837359953882e+00,1.064529351364108455e-05,0.000000000000000000e+00,-9.999999999433388798e-01,4.667102627995289055e+01
4.439377607737211129e+00,2.093758120339321849e+00,5.950647511213449370e+00,7.097305770121656138e-06,7.904625453571598875e-03,-9.999687579350001743e-01,4.791686929962032337e+01
4.585652179738043621e+00,2.153783500602615586e+00,5.947040103353185003e+00,3.548652857625561774e-06,1.580925078491906763e-02,-9.998750259792604789e-01,4.916271231928775620e+01
4.693712449015490229e+00,2.208465591576157738e+00,5.927564359973438002e+00,0.000000000000000000e+00,2.371239420780988857e-02,-9.997188216498343882e-01,5.016886335847376444e+01
4.813332503628533487e+00,2.286602195706680440e+00,5.878352031666456590e+00,-3.946919259569254233e-03,1.185712285934288797e-02,-9.999219121840750013e-01,5.141470637814119726e+01
4.915768753466310592e+00,2.377886421046089716e+00,5.799353030399576170e+00,-7.893222081534517071e-03,-0.000000000000000000e+00,-9.999688480373634114e-01,5.266054939780863009e+01
5.001562907063767938e+00,2.482146300934791938e+00,5.692772263269479716e+00,-5.834286878039788606e-03,-2.724531382978446006e-02,-9.996117516170672790e-01,5.390639241747606292e+01
5.032337280309344685e+00,2.527189700125715088e+00,5.643584918829440689e+00,-3.411968436677669751e-03,-5.919967490673824773e-02,-9.982403302623690244e-01,5.440874203979262802e+01
5.099680919008838131e+00,2.644880746028667406e+00,5.507703972433195538e+00,-5.306653988781821546e-04,-9.706951936257435243e-02,-9.952774622209392685e-01,5.565458505946006085e+01
5.152060484728165690e+00,2.770998494974538318e+00,5.349378515127000355e+00,2.936771257728041512e-03,-1.424429834163481456e-01,-9.897986521763048051e-01,5.690042807912749367e+01
5.190281726207943258e+00,2.902451940148973009e+00,5.170642708008374555e+00,7.159238732790682361e-03,-1.974004641425285422e-01,-9.802967928423927946e-01,5.814627109879492650e+01
5.215122343884927680e+00,3.036151002153042455e+00,4.973489834518711739e+00,1.235733371669495845e-02,-2.646042011682354089e-01,-9.642779231256589645e-01,5.939211411846235933e+01
5.227332671398063013e+00,3.169002966334524274e+00,4.759876292571920686e+00,1.880455500725320556e-02,-3.472436282249048989e-01,-9.375863967486853801e-01,6.063795713812979216e+01
5.227636315062509809e+00,3.297908912296723116e+00,4.531725512809367196e+00,2.679437699736968506e-02,-4.484923867706303025e-01,-8.933849340402523209e-01,6.188380015779722498e+01
5.216730751826080592e+00,3.419760131536184744e+00,4.290931810829081705e+00,3.651169956942362793e-02,-5.696892572002969501e-01,-8.210487476545629271e-01,6.312964317746465781e+01
5.195287886168385327e+00,3.531434529152076784e+00,4.039364181121615438e+00,4.770886879982982193e-02,-7.060823118390486819e-01,-7.065207942770440619e-01,6.437548619713209064e+01
5.164172876429605985e+00,3.630489483491306402e+00,3.778959152390827470e+00,5.920016891937645437e-02,-8.407448439059663770e-01,-5.381853281588504512e-01,6.562132921679952346e+01
5.124667787085137149e+00,3.715853469794306640e+00,3.511813778094472482e+00,6.875388222202273580e-02,-9.446131117038752967e-01,-3.209033699986992838e-01,6.686717223646695629e+01
5.078261301215230894e+00,3.787125322308327657e+00,3.240100724283341282e+00,7.431359037103180132e-02,-9.936075381194459100e-01,-8.497970627379397568e-02,6.811301525613438912e+01
5.026433924649741591e+00,3.843876313437593950e+00,2.965983508895028820e+00,7.563280223945668956e-02,-9.885152286300311619e-01,1.308331838331716068e-01,6.935885827580182195e+01
4.970659152009305082e+00,3.885649685672706077e+00,2.691620834825692032e+00,7.406153541456639289e-02,-9.494820861346485730e-01,3.049568118298600639e-01,7.060470129546925477e+01
4.912404624109641738e+00,3.911960141321487505e+00,2.419170913358142272e+00,7.113648632162269947e-02,-8.969847644520690944e-01,4.363002780822857196e-01,7.185054431513668760e+01
4.853133277535666146e+00,3.922293289477512435e+00,2.150795786604740023e+00,6.784986903563711147e-02,-8.433059458971829958e-01,5.331336388620624422e-01,7.309638733480412043e+01
4.794304487182859731e+00,3.916105049605693722e+00,1.888665657622369709e+00,6.467977581946898757e-02,-7.938125960383236590e-01,6.047132287050120958e-01,7.434223035447155326e+01
4.737375202554177100e+00,3.892821011066884829e+00,1.634963236872968295e+00,6.180638363480843445e-02,-7.501217571447652555e-01,6.584051339411295389e-01,7.558807337413898608e+01
4.683801078591768530e+00,3.851835747843950664e+00,1.391888113734667032e+00,5.926969977797566513e-02,-7.122149112578500807e-01,6.994548040225339047e-01,7.683391639380641891e+01
4.635581511671793997e+00,3.792510814553748943e+00,1.162276906143961730e+00,5.705248300017507629e-02,-6.794866303774619309e-01,7.314662899421933151e-01,7.807975941347385174e+01
4.595805132766527912e+00,3.714167598378387058e+00,9.495107857110364202e-01,5.511831121404035805e-02,-6.511964193753614349e-01,7.569050106596075800e-01,7.932560243314128456e+01
4.568108397525168840e+00,3.616080107891255668e+00,7.561926048076275109e-01,5.342764067181553223e-02,-6.266422139607830122e-01,7.774734869399545500e-01,8.057144545280871739e+01
4.556134636712330988e+00,3.497472779725301351e+00,5.842502655652336285e-01,5.194392941761561550e-02,-6.052149264965294151e-01,7.943656091136236386e-01,8.181728847247615022e+01
4.559939118885402820e+00,3.369351621041809075e+00,4.439453360602511611e-01,4.453361503208675548e-02,-5.323626429913960179e-01,8.453441745699732390e-01,8.297680998426287147e+01
4.577036455065925047e+00,3.214917636789499600e+00,3.142321852554357808e-01,3.641169721327697922e-02,-4.517102264228566866e-01,8.914213704253787229e-01,8.422265300393030429e+01
4.602815631370443583e+00,3.045857458359837011e+00,2.061231368603885505e-01,2.773509830568139656e-02,-3.647332000831355892e-01,9.306989078531733295e-01,8.546849602359773712e+01
4.631772956487692383e+00,2.865668078472578983e+00,1.187691708050848394e-01,1.871943798879996054e-02,-2.735499019293521350e-01,9.616756385579419142e-01,8.671433904326516995e+01
4.658425213409368659e+00,2.677871544639443879e+00,5.136283507661509873e-02,9.614250813511658611e-03,-1.806840942007448270e-01,9.834941912813472964e-01,8.796018206293260278e+01
4.677304960381267307e+00,2.486019113975174832e+00,3.136628563314033686e-03,6.695812747917347617e-04,-8.872711003215706660e-02,9.960557472382045585e-01,8.920602508260003560e+01
4.682955866788968358e+00,2.293695476259548727e+00,-2.663853608799197914e-02,-7.896110403326194946e-03,0.000000000000000000e+00,9.999688252343162942e-01,9.045186810226746843e+01
4.670937291272886149e+00,2.104370185246948743e+00,-3.915810304533311886e-02,-7.068021412258404350e-03,7.751175021934253451e-02,9.969663844138627606e-01,9.169771112193490126e+01
4.638828732198621019e+00,1.921239529625544007e+00,-3.658957787964395997e-02,-6.161040707019877112e-03,1.576846003620814562e-01,9.874703075971738020e-01,9.294355414160233408e+01
4.585217078829242787e+00,1.747369106931756511e+00,-2.157355825710658218e-02,-5.186895465453651710e-03,2.390228709119116002e-01,9.710000840867410998e-01,9.418939716126976691e+01
4.546139879912847626e+00,1.652715455249709198e+00,-8.973229154049799927e-03,-4.162480327204056904e-03,3.198301153191381863e-01,9.474657624909051945e-01,9.489878293423964806e+01
4.461379834409644474e+00,1.496562057938886525e+00,1.822206791439618181e-02,-3.108575162856130197e-03,3.983714514737984880e-01,9.172189070288051527e-01,9.614462595390708088e+01
4.351479082592155656e+00,1.357680051176710423e+00,5.116576517599859958e-02,-2.047805370131891047e-03,4.730538009791409593e-01,8.810311616919990207e-01,9.739046897357451371e+01
4.215011871067953386e+00,1.239224343119974092e+00,8.727809554770923905e-02,-1.002291418165884504e-03,5.425822513572968742e-01,8.400020809045417591e-01,9.863631199324194654e+01
4.050544989720455291e+00,1.144384713360206751e+00,1.239856380479334025e-01,8.467482058952190987e-06,6.060582983568790771e-01,7.954202278802481318e-01,9.988215501290937937e+01
3.856636692763067753e+00,1.076389746499921696e+00,1.587161637756444588e-01,6.917631340297906810e-06,5.233625511354343951e-01,8.521101102681251094e-01,1.011279980325768122e+02
3.632948301567354932e+00,1.037035249565833261e+00,1.902741603096281542e-01,5.244725942999729513e-06,4.324741670809700844e-01,9.016463246640081808e-01,1.023738410522442450e+02
3.381346869777298814e+00,1.025200537959358060e+00,2.202191133814221380e-01,3.496483940605983548e-06,3.358860920604326283e-01,9.419026134097649994e-01,1.036196840719116778e+02
3.196971672197548298e+00,1.030029597557832854e+00,2.409648050383891293e-01,1.729407804009749191e-06,2.367200134529608424e-01,9.715779100143432379e-01,1.044689748367018325e+02
2.910110519463503742e+00,1.053852380345718487e+00,2.743481782716080120e-01,-0.000000000000000000e+00,1.382410334876689184e-01,9.903986150334931349e-01,1.057148178563692653e+02
2.603204155574048162e+00,1.098276218229907064e+00,3.139887721184402847e-01,0.000000000000000000e+00,1.393098976443237769e-01,9.902488335859467306e-01,1.069606608760366981e+02
2.279116010004002657e+00,1.160736107667787120e+00,3.628429350757523264e-01,0.000000000000000000e+00,1.404694733860624711e-01,9.900850100100708762e-01,1.082065038957041310e+02
1.940681449542868142e+00,1.238668951390733852e+00,4.238854684755584690e-01,0.000000000000000000e+00,1.417318146067139961e-01,9.899050927883379369e-01,1.094523469153715638e+02
1.592779710403296134e+00,1.330083175646371352e+00,4.990577926061700031e-01,0.000000000000000000e+00,1.431112087132977995e-01,9.897066140733924433e-01,1.106981899350389966e+02
1.244411425596954723e+00,1.434109625025745016e+00,5.882140431885877208e-01,0.000000000000000000e+00,1.446247187739294338e-01,9.894865793529298292e-01,1.119440329547064295e+02
9.475662413532610628e-01,1.534515208829236421e+00,6.760906514062521300e-01,0.000000000000000000e+00,1.462928915376842387e-01,9.892413203488535922e-01,1.130321220719094271e+02
6.265529847073126879e-01,1.660028097880335451e+00,7.870778863412902782e-01,0.000000000000000000e+00,1.481406936719601442e-01,9.889662961286348475e-01,1.142779650915768599e+02
3.369245434897750191e-01,1.796966883372750567e+00,9.087123987788606749e-01,0.000000000000000000e+00,1.501987668416610300e-01,9.886558200097971261e-01,1.155238081112442927e+02
8.979240065332880216e-02,1.944798343072164926e+00,1.039883584036678688e+00,0.000000000000000000e+00,1.525051358171765903e-01,9.883026781049338849e-01,1.167696511309117255e+02
-1.036973326475618268e-01,2.102924324463288919e+00,1.179499937372352925e+00,0.000000000000000000e+00,1.551075723994828626e-01,9.878975862832843902e-01,1.180154941505791584e+02
-2.372549070102860092e-01,2.270690563083044733e+00,1.326438406170521223e+00,0.000000000000000000e+00,1.580669286523897210e-01,9.874284004759029676e-01,1.192613371702465912e+02
-3.143420573829073250e-01,2.447441279900940625e+00,1.479493678949226121e+00,0.000000000000000000e+00,1.614619365007145257e-01,9.868789404285811528e-01,1.205071801899140240e+02
-3.432743964465906350e-01,2.632577067328589315e+00,1.637424233134202822e+00,0.000000000000000000e+00,1.653962845953003413e-01,9.862271893646363807e-01,1.217530232095814569e+02
-3.323279163993957952e-01,2.825566979038364845e+00,1.798998310308332016e+00,0.000000000000000000e+00,1.700093387674659617e-01,9.854424512531663183e-01,1.229988662292488897e+02
-2.897459455639395665e-01,3.025947631747583966e+00,1.962991449258218557e+00,0.000000000000000000e+00,1.754928948208723805e-01,9.844806975595763454e-01,1.242447092489163225e+02
-2.237460803727238101e-01,3.233322437702437657e+00,2.128184033635093453e+00,0.000000000000000000e+00,1.821183217266567622e-01,9.832766227727910424e-01,1.254905522685837553e+02
-1.425270981906634205e-01,3.447360966775239621e+00,2.293358849319116377e+00,0.000000000000000000e+00,1.902824517507375746e-01,9.817293866212462028e-01,1.267363952882511882e+02
-5.427585642416300066e-02,3.667798437285427315e+00,2.457298646594916924e+00,0.000000000000000000e+00,2.005892128151154918e-01,9.796754399811257175e-01,1.279822383079186210e+02
3.282651695134874287e-02,3.895264374622736891e+00,2.618706614711939551e+00,0.000000000000000000e+00,2.140041030174094916e-01,9.768327614754297450e-01,1.292280813275860396e+02
1.128837138365808984e-01,4.130844591075991445e+00,2.776639936302655709e+00,0.000000000000000000e+00,2.321698299898488915e-01,9.726752644343766852e-01,1.304739243472534724e+02
1.766796044343222072e-01,4.343968801447444683e+00,2.912720131137580104e+00,0.000000000000000000e+00,2.581174917605909558e-01,9.661135339323331239e-01,1.315692150457167031e+02
2.426216114610024732e-01,4.591489406115309535e+00,3.064816243282823649e+00,0.000000000000000000e+00,2.980880713031799356e-01,9.545383710185517678e-01,1.328150580653841359e+02
3.019072112751720049e-01,4.843077685209118854e+00,3.214350816903670083e+00,0.000000000000000000e+00,3.670747205402766777e-01,9.301914585397341728e-01,1.340609010850515688e+02
3.554377633914126422e-01,5.096902592820980793e+00,3.361819885404901509e+00,0.000000000000000000e+00,5.098118003406744148e-01,8.602859572452640213e-01,1.353067441047190016e+02
4.041003198147391506e-01,5.351129523099857899e+00,3.507715345408206620e+00,0.000000000000000000e+00,8.650885346194238101e-01,5.016192054437487169e-01,1.365525871243864344e+02
4.487683840414073977e-01,5.603918177425264879e+00,3.652525941916995311e+00,0.000000000000000000e+00,7.317387228310180403e-01,-6.815852415579658485e-01,1.377984301440538673e+02
4.903026473778687166e-01,5.853420419431616395e+00,3.796738247169388902e+00,0.000000000000000000e+00,3.055425122558761974e-01,-9.521784355909179709e-01,1.390442731637213001e+02
5.295517031600698310e-01,6.097778115432339163e+00,3.940837635139727180e+00,0.000000000000000000e+00,1.508264823736239213e-01,-9.885602521924493624e-01,1.402901161833887329e+02
5.673527394234422205e-01,6.335120957770961958e+00,4.085309253640410532e+00,0.000000000000000000e+00,7.815125069851260042e-02,-9.969415138383285191e-01,1.415359592030561657e+02
6.045322105424036918e-01,6.563564268602022800e+00,4.230638995970907423e+00,0.000000000000000000e+00,3.660694656074037906e-02,-9.993297411082585624e-01,1.427818022227235986e+02
6.419064883265519494e-01,6.781206781577370890e+00,4.377314474058978000e+00,0.000000000000000000e+00,9.849680469783662906e-03,-9.999514907207465164e-01,1.440276452423910314e+02
6.802824930303780215e-01,6.986128398883339585e+00,4.525825995043173400e+00,0.000000000000000000e+00,-8.785728914875546441e-03,-9.999614047389201454e-01,1.452734882620584642e+02
7.204583047029973208e-01,7.176387921041152751e+00,4.676667543253245185e+00,0.000000000000000000e+00,-2.249682551422203802e-02,-9.997469143947296244e-01,1.465193312817258970e+02
7.632237552737106689e-01,7.350020746846797515e+00,4.830337769555511862e+00,0.000000000000000000e+00,-3.300220547728042325e-02,-9.994552788562554024e-01,1.477651743013933299e+02
8.093610017389742950e-01,7.505036540787683563e+00,4.987340990044541122e+00,0.000000000000000000e+00,-4.130591938592195062e-02,-9.991465463202501285e-01,1.490110173210607627e+02
8.596450807861906185e-01,7.639416865231380527e+00,5.148188196081332713e+00,0.000000000000000000e+00,-4.803314819701470090e-02,-9.988457421815860604e-01,1.502568603407281955e+02
9.148444451596404736e-01,7.751112774636874647e+00,5.313398077700878908e+00,0.000000000000000000e+00,-5.359321453663937890e-02,-9.985628509791608654e-01,1.515027033603956284e+02
9.757214820437647429e-01,7.838042368990573827e+00,5.483498062438405540e+00,0.000000000000000000e+00,-5.826521569664407096e-02,-9.983011392559979491e-01,1.527485463800630612e+02
1.043563799445150098e+00,7.899157468637160839e+00,5.657558285270622100e+00,0.000000000000000000e+00,-6.224593609084783097e-02,-9.980608415523445354e-01,1.539943893997304940e+02
1.120723134241352170e+00,7.935506549115501684e+00,5.831722639906759653e+00,0.000000000000000000e+00,-6.567807783508211594e-02,-9.978408641120530831e-01,1.552402324193979268e+02
1.210097179938154577e+00,7.949159331825573993e+00,6.000668142202687960e+00,0.000000000000000000e+00,-6.866762901009390574e-02,-9.976395926015226845e-01,1.564860754390653597e+02
1.314604700955817496e+00,7.942137519381249788e+00,6.159061355727258658e+00,0.000000000000000000e+00,-7.129494792513035861e-02,-9.974552773936048444e-01,1.577319184587327925e+02
1.357914120322875062e+00,7.935207415192633285e+00,6.216143882620128736e+00,0.000000000000000000e+00,-7.362206317653809118e-02,-9.972862135884712487e-01,1.582045056840496784e+02
1.483795294829417744e+00,7.907051743623538798e+00,6.354975359306772376e+00,0.000000000000000000e+00,-7.569761465551599899e-02,-9.971308194692736215e-01,1.594503487037171112e+02
1.631837625602397646e+00,7.862875992024563665e+00,6.470397962088359378e+00,0.000000000000000000e+00,-7.756027893541021789e-02,-9.969876644830975021e-01,1.606961917233845440e+02
1.803163474476036754e+00,7.804220686776802474e+00,6.557549203615558930e+00,0.000000000000000000e+00,-7.924119476646566962e-02,-9.968554724993905491e-01,1.619420347430519769e+02
1.995143760549879186e+00,7.731914855876900639e+00,6.613511564171947299e+00,0.000000000000000000e+00,-8.076571323960247961e-02,-9.967331135087758032e-01,1.631878777627194097e+02
2.203257307502336726e+00,7.646435276596213804e+00,6.637573829693686811e+00,0.000000000000000000e+00,-8.215468216712197569e-02,-9.966195905148660383e-01,1.644337207823868425e+02
2.422983355006243400e+00,7.548265563029922909e+00,6.629806214135522069e+00,0.000000000000000000e+00,-8.342540310287754890e-02,-9.965140250478776718e-01,1.656795638020542754e+02
2.649813861498128809e+00,7.437905614533328880e+00,6.590215182885247991e+00,0.000000000000000000e+00,-8.459235434293069233e-02,-9.964156429857572439e-01,1.669254068217217082e+02
2.764851427397934103e+00,7.378779387861535533e+00,6.560256383313464390e+00,0.000000000000000000e+00,-8.566774403188669174e-02,-9.963237614513102969e-01,1.675501561892568247e+02
2.993742233414240062e+00,7.254727674632966306e+00,6.480984190582579352e+00,-5.255666436882235754e-02,-8.478588478015335050e-02,-9.950121359925563347e-01,1.687959992089242576e+02
3.220176080807637842e+00,7.122863404631995188e+00,6.372643899204885720e+00,-1.104348983398282386e-01,-8.353945980085268619e-02,-9.903662412889756572e-01,1.700418422285916904e+02
3.442373896984306736e+00,6.984913566613630387e+00,6.238507983034645044e+00,-1.738040182390656052e-01,-8.183895253600294295e-02,-9.813738070132932423e-01,1.712876852482591232e+02
3.659048222328868505e+00,6.841688630489596967e+00,6.082046816200291417e+00,-2.425812171399191197e-01,-7.958466365768641915e-02,-9.668612280991560892e-01,1.725335282679265561e+02
3.868910815266319414e+00,6.694001704115992268e+00,5.906686060025402085e+00,-3.163128822720648881e-01,-7.667341604144640999e-02,-9.455513459253674924e-01,1.737793712875939889e+02
4.070671531997080095e+00,6.542669531133775251e+00,5.715813523908196636e+00,-3.940560089565795510e-01,-7.301047773421216747e-02,-9.161819316850962069e-01,1.750252143072614217e+02
4.263037209593735000e+00,6.388513501052057286e+00,5.512785950391787537e+00,-4.742973052129990097e-01,-6.852690687610210607e-02,-8.776936420538098416e-01,1.762710573269288545e+02
4.444710551539048815e+00,6.232360672781979360e+00,5.300935738014022292e+00,-5.549619672217338540e-01,-6.320018580783541562e-02,-8.294714892334988932e-01,1.775169003465962874e+02
4.614389014793130350e+00,6.075044812851534637e+00,5.083577615401265959e+00,-6.335593324383839153e-01,-5.707284259212842131e-02,-7.715861992795641777e-01,1.787627433662637202e+02
4.770763697485087107e+00,5.917407449555994958e+00,4.864015279973218142e+00,-7.074746234018439717e-01,-5.026151212188406658e-02,-7.049492447273353335e-01,1.800085863859311530e+02
4.912518226331544113e+00,5.760298944324217629e+00,4.645548014554715444e+00,-7.743502955688758016e-01,-4.295006210274778663e-02,-6.312977997092696913e-01,1.812544294055985858e+02
5.038327642890809699e+00,5.604579581608236438e+00,4.431477295145936246e+00,-8.324429515976105032e-01,-3.536599144165583630e-02,-5.529809933305186442e-01,1.825002724252660187e+02
5.146857287766876787e+00,5.451120678632314309e+00,4.225113403084973740e+00,-8.808378536968266559e-01,-2.774671189544122493e-02,-4.726042694197325478e-01,1.837461154449334515e+02
5.236761681882387442e+00,5.300805716367912090e+00,4.029782054845701289e+00,-9.194640224134469353e-01,-2.030665441835247456e-02,-3.926493999404788160e-01,1.849919584646008843e+02
5.306683403944181698e+00,5.154531493133027276e+00,3.848831062748892418e+00,-9.489386486293622802e-01,-1.321455022733709732e-02,-3.151837825773542989e-01,1.862378014842683172e+02
5.355251963228777612e+00,5.013209302247935817e+00,3.685637039926443315e+00,-9.703248706042315597e-01,-6.584496227905939358e-03,-2.417153075341033075e-01,1.874836445039357500e+02
5.381082666818241655e+00,4.877766135214775645e+00,3.543612162967546109e+00,-9.848894388975621972e-01,-4.787493358949443932e-04,-1.731836133908700726e-01,1.887294875236031828e+02
5.382775480419467407e+00,4.749145911925430674e+00,3.426211005791027997e+00,-9.939140873733292025e-01,5.082582378747750596e-03,-1.100406937328430867e-01,1.899753305432706156e+02
5.358913881901952614e+00,4.628310739441086952e+00,3.336937458430561776e+00,-9.985766253779915225e-01,1.010963958259073273e-02,-5.236905991339280142e-02,1.912211735629380485e+02
5.308063706690446359e+00,4.516242200927695016e+00,3.279351744589511952e+00,-9.998929495611769136e-01,1.463179475832167287e-02,0.000000000000000000e+00,1.924670165826054813e+02
5.229906118113526681e+00,4.413877036213228244e+00,3.255236839349934463e+00,-9.975231236835860882e-01,1.439229840151440808e-02,-6.885113988354005232e-02,1.937128596022729141e+02
5.205145562729403430e+00,4.387962330594795901e+00,3.253579837800710806e+00,-9.893700975342788473e-01,1.404724050515197657e-02,-1.447393696932597340e-01,1.940461656580083059e+02
5.100136875879898390e+00,4.297065224397740302e+00,3.263004231457720561e+00,-9.737392107196185531e-01,1.357302233353276967e-02,-2.272613530098505086e-01,1.952920086776757387e+02
4.973623076079669580e+00,4.217641001925680477e+00,3.299492665654125911e+00,-9.488946161940448043e-01,1.294748420676014068e-02,-3.153274013000966769e-01,1.965378516973431715e+02
4.828634377138243394e+00,4.150425522380350785e+00,3.359494375333924143e+00,-9.133392733542937680e-01,1.215442958516646695e-02,-4.070179868139857104e-01,1.977836947170106043e+02
4.668188388953106838e+00,4.096148245399377608e+00,3.439505687571163151e+00,-8.661902445528912864e-01,1.118910099521064003e-02,-4.995890954177454879e-01,1.990295377366780372e+02
4.495292748814438077e+00,4.055533196771693660e+00,3.536063004450554104e+00,-8.075504548261087656e-01,1.006290493617453645e-02,-5.897126426102718977e-01,2.002753807563454700e+02
4.312947748700420192e+00,4.029299909158260640e+00,3.645735866209870668e+00,-7.387178234288741541e-01,8.805041804534433428e-03,-6.739573047213949231e-01,2.015212237760129028e+02
4.124148960757400673e+00,4.018164338982076700e+00,3.765120080751133358e+00,-6.620940403154396137e-01,7.459400627180260562e-03,-7.493836394805136747e-01,2.027670667956803356e+02
3.931889863163094745e+00,4.022839760607094028e+00,3.890830905760684022e+00,-5.807826713775896543e-01,6.077214745480941788e-03,-8.140359673186732259e-01,2.040129098153477685e+02
3.739164468576746447e+00,4.044037638882659103e+00,4.019496269783251918e+00,-4.980242089262649219e-01,4.708176027274594590e-03,-8.671503447510494622e-01,2.052587528350152013e+02
3.548969957387990704e+00,4.082468481088409540e+00,4.147750018673090899e+00,-4.166832665644815692e-01,3.393255542386576160e-03,-9.090454010565024445e-01,2.065045958546826341e+02
3.364309317985684888e+00,4.138842669273989472e+00,4.272225173895970229e+00,-3.389389418648645069e-01,2.161113894744667776e-03,-9.408058903271492301e-01,2.077504388743500670e+02
3.188193996278771536e+00,4.213871273948564422e+00,4.389547189179589637e+00,-2.662047992834791210e-01,1.028021299573894610e-03,-9.639159444737130933e-01,2.089962818940174998e+02
3.039107984406705487e+00,4.297104962201445666e+00,4.486606277413992316e+00,-1.992136805227447960e-01,0.000000000000000000e+00,-9.799560752873477387e-01,2.101164197231919104e+02
2.886717693141161334e+00,4.407433435628007601e+00,4.582759279146910281e+00,2.883112816167542336e-01,-5.998126426602973238e-01,-7.463922551831410068e-01,2.113622627428593432e+02
2.752658008048025629e+00,4.536605671831018149e+00,4.665127005570221641e+00,-4.730092251022989698e-03,-8.028414844100014922e-03,-9.999565844487389166e-01,2.126081057625267761e+02
2.653963632202993139e+00,4.659909749364400611e+00,4.725319951395651863e+00,-3.167116479991105224e-03,-7.370551557217268346e-02,-9.972750204168568944e-01,2.136738181173952569e+02
2.559275669651789098e+00,4.815663667588308883e+00,4.784251247049242650e+00,-1.583558231132853192e-03,-1.393476807684365659e-01,-9.902422512737913962e-01,2.149196611370626897e+02
2.489680719961669286e+00,4.980680445800455658e+00,4.830885112527357528e+00,-0.000000000000000000e+00,-2.041017182454783752e-01,-9.789496864544384724e-01,2.161655041567301225e+02
2.449604024907262367e+00,5.125849150108551910e+00,4.861699897910071400e+00,-5.590311466325065736e-04,-2.544195362414828909e-01,-9.670937840058976276e-01,2.172324550265059599e+02
2.426130390696605410e+00,5.295441775263134865e+00,4.885298835762740488e+00,-1.122681827632037929e-03,-3.045986173447314815e-01,-9.524801425211928407e-01,2.184782980461733928e+02
2.429644935776608783e+00,5.460793338116762818e+00,4.892134894036047399e+00,-1.686351672452674703e-03,-3.542156935084423974e-01,-9.351622312146540272e-01,2.197241410658408256e+02
2.460376246331002825e+00,5.617069536722921974e+00,4.879289935214061735e+00,-2.245363682350065559e-03,-4.028543974537605599e-01,-9.152613248652547995e-01,2.209699840855082584e+02
2.518552539152031589e+00,5.759423431514581360e+00,4.843806404828269407e+00,-2.795155800045056801e-03,-4.501225052286804140e-01,-8.929624389584984723e-01,2.222158271051756913e+02
2.604401784679363452e+00,5.882989555280600413e+00,4.782681408098436115e+00,-3.331464699949183809e-03,-4.956675447032866666e-01,-8.685059507399867096e-01,2.234616701248431241e+02
2.627067332170836877e+00,5.908317254378840921e+00,4.765654568578026939e+00,-1.665716827306394426e-03,-4.967301488052209280e-01,-8.679034420114914994e-01,2.237426739740596986e+02
2.741157430680998264e+00,6.007869508228158573e+00,4.674545319981883829e+00,3.815637574466796152e-08,-4.977906334313696446e-01,-8.672972300589887329e-01,2.249885169937271314e+02
2.800995612168923010e+00,6.046991929763938955e+00,4.624000607428955689e+00,-6.691743397204419352e-02,-4.310328202593024516e-01,-8.998515238026265628e-01,2.255640679724866686e+02
2.943235333705046308e+00,6.117227507865838909e+00,4.496148113740262353e+00,-1.485878150738082215e-01,-3.426925571370360024e-01,-9.276224838232798309e-01,2.268099109921541015e+02
3.103168070691258773e+00,6.165590288122744234e+00,4.339357171583634099e+00,-2.453046818998302070e-01,-2.276475608734762346e-01,-9.423386870262624448e-01,2.280557540118215343e+02
3.275751913686829386e+00,6.195071213739336891e+00,4.155626200082054744e+00,-3.528738377225764111e-01,-8.428902789104159021e-02,-9.318666290988877332e-01,2.293015970314889671e+02
3.455971198486655460e+00,6.208673596975172515e+00,3.946899663138485170e+00,-4.603701074475712862e-01,8.039377223018548402e-02,-8.840792982279999102e-01,2.305474400511563999e+02
3.638832154012097142e+00,6.209416601781639677e+00,3.715071963792407672e+00,-5.524441421399127750e-01,2.487603976505871062e-01,-7.955650409463814743e-01,2.317932830708238328e+02
3.819358587116394865e+00,6.200338776016871556e+00,3.461991238325822895e+00,-6.175292626648266614e-01,3.996600136750721455e-01,-6.774433431822005636e-01,2.330391260904912656e+02
3.992815160996124657e+00,6.184468295638605007e+00,3.189812876028694788e+00,-6.541459119300684355e-01,5.199597167384699681e-01,-5.493041223898007530e-01,2.342849691101586984e+02
4.154930676051677096e+00,6.164791094687007700e+00,2.901353654303868712e+00,-6.686453411018432602e-01,6.082848965718165024e-01,-4.276714772175183032e-01,2.355308121298261312e+02
4.301666530830789981e+00,6.144284590976067939e+00,2.599747561740687551e+00,-6.691747302981875256e-01,6.702551764616586638e-01,-3.208787602143502449e-01,2.367766551494935641e+02
4.428985618632288457e+00,6.125953559231913204e+00,2.288102256505134324e+00,-6.621269057880017073e-01,7.129750327387287534e-01,-2.307695025838888137e-01,2.380224981691609969e+02
4.533303315301536962e+00,6.112417880085998512e+00,1.970454267371788193e+00,-6.612052327385662398e-01,7.334718371644103341e-01,-1.575649208605875429e-01,2.392683411888284297e+02
4.611936082926656688e+00,6.105495595406547515e+00,1.652726055090945723e+00,-6.561439913082034447e-01,7.503899952231635195e-01,-7.993696103255955310e-02,2.405141842084958625e+02
4.647570723528326120e+00,6.104458770404664669e+00,1.466332178470938885e+00,-6.465281930682762468e-01,7.628895323901881964e-01,9.257091063740579282e-04,2.412527605575435246e+02
4.688662180504236332e+00,6.109011888237136034e+00,1.162276537566049983e+00,-6.321775918407274153e-01,7.703104963774308755e-01,8.350587730941223807e-02,2.424986035772109574e+02
4.703460115004643782e+00,6.123887771787960510e+00,8.783885215518035805e-01,-6.131999318370519036e-01,7.722716294117898395e-01,1.660794207621588137e-01,2.437444465968783902e+02
4.694937855584609743e+00,6.150526891792313045e+00,6.164553389046756315e-01,-5.899997743436331543e-01,7.687311244476533467e-01,2.468860558636481461e-01,2.449902896165458230e+02
4.666055398460978054e+00,6.190363183210759068e+00,3.746081807310598366e-01,-5.632364695520195585e-01,7.599909683323917697e-01,3.243122067079352022e-01,2.462361326362132559e+02
4.619761989869295427e+00,6.244825872945485301e+00,1.510184662106877074e-01,-5.337410770992003783e-01,7.466438588286812283e-01,3.970433360357555341e-01,2.474819756558806887e+02
4.558998707670900430e+00,6.315341283434555919e+00,-5.610581966415260219e-02,-5.024143593103287397e-01,7.294795710168736624e-01,4.641544646212399372e-01,2.487278186755481215e+02
4.486207574748187987e+00,6.402564228077693542e+00,-2.480445159817931955e-01,-4.886136282825501165e-01,6.946395756769566665e-01,5.279513066182328629e-01,2.499736616952155543e+02
4.402835076083140287e+00,6.505613088647680620e+00,-4.250886500240231292e-01,-4.708094396154576255e-01,6.529793761934014062e-01,5.932591388550665368e-01,2.512195047148829872e+02
4.309819184786942259e+00,6.622846145320107958e+00,-5.870202192660989304e-01,-4.486209682584200165e-01,6.041689082120810239e-01,6.585735776575764033e-01,2.524653477345504200e+02
4.222557166409185214e+00,6.734099264500224002e+00,-7.155803600697019373e-01,-4.218857188741323427e-01,5.482962276262359769e-01,7.220690320051784683e-01,2.535446300302813825e+02
4.114962897164748057e+00,6.872184137882743293e+00,-8.501750788058013431e-01,-3.907445018688380234e-01,4.859750994647449307e-01,7.817588739243737095e-01,2.547904730499488153e+02
4.000331380815677740e+00,7.019777508081848971e+00,-9.688328958896532672e-01,-3.556866611881902007e-01,4.183726102193436880e-01,8.357340235212700197e-01,2.560363160696162481e+02
3.879541275809122336e+00,7.175267117370204062e+00,-1.071218876707627832e+00,-3.175299133990400757e-01,3.471250652528119485e-01,8.824278685365899433e-01,2.572821590892837094e+02
3.753457698121582808e+00,7.337044181191854975e+00,-1.156965497581018631e+00,-2.773294565452819049e-01,2.741481048947794763e-01,9.208317919766343396e-01,2.585280021089511138e+02
3.622932996896051527e+00,7.503501524446877013e+00,-1.225671909693063055e+00,-2.362384546146359954e-01,2.013896266429398008e-01,9.505964500469723522e-01,2.597738451286185182e+02
3.488807509459252110e+00,7.673031714379854762e+00,-1.276903136272574679e+00,-1.953605087433888388e-01,1.305958675259789037e-01,9.719974233549496523e-01,2.610196881482859226e+02
3.351910296362230923e+00,7.844025187944526856e+00,-1.310189201426598338e+00,-1.556333800165329295e-01,6.314904797424708560e-02,9.857943237636214162e-01,2.622655311679533270e+02
3.213059857059334501e+00,8.014868371505727396e+00,-1.325024188877273579e+00,-1.177652196089313680e-01,0.000000000000000000e+00,9.930414659270077049e-01,2.635113741876207314e+02
3.073064826812819117e+00,8.183941790726228405e+00,-1.320865228717728934e+00,-7.875138647958604410e-02,-3.907659485333632443e-02,9.961281237181345283e-01,2.647572172072881358e+02
2.932724655382884293e+00,8.349618168470010815e+00,-1.297131410157774667e+00,-3.937569398339047649e-02,-7.815319118257080255e-02,9.961634571852687747e-01,2.660030602269555402e+02
2.792830268035931596e+00,8.510260508535187896e+00,-1.253202618081846076e+00,0.000000000000000000e+00,-1.168706797253571267e-01,9.931471412739065752e-01,2.672489032466229446e+02
2.654098463262246188e+00,8.664592677578941249e+00,-1.188905308624871315e+00,1.144116805067504038e-02,-1.381278196186821738e-01,9.903483251467762871e-01,2.684947462662903490e+02
2.517108738494161280e+00,8.812071034947289050e+00,-1.104999179136419762e+00,2.412678944244200235e-02,-1.616163221023741714e-01,9.865586969163576692e-01,2.697405892859577534e+02
2.472959306280981373e+00,8.858770040799353040e+00,-1.074303476173618765e+00,3.823881403791317551e-02,-1.876458109925715489e-01,9.814921511239476093e-01,2.701455693657698589e+02
2.338673181871810502e+00,8.998469144448256074e+00,-9.701575691086145037e-01,5.398659040778522322e-02,-2.165671656995550864e-01,9.747738767514255720e-01,2.713914123854373202e+02
2.207352528724343621e+00,9.130834580884812368e+00,-8.492044291502768294e-01,7.160786725268221409e-02,-2.487710307607317317e-01,9.659116355038721569e-01,2.726372554051047246e+02
2.079512501292568594e+00,9.255655991801704729e+00,-7.125773097831780145e-01,9.136670603608221253e-02,-2.846795180775651413e-01,9.542587159755164805e-01,2.738830984247721290e+02
1.955670229928389459e+00,9.372710218161708795e+00,-5.613780728086646965e-01,1.135454329105189536e-01,-3.247256051209720384e-01,9.389678993682272212e-01,2.751289414444395334e+02
1.836345211940245248e+00,9.481761013728069898e+00,-3.966793951432179277e-01,1.384259401221505370e-01,-3.693115755808627498e-01,9.189380932594313212e-01,2.763747844641069378e+02
1.722059703254273932e+00,9.582558739948389359e+00,-2.195269171658124907e-01,1.662532285938343457e-01,-4.187339286899428581e-01,8.927607523553060531e-01,2.776206274837743422e+02
1.613339110928739828e+00,9.674840041816349157e+00,-3.094133691598542277e-02,1.971716775471114569e-01,-4.730589390871379196e-01,8.586842083810611870e-01,2.788664705034417466e+02
1.510712386771372318e+00,9.758327504310210898e+00,1.680795456632633578e-01,2.311242697257722967e-01,-5.319347971771233308e-01,8.146330115431495988e-01,2.801123135231091510e+02
1.414712422308328277e+00,9.832729288981001403e+00,3.765588303418884730e-01,2.677118867983013795e-01,-5.943423001346502810e-01,7.583452880697200138e-01,2.813581565427765554e+02
1.325876445352274224e+00,9.897738750238669780e+00,5.935385600762128622e-01,3.060319377793098150e-01,-6.583301446130372936e-01,6.877106031993531765e-01,2.826039995624439598e+02
1.244746418416017297e+00,9.953034030858205483e+00,8.180778024218258171e-01,3.445586393848441009e-01,-7.208592137713114578e-01,6.013662261436633072e-01,2.838498425821113642e+02
1.171869439217390729e+00,9.998277636200072038e+00,1.049250765043267419e+00,3.811765823746924298e-01,-7.779585756160009025e-01,4.994846020396148112e-01,2.850956856017787686e+02
1.107798143520561052e+00,1.003311598661167103e+01,1.286144941545805720e+00,4.134789526697151274e-01,-8.253679442170942515e-01,3.844514434333717312e-01,2.863415286214461730e+02
1.053091110558051158e+00,1.005717894744855023e+01,1.527859283915860455e+00,4.393213865871007928e-01,-8.595929696155150124e-01,2.609533404169555038e-01,2.875873716411135774e+02
1.008313271276996659e+00,1.007007933612524475e+01,1.773502397910040829e+00,4.574118969635423415e-01,-8.789225787511518728e-01,1.351645555522562325e-01,2.888332146607809818e+02
9.740363196526946599e-01,1.007141240557585782e+01,2.022190757778504100e+00,4.676152932936617490e-01,-8.838321413003827898e-01,1.329223390792145729e-02,2.900790576804483862e+02
9.508391273118347309e-01,1.006075530347415281e+01,2.273046936747241453e+00,4.708183619269008524e-01,-8.765688593126189643e-01,-9.978529428650217969e-02,2.913249007001157906e+02
9.393081617070236922e-01,1.003766650653171588e+01,2.525197849715075105e+00,4.684957974303510797e-01,-8.602551194588410333e-01,-2.011785705162321414e-01,2.925707437197831950e+02
9.396237707514921711e-01,1.000166533585433903e+01,2.777521784861131326e+00,4.622485346736404654e-01,-8.380295672846999055e-01,-2.898840053343590961e-01,2.938165867394505995e+02
9.510450553139978558e-01,9.952210458138925020e+00,3.028419753448985396e+00,4.534948534800592457e-01,-8.125264705450452318e-01,-3.662555836171121348e-01,2.950624297591180039e+02
9.722221302299701717e-01,9.888720987400944296e+00,3.276088323318575579e+00,4.433419380868742765e-01,-7.857027755034526884e-01,-4.314151996621644058e-01,2.963082727787854083e+02
1.001709838900272986e+00,9.810603828567668216e+00,3.518742410636769957e+00,4.325810581953689060e-01,-7.588827159536528644e-01,-4.867963141986413333e-01,2.975541157984528127e+02
1.038067350302346981e+00,9.717258238204230736e+00,3.754586888606641804e+00,4.217401748944189510e-01,-7.328904466959669239e-01,-5.338602982258664476e-01,2.987999588181202171e+02
1.079856848154213012e+00,9.608075068552246023e+00,3.981812992203473289e+00,4.111501729009272021e-01,-7.081921559681277900e-01,-5.739506995803320688e-01,3.000458018377876215e+02
1.125642218937298766e+00,9.482436010523365155e+00,4.198594695597352100e+00,4.010040525885776863e-01,-6.850144951115154646e-01,-6.082358845831548066e-01,3.012916448574550259e+02
1.173987737615774574e+00,9.339712834739687608e+00,4.403085055006415338e+00,3.914027766626014260e-01,-6.634321041264537033e-01,-6.377003290223020038e-01,3.025374878771224303e+02
1.186430070967781303e+00,9.301306862972628764e+00,4.452949511837162255e+00,3.823881368088873356e-01,-6.434279348112649233e-01,-6.631589594752815842e-01,3.028522177047249215e+02
1.235698120596097294e+00,9.139588453253074007e+00,4.642012879328849984e+00,3.739652329986827284e-01,-6.249329648907888668e-01,-6.852800842728825614e-01,3.040980607243923259e+02
1.284288330384713017e+00,8.959370295130808515e+00,4.814459695986315957e+00,3.661173744594239388e-01,-6.078514657717396519e-01,-7.046095824483835646e-01,3.053439037440597303e+02
1.330757085959642039e+00,8.759990661086009212e+00,4.968354230247091330e+00,3.588157289843061926e-01,-5.920765985521623254e-01,-7.215930806766113204e-01,3.065897467637271347e+02
1.374378428830479892e+00,8.541542392686279683e+00,5.102319920880882265e+00,4.277344557689730098e-01,-4.189619162130496788e-01,-8.009457835029222261e-01,3.078355897833945392e+02
1.415871379070989144e+00,8.305633973676343373e+00,5.216132946695879014e+00,4.791095088962391002e-01,-2.286633769037966224e-01,-8.474474252413284336e-01,3.090814328030619436e+02
1.456685290671525523e+00,8.054613600474469948e+00,5.310125451602549340e+00,4.636922393845390733e-01,-2.170254712444989742e-01,-8.590049196399601739e-01,3.103272758227293480e+02
1.497843479844760628e+00,7.790871183211801387e+00,5.384723625170106942e+00,4.479150331062279333e-01,-2.051840576599264221e-01,-8.702135517214465432e-01,3.115731188423967524e+02
1.539291939496169714e+00,7.516876571977170407e+00,5.440648468505981938e+00,4.317957450132374198e-01,-1.931540314337642505e-01,-8.810470786112098995e-01,3.128189618620641568e+02
1.580121511106932219e+00,7.235081328014920210e+00,5.478849666558190279e+00,4.153542206497286560e-01,-1.809514923091272709e-01,-8.914804702401261105e-01,3.140648048817315612e+02
1.619219426474332035e+00,6.947895381726873154e+00,5.500307577822651339e+00,3.986121964136686846e-01,-1.685936504659500401e-01,-9.014901540742615849e-01,3.153106479013989656e+02
1.655483531117850404e+00,6.657729889147322666e+00,5.505969027494078460e+00,3.815931716530698292e-01,-1.560987148848010653e-01,-9.110542478684044987e-01,3.165564909210663700e+02
1.687821325704077946e+00,6.367000092184026627e+00,5.496749203757207880e+00,3.643222540006393340e-01,-1.434857655823651157e-01,-9.201527755297682631e-01,3.178023339407337744e+02
1.715149030368942284e+00,6.078128190449956669e+00,5.473533490716140371e+00,3.468259801033902745e-01,-1.307746116797723346e-01,-9.287678614515725295e-01,3.190481769604011788e+02
1.736390671179524059e+00,5.793546228019674338e+00,5.437179241632518867e+00,3.291321146112534124e-01,-1.179856376916478128e-01,-9.368838991198535915e-01,3.202940199800685832e+02
1.750477188013384477e+00,5.515698998467227554e+00,5.388517496023881748e+00,3.112694309184730890e-01,-1.051396407808966732e-01,-9.444876903973677962e-01,3.215398629997359876e+02
1.756345563169045443e+00,5.247046971569734097e+00,5.328354644061152889e+00,2.932674776741685529e-01,-9.225766199453236394e-02,-9.515685526234742841e-01,3.227857060194033920e+02
1.752937970056637207e+00,4.990069245091838468e+00,5.257474041598851677e+00,2.751563354695479302e-01,-7.936081466624091141e-02,-9.581183915083146818e-01,3.240315490390707964e+02
1.739200941352579521e+00,4.747266525101167645e+00,5.176637579072524531e+00,2.569663683512254937e-01,-6.647011323396578852e-02,-9.641317387074476164e-01,3.252773920587382008e+02
1.714084556036694629e+00,4.521164138303642943e+00,5.086587207405541378e+00,2.387279748931625534e-01,-5.360630567339825375e-02,-9.696057538997279179e-01,3.265232350784056052e+02
1.705945441753498049e+00,4.465336409839045118e+00,5.062140191369452147e+00,2.204713434826372775e-01,-4.078971259449132997e-02,-9.745401921159638770e-01,3.268446025139513722e+02
1.667286898239700887e+00,4.260216511802985551e+00,4.963110678112074403e+00,2.022262162454764867e-01,-2.804007579707635395e-02,-9.789373379396313357e-01,3.280904455336187766e+02
1.614884154251216675e+00,4.077643738686681729e+00,4.856516868560436961e+00,1.840216656673749063e-01,-1.537641874719230389e-02,-9.828019089885388082e-01,3.293362885532861810e+02
1.547954400376604145e+00,3.920716335246237971e+00,4.742108601068182772e+00,2.073700765632755239e-01,7.771937029452287427e-02,-9.751704214275389582e-01,3.305821315729535854e+02
1.466236148322331623e+00,3.793520081079893469e+00,4.617739004593148344e+00,2.291889496504059542e-01,1.718627667306871221e-01,-9.580895651085117315e-01,3.318279745926209898e+02
1.388690303556190386e+00,3.712245831037813915e+00,4.506512878157724167e+00,2.488005498342047150e-01,2.643509854384497038e-01,-9.317815424765173438e-01,3.328537012479142732e+02
1.282040528085839570e+00,3.646238072518389828e+00,4.357860239005053593e+00,2.657136782167191513e-01,3.526211201874115408e-01,-8.972483417684966600e-01,3.340995442675816776e+02
1.192503472662086450e+00,3.620870402083391948e+00,4.234234242184617969e+00,3.532833449224508371e-01,2.648814910786053689e-01,-8.972339014350602104e-01,3.350445464427315869e+02
1.064883085627490011e+00,3.619005739533380783e+00,4.056094314831058867e+00,5.397217222416242910e-01,1.595213015551515956e-01,-8.265914449658218199e-01,3.362903894623990482e+02
9.277846731362018318e-01,3.653077506114228434e+00,3.860250515485927014e+00,7.352213771908499007e-01,1.531373163970232640e-02,-6.776540534408814764e-01,3.375362324820664526e+02
7.844652851448379316e-01,3.717933525063735534e+00,3.648939937008830903e+00,8.804783949297404488e-01,-1.437436543386942933e-01,-4.517693636130123425e-01,3.387820755017338570e+02
6.381505830096068088e-01,3.808436276754598726e+00,3.424368695549131036e+00,9.383815805090084394e-01,-2.770138504552411840e-01,-2.066478550998692709e-01,3.400279185214012614e+02
4.920377423635920455e-01,3.919456862650375850e+00,3.188716348935377809e+00,9.302570451933813711e-01,-3.669084761464080913e-01,0.000000000000000000e+00,3.412737615410686658e+02
3.492983005557764864e-01,4.045868959633237338e+00,2.944140261869932829e+00,9.267400746638656539e-01,-3.755983429144561514e-01,8.872362251818389015e-03,3.425196045607360702e+02
2.130809510980971044e-01,4.182542757733127559e+00,2.692779926674751412e+00,9.230649493537126382e-01,-3.842342525351729043e-01,1.775213940247825917e-02,3.437654475804034746e+02
8.651428748498291021e-02,4.324338874251197673e+00,2.436761248244273759e+00,9.192331186543745147e-01,-3.928117312974441222e-01,2.663488922554762064e-02,3.450112906000708790e+02
-2.729050133209557152e-02,4.466102237225532789e+00,2.178200801785344254e+00,9.152462705944975907e-01,-4.013263844036089045e-01,3.551615610381363142e-02,3.462571336197382834e+02
-1.252369816106923550e-01,4.602655931133711853e+00,1.919210071871198409e+00,9.111063282012106246e-01,-4.097739071994867532e-01,4.439148218041873151e-02,3.475029766394056878e+02
-2.042408694955282489e-01,4.728794997665918487e+00,1.661899681300966769e+00,9.068154448733288797e-01,-4.181500960464939465e-01,5.325641853800040793e-02,3.487488196590730922e+02
-2.612274676557391206e-01,4.839280184333465407e+00,1.408383618234883228e+00,9.023759987923748449e-01,-4.264508587718529586e-01,6.210653634049398408e-02,3.499946626787404966e+02
-2.944492221010641120e-01,4.928834724607114026e+00,1.162277919692962236e+00,8.977905864051844986e-01,-4.346722246363473596e-01,7.093743787256295841e-02,3.512405056984079010e+02
-3.046353172574605694e-01,4.994034308745889383e+00,9.279993652000469995e-01,8.967244393683693193e-01,-4.231321522765352783e-01,1.297862147892090701e-01,3.524863487180753054e+02
-2.934906006998488359e-01,5.035197682765624627e+00,7.070768749007081411e-01,8.919786932296573934e-01,-4.090254725029670024e-01,1.925413557343907678e-01,3.537321917377427098e+02
-2.664298464822931201e-01,5.054326622851526452e+00,5.153203620333960400e-01,8.828028987612125400e-01,-3.920652436734806678e-01,2.587351669991045933e-01,3.548745720507897659e+02
-2.199717612710597181e-01,5.056966539559638818e+00,3.174141196215033434e-01,8.684804120931158833e-01,-3.720345591263682916e-01,3.276157209692787120e-01,3.561204150704571703e+02
-1.565149599347006870e-01,5.041896663913520982e+00,1.310754387106513597e-01,8.484140775009276769e-01,-3.488318949913112865e-01,3.981329704194574992e-01,3.573662580901245747e+02
-7.749374379032715476e-02,5.011260696313029506e+00,-4.427374702431225578e-02,8.222245564976147225e-01,-3.225146841729390479e-01,4.689680769360856094e-01,3.586121011097919791e+02
1.568208274538742883e-02,4.967193402011612413e+00,-2.091894942664193624e-01,7.898421745985040321e-01,-2.933297251594697563e-01,5.386158292915054213e-01,3.598579441294593835e+02
1.216259302067722314e-01,4.911823039396706392e+00,-3.642069637206107324e-01,7.515672421489516530e-01,-2.617186444530505418e-01,6.055163347708109045e-01,3.611037871491267879e+02
2.389731747899063730e-01,4.847273789211674178e+00,-5.098414919275608970e-01,7.080765015188974498e-01,-2.282912600898324706e-01,6.682146126532666486e-01,3.623496301687941923e+02
3.663799406334348197e-01,4.775668187447966950e+00,-6.465896233743301247e-01,6.603665566029419676e-01,-1.937687756615131818e-01,7.255133854719783004e-01,3.635954731884615967e+02
5.025219126033146910e-01,4.699129564666235659e+00,-7.749301049776065042e-01,6.096444913943273036e-01,-1.589085839578217585e-01,7.765833220312369223e-01,3.648413162081290011e+02
6.460931785925121407e-01,4.619784494482558124e+00,-8.953248449238992990e-01,5.571922548970453803e-01,-1.244281600568850621e-01,8.210081753963258677e-01,3.660871592277964055e+02
7.958051004031572173e-01,4.539765253956366209e+00,-1.008219837767497351e+00,5.042368263638901116e-01,-9.094430576691404922e-02,8.587632713309566457e-01,3.673330022474638099e+02
9.503852122457041585e-01,4.461212298712354141e+00,-1.114046057652984700e+00,4.518513244207543189e-01,-5.893713775957923340e-02,8.901442548328436510e-01,3.685788452671312143e+02
1.108576145947024250e+00,4.386276755633863544e+00,-1.213220321462887608e+00,4.008984172430024584e-01,-2.873971405458971076e-02,9.156716048279076592e-01,3.698246882867986187e+02
1.185833812731701187e+00,4.351546666568870236e+00,-1.259210449769774254e+00,3.520140075390099099e-01,-5.478630810373027321e-04,9.359945717483463268e-01,3.704266141057007076e+02
1.346737571044462456e+00,4.284011115954838189e+00,-1.348943895904452184e+00,2.672204872815426846e-01,-4.309952321797719255e-04,9.636353176488109407e-01,3.716724571253681688e+02
1.509035281602550294e+00,4.224194637511873296e+00,-1.426000937925670398e+00,1.788580277785865591e-01,-3.086974169559716236e-04,9.838748449904891613e-01,3.729183001450355732e+02
1.672395414120764423e+00,4.172973478555213056e+00,-1.483784862647581360e+00,8.902578904854802078e-02,-1.838628574390737856e-04,9.960293043273039659e-01,3.741641431647029776e+02
1.836491819781961965e+00,4.131236650593594462e+00,-1.515660356884273474e+00,-7.069497921097834560e-05,-5.956837023416438096e-05,9.999999957269145590e-01,3.754099861843703820e+02
1.991508593899591562e+00,4.101111230558750265e+00,-1.519042957293704754e+00,-3.625803456683791143e-02,-1.036914500637454886e-04,9.993424559065992030e-01,3.765860470595356446e+02
2.154558350110553189e+00,4.080011776211959429e+00,-1.495903593671535914e+00,-7.279094385599120531e-02,-1.481566855746037153e-04,9.973472096226821959e-01,3.778318900792030490e+02
2.314790240561105161e+00,4.071367016985934839e+00,-1.448880674659393408e+00,-1.095258605302719956e-01,-1.927870726011053398e-04,9.939839277917164040e-01,3.790777330988704534e+02
2.470550759241435301e+00,4.076277349976265008e+00,-1.382382122939621372e+00,-1.463131565699862524e-01,-2.373991570471680303e-04,9.892382947784456038e-01,3.803235761185378578e+02
2.620188067177301683e+00,4.095871264779189502e+00,-1.300776855598535953e+00,-1.830000663848715681e-01,-2.818066589907935798e-04,9.831128604021716066e-01,3.815694191382052622e+02
2.762050680212215781e+00,4.131306708268509986e+00,-1.208403534148527747e+00,-2.194338041053644772e-01,-3.258242945861017175e-04,9.756273363607528282e-01,3.828152621578726666e+02
2.894486164065227740e+00,4.183772494334242253e+00,-1.109579253954741995e+00,-2.554647245441296066e-01,-3.692716164051723562e-04,9.668183066905928769e-01,3.840611051775400711e+02
3.015839835743358233e+00,4.254489760249122732e+00,-1.008608190469425514e+00,-2.909493766235753398e-01,-4.119766881855084040e-04,9.567383605341438502e-01,3.853069481972074755e+02
3.124453470402107857e+00,4.344713471392091186e+00,-9.097902195900828826e-01,-3.257533052162683296e-01,-4.537794209612198960e-04,9.454546939038982467e-01,3.865527912168748799e+02
3.199181238332950095e+00,4.426563434687007081e+00,-8.374940007450464297e-01,-3.597534765865136319e-01,-4.945344230605766209e-04,9.330472611393385574e-01,3.875089237120001258e+02
3.284512168710133295e+00,4.550231497193365726e+00,-7.520758427419708125e-01,-2.434858339253473669e-01,-3.350985264711323509e-04,9.699043954878520113e-01,3.887547667316675870e+02
3.355241166776467221e+00,4.694794758543600288e+00,-6.821477683346400811e-01,-1.217431537991475882e-01,-1.681363801947450621e-04,9.925616233933259869e-01,3.900006097513349914e+02
3.412459149767352429e+00,4.859389571186595091e+00,-6.334294827467150668e-01,-4.636159474099297807e-07,-1.156627263298117030e-06,9.999999999992237321e-01,3.912464527710023958e+02
3.448163930211615824e+00,4.995128613500096293e+00,-6.113835366958531026e-01,-4.415430704484160008e-07,9.592334754827212123e-04,9.999995399353664993e-01,3.921873008133248391e+02
3.486268854764271286e+00,5.188585731782199950e+00,-6.006656232540940055e-01,-4.194693993589100154e-07,1.919639525735901105e-03,9.999981574902602199e-01,3.934331438329923003e+02
3.513339117698315750e+00,5.397847667065162724e+00,-6.099568785597389020e-01,-3.973949951934692612e-07,2.880058866248073283e-03,9.999958526217841426e-01,3.946789868526597047e+02
3.530157131718280272e+00,5.621033886324171114e+00,-6.353401425580567086e-01,-3.753199190131096075e-07,3.840488839535716528e-03,9.999926252954731698e-01,3.959248298723271091e+02
3.537486825129387835e+00,5.856275355657292181e+00,-6.729304841035764762e-01,-3.532442318869604929e-07,4.800926787916718480e-03,9.999884754845188573e-01,3.971706728919945135e+02
3.536074367813664132e+00,6.101712394934929229e+00,-7.188674202601799124e-01,-3.311679948914210696e-07,5.761370053547137243e-03,9.999834031697707459e-01,3.984165159116619179e+02
3.526648870795618063e+00,6.355492538835110672e+00,-7.693071845657490915e-01,-3.090912691093148110e-07,6.721815978457970804e-03,9.999774083397364732e-01,3.996623589313293223e+02
3.509923060040261333e+00,6.615768401847051727e+00,-8.204150287766989180e-01,-2.870141156290447553e-07,7.682261904591935336e-03,9.999704909905826611e-01,4.009082019509967267e+02
3.486593925091457269e+00,6.880695544825833565e+00,-8.683575426742231596e-01,-2.649365955437483786e-07,8.642705173840244809e-03,9.999626511261348050e-01,4.021540449706641311e+02
3.457343343124370083e+00,7.148430340678264550e+00,-9.092949765497880810e-01,-2.428587699504524145e-07,9.603143128079383653e-03,9.999538887578780511e-01,4.033998879903315355e+02
3.422838678951791280e+00,7.417127836755222248e+00,-9.393735509938427874e-01,-2.207806999492273832e-07,1.056357310920790459e-02,9.999442039049567521e-01,4.046457310099989400e+02
3.383733361490776304e+00,7.684939611518456282e+00,-9.547177385862466448e-01,-1.987024466423420139e-07,1.152399245918319867e-02,9.999335965941744675e-01,4.058915740296663444e+02
3.340667437163060693e+00,7.950011623039438646e+00,-9.514225020300527413e-01,-1.766240711334178801e-07,1.248439852005827320e-02,9.999220668599934081e-01,4.071374170493337488e+02
3.294412661154913380e+00,8.210929913873581398e+00,-9.275454035238059891e-01,-1.545456345265839278e-07,1.344478863401855212e-02,9.999096147445341032e-01,4.083832600690011532e+02
3.246020699297917034e+00,8.467165484433365918e+00,-8.851026448077156106e-01,-1.324671979256306606e-07,1.440516014341862439e-02,9.998962402975745123e-01,4.096291030886685576e+02
3.235857844217616464e+00,8.519672531083816835e+00,-8.745398757499561748e-01,-1.103888224331649063e-07,1.536551039081903401e-02,9.998819435765491370e-01,4.098868709308025018e+02
3.186737571961741011e+00,8.770903093739082834e+00,-8.172778131976453642e-01,-8.831056914976416081e-08,1.632583671902303191e-02,9.998667246465480218e-01,4.111327139504699062e+02
3.138119168260439018e+00,9.017173493031384268e+00,-7.502148140899674855e-01,-6.623249917313134140e-08,1.728613647111334681e-02,9.998505835803155328e-01,4.123785569701373106e+02
3.091193339021784059e+00,9.258358542999895135e+00,-6.772805231459978481e-01,-4.415467359724946151e-08,1.824640699048891632e-02,9.998335204582488034e-01,4.136243999898047150e+02
3.047151611282130634e+00,9.494318507486736891e+00,-6.023928261228497227e-01,-2.207715351153635785e-08,1.920664562090165089e-02,9.998155353683960689e-01,4.148702430094721194e+02
3.007187310448314221e+00,9.724898921106767347e+00,-5.294656965170168039e-01,-0.000000000000000000e+00,2.016684970649313888e-02,9.997966284064554454e-01,4.161160860291395238e+02
2.972070134151652887e+00,9.949778711587853763e+00,-4.606401370600679002e-01,0.000000000000000000e+00,1.416495542998901826e-02,9.998996719859780669e-01,4.173619290488069282e+02
2.941719340535348781e+00,1.016832211067993441e+01,-3.945115703262517259e-01,0.000000000000000000e+00,8.161252184140370403e-03,9.999666964268294489e-01,4.186077720684743326e+02
2.915628510547477070e+00,1.037973553439383423e+01,-3.279039230288274265e-01,0.000000000000000000e+00,2.156388705112712544e-03,9.999976749911733132e-01,4.198536150881417370e+02
2.909818245965461347e+00,1.043011570659363585e+01,-3.114427354450993168e-01,0.000000000000000000e+00,-3.848985613645272263e-03,9.999925926274384480e-01,4.201562354243853861e+02
2.887761733329522240e+00,1.063299927729969774e+01,-2.405505159093471734e-01,0.000000000000000000e+00,-9.854221072383271066e-03,9.999514459847821390e-01,4.214020784440527905e+02
2.868835024117232457e+00,1.082691054700266164e+01,-1.620693059690083149e-01,0.000000000000000000e+00,-1.585866801643356222e-02,9.998742434170132531e-01,4.226479214637201949e+02
2.852528448432306796e+00,1.101103748833681806e+01,-7.279829415238531221e-02,0.000000000000000000e+00,-2.186167718755456860e-02,9.997610049759628748e-01,4.238937644833875993e+02
2.838330534479640122e+00,1.118455976383861206e+01,3.048494071452203732e-02,0.000000000000000000e+00,-2.786260007479053613e-02,9.996117623943168162e-01,4.251396075030550037e+02
2.825835752778337984e+00,1.134683448890771551e+01,1.499231194131015743e-01,0.000000000000000000e+00,-3.077937840114836759e-02,9.995262026906742703e-01,4.263854505227224081e+02
2.814853601108046277e+00,1.149758119633750120e+01,2.854757898243043823e-01,0.000000000000000000e+00,-3.418107004929305665e-02,9.994156564964776779e-01,4.276312935423898125e+02
2.811620063667282565e+00,1.154366805238687022e+01,3.314953840915483285e-01,0.000000000000000000e+00,-3.819940883446722169e-02,9.992701362317885083e-01,4.280290771382279900e+02
2.802303780871329142e+00,1.168151271126903623e+01,4.834497507521059445e-01,0.000000000000000000e+00,-4.301852178423513917e-02,9.990742749082769381e-01,4.292749201578953944e+02
2.794319633376639800e+00,1.180752747591426655e+01,6.489058703736594325e-01,0.000000000000000000e+00,-4.890380123910372662e-02,9.988034932980391911e-01,4.305207631775627988e+02
2.787586605491765734e+00,1.192157688786763181e+01,8.268076844515055424e-01,0.000000000000000000e+00,-5.625218602686220259e-02,9.984165921934587962e-01,4.317666061972302032e+02
2.782024065396868195e+00,1.202351150869896124e+01,1.016124060583399880e+00,0.000000000000000000e+00,-6.568492148783279527e-02,9.978404136379411815e-01,4.330124492168976076e+02
2.777551623416887772e+00,1.211316773614922582e+01,1.215846727327071219e+00,0.000000000000000000e+00,-7.823132946597848025e-02,9.969352331470613393e-01,4.342582922365650120e+02
2.774088989544857942e+00,1.219036760405270137e+01,1.424988254842754376e+00,0.000000000000000000e+00,-9.572739099041135957e-02,9.954075881839402618e-01,4.355041352562324164e+02
2.771555830007650822e+00,1.225491856579850669e+01,1.642580077277182804e+00,0.000000000000000000e+00,-1.217895688061634979e-01,9.925559434762398769e-01,4.367499782758998208e+02
2.769871622664255906e+00,1.230661326107567533e+01,1.867670552929111771e+00,0.000000000000000000e+00,-1.646176889616842720e-01,9.863574486366056826e-01,4.379958212955672252e+02
2.768955511024596028e+00,1.234522926562612000e+01,2.099323058310021750e+00,0.000000000000000000e+00,-2.472377618365815544e-01,9.689548436960506717e-01,4.392416643152346296e+02
2.768726156674518712e+00,1.237052882371488138e+01,2.336614112280810840e+00,0.000000000000000000e+00,-4.606602530255943795e-01,8.875765495338390210e-01,4.404875073349020340e+02
2.769101589889552795e+00,1.238225856301332684e+01,2.578631526508957439e+00,0.000000000000000000e+00,-9.999489041636315800e-01,1.010886056647248427e-02,4.417333503545694384e+02
2.770005532204441678e+00,1.238023116083463115e+01,2.824466497570832679e+00,0.000000000000000000e+00,-4.785099839973084856e-01,-8.780821118864086117e-01,4.429791933742368428e+02
2.771375428418747067e+00,1.236442403483057539e+01,3.073207722594396785e+00,0.000000000000000000e+00,-2.667763180900826203e-01,-9.637584739478552986e-01,4.442250363939042472e+02
2.773157930863263676e+00,1.233491424969632000e+01,3.323947671851025465e+00,0.000000000000000000e+00,-1.845249556516866951e-01,-9.828278286361976646e-01,4.454708794135716516e+02
2.775301587172813278e+00,1.229177958532372550e+01,3.575784835389558491e+00,0.000000000000000000e+00,-1.418309022889826521e-01,-9.898909006329399407e-01,4.467167224332390560e+02
2.777755614849096055e+00,1.223508161560514473e+01,3.827819900742937875e+00,0.000000000000000000e+00,-1.158317021223492366e-01,-9.932688542300313062e-01,4.479625654529064605e+02
2.780469775320898229e+00,1.216486577901802235e+01,4.079153951789049160e+00,0.000000000000000000e+00,-9.837010049705698089e-02,-9.951498999287488045e-01,4.492084084725738649e+02
2.783394248791770220e+00,1.208116143049104174e+01,4.328886668407680105e+00,0.000000000000000000e+00,-8.584455658279759038e-02,-9.963085426237712205e-01,4.504542514922412693e+02
2.786479509670613641e+00,1.198398187459391728e+01,4.576114523327058592e+00,0.000000000000000000e+00,-7.642539745492869796e-02,-9.970753023838551110e-01,4.517000945119086737e+02
2.789676202381476955e+00,1.187332438008563429e+01,4.819928972547339541e+00,0.000000000000000000e+00,-6.908633642100320271e-02,-9.976106846460316424e-01,4.529459375315760781e+02
2.792935017349603477e+00,1.174917017583772250e+01,5.059414635716398045e+00,0.000000000000000000e+00,-6.320773412887578657e-02,-9.980003919569837567e-01,4.541917805512434825e+02
2.796206566960877549e+00,1.161148442812692139e+01,5.293647462814002225e+00,0.000000000000000000e+00,-5.839356579226615690e-02,-9.982936399046447029e-01,4.554376235709108869e+02
2.799441261291679695e+00,1.146021619926970025e+01,5.521692883472824498e+00,0.000000000000000000e+00,-5.437899022428509949e-02,-9.985203680557483974e-01,4.566834665905782913e+02
2.802589183405790330e+00,1.129529838755076199e+01,5.742603935229453782e+00,0.000000000000000000e+00,-5.098022870019350977e-02,-9.986996627022940443e-01,4.579293096102456957e+02
2.804843860431481595e+00,1.116331906643663530e+01,5.903815565535737164e+00,-0.000000000000000000e+00,-4.806577624515451230e-02,-9.988441726084960059e-01,4.588650744978418743e+02
2.807655616418730293e+00,1.097714116915928173e+01,6.111636941637037523e+00,0.000000000000000000e+00,-4.437205074637757402e-02,-9.990150755181629316e-01,4.601109175175092787e+02
2.810223757116999010e+00,1.077866325414841242e+01,6.311014475160719783e+00,0.000000000000000000e+00,-4.067716250706061853e-02,-9.991723417160696119e-01,4.613567605371766831e+02
2.812479149957705093e+00,1.056933627219452809e+01,6.502395015495038066e+00,0.000000000000000000e+00,-3.698126278583382942e-02,-9.993159591454372492e-01,4.626026035568440875e+02
2.814359662898464176e+00,1.035059844484854352e+01,6.686209395705851044e+00,0.000000000000000000e+00,-3.328450302176634568e-02,-9.994459174255473366e-01,4.638484465765114919e+02
2.815810050013479060e+00,1.012387696423355443e+01,6.862873295403831619e+00,0.000000000000000000e+00,-2.958703480336908470e-02,-9.995622078547908851e-01,4.650942895961788963e+02
2.816781851655540070e+00,9.890589680197962252e+00,7.032788073262413064e+00,0.000000000000000000e+00,-2.588900983753163534e-02,-9.996648234131439992e-01,4.663401326158463007e+02
2.817233309042964429e+00,9.652146776759551017e+00,7.196341570853922676e+00,0.000000000000000000e+00,-2.219057991840805641e-02,-9.997537587640692447e-01,4.675859756355137051e+02
2.817129293147277114e+00,9.409952439777967470e+00,7.353908889413903971e+00,0.000000000000000000e+00,-1.849189689626639516e-02,-9.998290102558425874e-01,4.688318186551811095e+02
2.816441247779712054e+00,9.165406517783019069e+00,7.505853141089617431e+00,0.000000000000000000e+00,-1.479311264631688778e-02,-9.998905759223023493e-01,4.700776616748485139e+02
2.815147146796815214e+00,8.919906177878722531e+00,7.652526176177151029e+00,0.000000000000000000e+00,-1.109437903753372409e-02,-9.999384554830219596e-01,4.713235046945159183e+02
2.813231465367538320e+00,8.674847558637935663e+00,7.794269287803055946e+00,0.000000000000000000e+00,-7.395847901485436311e-03,-9.999726503429072766e-01,4.725693477141833228e+02
2.810685165266188168e+00,8.431627421898753028e+00,7.931413895461940200e+00,0.000000000000000000e+00,-3.697671001188584852e-03,-9.999931635912152617e-01,4.738151907338507272e+02
2.807505694177523381e+00,8.191644805372428451e+00,8.064282208779248506e+00,-0.000000000000000000e+00,-0.000000000000000000e+00,-1.000000000000000000e+00,4.750610337535181316e+02
2.803699563408819539e+00,7.955880114844770645e+00,8.193176039888271589e+00,-2.528656754987656727e-02,-1.399774217346382542e-03,-9.996792636309338453e-01,4.763068767731855360e+02
2.799282103820824208e+00,7.724473691252075724e+00,8.318365574955304709e+00,-5.087155390634580387e-02,-2.816067835778569839e-03,-9.987012339859694388e-01,4.775527197928529404e+02
2.796974230595158595e+00,7.615932359669083773e+00,8.376705732262569981e+00,-7.670894823851968913e-02,-4.246333859755601486e-03,-9.970444854212331398e-01,4.781436773975235610e+02
2.791670106607212265e+00,7.389522356844580919e+00,8.497649906755061266e+00,-1.027495926864167297e-01,-5.687851085426999520e-03,-9.946909919933956123e-01,4.793895204171909654e+02
2.785792768789862262e+00,7.166861234656810353e+00,8.615438542814208844e+00,-1.289415629168341182e-01,-7.137745166848944410e-03,-9.916265052662203150e-01,4.806353634368583698e+02
2.779355268888008546e+00,6.947682335733668779e+00,8.730307753906977553e+00,-1.552306169399218505e-01,-8.593013460869502324e-03,-9.878408858131518810e-01,4.818812064565257742e+02
2.772368836675055626e+00,6.731723150952696244e+00,8.842487806469094380e+00,-1.815607049174807752e-01,-1.005055324829821385e-02,-9.833283768961773585e-01,4.831270494761931786e+02
2.764842909906030766e+00,6.518725012959833087e+00,8.952203581079761108e+00,-2.078745301021798220e-01,-1.150719278550109935e-02,-9.780878100911979400e-01,4.843728924958605830e+02
2.756785161163529896e+00,6.308432794159792856e+00,9.059675022849591031e+00,-2.341141487331216131e-01,-1.295972451248012837e-02,-9.721227344854797003e-01,4.856187355155279874e+02
2.748201521641739031e+00,6.100594608832521359e+00,9.165117581923855283e+00,-2.602215948312912031e-01,-1.440493963932151442e-02,-9.654414634235712889e-01,4.868645785351953919e+02
2.739096201909366535e+00,5.894961519034870534e+00,9.268742644983253953e+00,-2.861395145215639424e-01,-1.583966326000031677e-02,-9.580570355136345251e-01,4.881104215548627963e+02
2.729471709687948611e+00,5.691287243950953645e+00,9.370757958606445115e+00,-3.118117938556424495e-01,-1.726078910641963213e-02,-9.499870895817216221e-01,4.893562645745302007e+02
2.719328864677668545e+00,5.489327872358598093e+00,9.471368045342222430e+00,-3.371841641781163634e-01,-1.866531305931717899e-02,-9.412536563094471287e-01,4.906021075941976051e+02
2.708666810458578933e+00,5.288841577882948286e+00,9.570774613324664060e+00,-3.622047698711938768e-01,-2.005036457658927393e-02,-9.318828722338989845e-01,4.918479506138650095e+02
2.697483023490898191e+00,5.089588336711426741e+00,9.669176960251565589e+00,-3.868246847864911797e-01,-2.141323528111330893e-02,-9.219046244566883042e-01,4.930937936335324139e+02
2.685773319233858647e+00,4.891329647447089535e+00,9.766772372535333702e+00,-4.109983657310656291e-01,-2.275140406411755092e-02,-9.113521366516372790e-01,4.943396366531998183e+02
2.673531855398429080e+00,4.693828252779939980e+00,9.863756520425672747e+00,-4.346840338873518284e-01,-2.406255819922884301e-02,-9.002615086608602990e-01,4.955854796728672227e+02
2.660751132345101855e+00,4.496847862657873840e+00,9.960323849895443615e+00,-4.578439778540947525e-01,-2.534461011773812139e-02,-8.886712230519896449e-01,4.968313226925346271e+02
2.647421990633830990e+00,4.300152878640634668e+00,1.005666797207454266e+01,-4.804447749270469026e-01,-2.659570965791079739e-02,-8.766216324464571885e-01,4.980771657122020315e+02
2.644569880144120866e+00,4.259115585929274417e+00,1.007676397075832320e+01,-5.024574301261119924e-01,-2.781425176103374808e-02,-8.641544412372345052e-01,4.983372078669681855e+02
