2.642618530753998218e+00,5.188906222675759849e+00,-2.655841065509706445e-01,-8.509973064064979553e-03,-3.496798276901245117e-01,9.368306398391723633e-01,0.000000000000000000e+00
3.228580058943121500e+00,5.059362386286358593e+00,1.881836056947896740e-01,-3.029283663700983037e-02,-3.476347877942992937e-01,9.371405435492032865e-01,1.486918353042603336e+00
3.781149233588861680e+00,4.926822756703152173e+00,6.322730854467317751e-01,-5.847832977193131304e-02,-3.447393225007533424e-01,9.368751701634572271e-01,2.973836706085206671e+00
4.267352095926208122e+00,4.791057905648035131e+00,1.057004733067963942e+00,-9.626464165805546924e-02,-3.404143458824626101e-01,9.353348020275206176e-01,4.460755059127810007e+00
4.654206264999307230e+00,4.652661113325617492e+00,1.452697842754678392e+00,-1.492707991107267429e-01,-3.334829325825827695e-01,9.308637721003893972e-01,5.947673412170413343e+00
4.920687617501635636e+00,4.512949235354040134e+00,1.812800241774124022e+00,-2.280874839850202396e-01,-3.212662359082520402e-01,9.191104967928103164e-01,7.434591765213016679e+00
5.069697504418076761e+00,4.373464875785820105e+00,2.137018108475928990e+00,-3.539482793250093851e-01,-2.967434669465376929e-01,8.869407705069228820e-01,8.921510118255620014e+00
5.116094869618872387e+00,4.235478747292408030e+00,2.428185763080178194e+00,-5.670217681776053009e-01,-2.387176623319621493e-01,7.883528347786321611e-01,1.040842847129822246e+01
5.074728906673163564e+00,4.099891099182729981e+00,2.689135637214106200e+00,-8.769445072121915263e-01,-8.966246883082754082e-02,4.721535480683456965e-01,1.189534682434082669e+01
4.960439603585244939e+00,3.967232655021716958e+00,2.922698435761899027e+00,-9.805485109633022001e-01,1.462534918350472390e-01,-1.308989448914942288e-01,1.338226517738343091e+01
4.788058289438321680e+00,3.837665244286368349e+00,3.131703298616539843e+00,-7.949124835288648994e-01,2.802108412738009702e-01,-5.381412713801095871e-01,1.486918353042603513e+01
4.572408181787155357e+00,3.710982128530226021e+00,3.318977962342500643e+00,-6.277159329929232756e-01,3.266512101997713913e-01,-7.065916036451668214e-01,1.635610188346863936e+01
4.328304933642191266e+00,3.586608022320620037e+00,3.487348921758499198e+00,-5.202722777439255930e-01,3.440660427033416791e-01,-7.816235124851412808e-01,1.784302023651124358e+01
4.070477660776648854e+00,3.464752149164117778e+00,3.639648464846524156e+00,-4.501935138467664244e-01,3.517464363865913657e-01,-8.207315301483397718e-01,1.932993858955384781e+01
3.813242821002561289e+00,3.351239831275392156e+00,3.778743611218266629e+00,-4.019202293298074213e-01,3.555922328711590974e-01,-8.438093938663981941e-01,2.081685694259645203e+01
3.570360189372205006e+00,3.260051240033936537e+00,3.907551305773163008e+00,-3.669592728288163519e-01,3.577008642130565796e-01,-8.587147278498132863e-01,2.230377529563905625e+01
3.355399361443350159e+00,3.208516729671739398e+00,4.029009808757531452e+00,-3.405869443299026633e-01,3.589341505815988320e-01,-8.690033422825748088e-01,2.379069364868166048e+01
3.299288352962967519e+00,3.201373564333430899e+00,4.062926297563675959e+00,-3.200338211224757479e-01,3.596893578626834120e-01,-8.764712882793580517e-01,2.421679989225988194e+01
3.127782801372770649e+00,3.220983643411370778e+00,4.178127673932518604e+00,-2.105519425598095795e-01,4.096562422013241278e-01,-8.876089469523055220e-01,2.570371824530248617e+01
3.096878095701638856e+00,3.234371778540567011e+00,4.201527632797482426e+00,-9.799453675694468069e-02,4.536392669438001346e-01,-8.857812857881359747e-01,2.601432238035848243e+01
2.969526791182188763e+00,3.352878372296133502e+00,4.308134629244251279e+00,-1.223857828492210115e-01,3.439511145353471577e-01,-9.309776318291840269e-01,2.750124073340108666e+01
2.876138351695563866e+00,3.563280504049985531e+00,4.403249874995882607e+00,-1.456551052642492960e-01,2.255696943145173994e-01,-9.632771684812817536e-01,2.898815908644369088e+01
2.806056983985669717e+00,3.841806848798407170e+00,4.484761938204195886e+00,-1.666523713424505060e-01,1.036696360669906725e-01,-9.805506583974514800e-01,3.047507743948629511e+01
2.748533989679563305e+00,4.165008288704120432e+00,4.550558609665761090e+00,-1.845337107867846826e-01,-1.610013431129671962e-02,-9.826943040734578139e-01,3.196199579252889933e+01
2.692727557119714454e+00,4.509741508233341634e+00,4.598526782123711243e+00,-4.730092251022989698e-03,-8.028414844100014922e-03,-9.999565844487389166e-01,3.344891414557150000e+01
2.629509413209895285e+00,4.846010841588703322e+00,4.626393991365774561e+00,-2.438193118393759407e-01,-1.095407831286297588e-02,-9.697588109125324651e-01,3.490324017528951117e+01
2.553533008070822952e+00,5.169519437208642820e+00,4.633945195419660656e+00,-1.883653466400967147e-01,-1.366542126570892968e-01,-9.725451775358444628e-01,3.639015852833211540e+01
2.480020661398825155e+00,5.458887522500076805e+00,4.619880390945933613e+00,-1.268747678796893208e-01,-2.647331866962976399e-01,-9.559388752096538155e-01,3.787707688137471962e+01
2.431387966291951308e+00,5.702941882376515892e+00,4.584593871509961005e+00,-6.278819481153208315e-02,-3.873954309046914180e-01,-9.197730278207105759e-01,3.936399523441732384e+01
2.430007243531786987e+00,5.889912740765994137e+00,4.528478717975639611e+00,3.685840016308102022e-07,-4.977913964173884542e-01,-8.672967921378994527e-01,4.085091358745992807e+01
2.498208187884345843e+00,6.007425438450127331e+00,4.451926820967783804e+00,-5.570438667351212264e-02,-4.425678875486577790e-01,-8.950031766513716347e-01,4.233783194050253229e+01
2.499704907563887080e+00,6.008522605519430293e+00,4.450731791931033854e+00,-1.218089197258222928e-01,-3.725100492417929843e-01,-9.199993751569102152e-01,4.235833292133851558e+01
2.647380939703037672e+00,6.053206888769475214e+00,4.353173205417560254e+00,-1.989224045980155231e-01,-2.843058087122106170e-01,-9.378699718412139008e-01,4.384525127438111980e+01
2.859249893844988843e+00,6.040995105895802020e+00,4.232125974869682672e+00,-2.858337188662327111e-01,-1.757221690875575004e-01,-9.420301504995810538e-01,4.533216962742372402e+01
3.107412584448190795e+00,5.998061707737211812e+00,4.084140680997429662e+00,-3.782193290704767841e-01,-4.769180225481527147e-02,-9.244866852016668801e-01,4.681908798046632825e+01
3.364082763043605429e+00,5.951253327143139593e+00,3.905766365173125365e+00,-4.681956203722039134e-01,9.349281403230649823e-02,-8.786648705784291247e-01,4.830600633350893247e+01
3.604124492500381916e+00,5.925872286215450480e+00,3.695321921941648657e+00,-5.462283215201511055e-01,2.361834668019319738e-01,-8.036491714539990561e-01,4.979292468655153669e+01
3.813506998207333076e+00,5.937431946846237985e+00,3.457544045701134383e+00,-6.051512663165041772e-01,3.672761003425965565e-01,-7.063286848151265618e-01,5.127984303959414092e+01
3.992645126010970991e+00,5.987635090764192647e+00,3.204692364711340336e+00,-6.431265318037926448e-01,4.776237262966072095e-01,-5.985514515633295618e-01,5.276676139263674514e+01
4.147877712218714485e+00,6.072213199471971024e+00,2.951902098900959448e+00,-6.630758239464331627e-01,5.644454721324672075e-01,-4.916622424865621510e-01,5.425367974567934937e+01
4.285522645410661191e+00,6.186766904094356256e+00,2.714308471687523650e+00,-6.699510663057761661e-01,6.298230834461291394e-01,-3.930501905789689499e-01,5.574059809872195359e+01
4.411877199240723968e+00,6.326762986210605177e+00,2.507047574838229487e+00,-6.684570993135857675e-01,6.779121777627121759e-01,-3.059414741715869024e-01,5.722751645176455781e+01
4.436037247885906254e+00,6.356789717699425246e+00,2.470012323262337883e+00,-6.621269057880017073e-01,7.129750327387287534e-01,-2.307695025838888137e-01,5.752138125192162477e+01
4.554163631799517553e+00,6.515622056743352708e+00,2.309841176224201931e+00,-7.263907994381461064e-01,6.626660798340953118e-01,-1.822911767720073739e-01,5.900829960496422899e+01
4.659760810839927103e+00,6.680850473956597035e+00,2.206430669448192994e+00,-7.846061439236563517e-01,6.058440832182531155e-01,-1.317047673650625916e-01,6.049521795800683321e+01
4.726672142285386791e+00,6.800536410487954875e+00,2.166255223792130202e+00,-8.351919860094663139e-01,5.440521584196161831e-01,-8.038404956532353707e-02,6.159481357414916403e+01
4.796959272802586050e+00,6.951150026165475282e+00,2.164591515269650657e+00,-8.308256709261683248e-01,5.412078984348449584e-01,-1.297024101619578818e-01,6.308173192719176825e+01
4.840946610201923406e+00,7.086417669649254236e+00,2.227866642243816031e+00,-8.237379346542916814e-01,5.365908782986150705e-01,-1.831011860644347899e-01,6.456865028023436537e+01
4.860176580022471882e+00,7.207545669367751096e+00,2.349822724997784995e+00,-8.132950072984252987e-01,5.297882541554831404e-01,-2.405735581113172539e-01,6.605556863327696249e+01
4.856192993012876435e+00,7.315690450503450570e+00,2.524205236971400090e+00,-7.988004009950951945e-01,5.203463270574423261e-01,-3.019232009765141500e-01,6.754248698631955961e+01
4.830541057449918796e+00,7.411959419407541105e+00,2.744762647360690977e+00,-7.795338818029906580e-01,5.077959296311209680e-01,-3.667018147912914361e-01,6.902940533936215672e+01
4.784767395136823254e+00,7.497411808797648014e+00,3.005246063888163288e+00,-7.548160267443398963e-01,4.916944791605344367e-01,-4.341535499485623673e-01,7.051632369240475384e+01
4.720420060925828665e+00,7.573059484328879876e+00,3.299408875723464973e+00,-7.240987673569087013e-01,4.716849585348447116e-01,-5.031841362803354256e-01,7.200324204544735096e+01
4.639048565612884367e+00,7.639867713096522905e+00,3.621006396534048655e+00,-6.870733693348740623e-01,4.475662552334878086e-01,-5.723763030796228390e-01,7.349016039848994808e+01
4.542203902055258702e+00,7.698755894598800609e+00,3.963795507645543115e+00,-6.437755117028693963e-01,4.193616109190841934e-01,-6.400694726504767562e-01,7.497707875153254520e+01
4.431438574365260230e+00,7.750598254664952336e+00,4.321534301291504399e+00,-5.946575161316535185e-01,3.873656723140623259e-01,-7.045071145281691649e-01,7.646399710457514232e+01
4.308306630035635187e+00,7.796224502829686820e+00,4.687981723932090894e+00,-5.405977441416820461e-01,3.521506126301887085e-01,-7.640314293621088826e-01,7.795091545761773943e+01
4.174363694854625884e+00,7.836420453607242820e+00,5.056897219621346196e+00,-4.828316395925025262e-01,3.145212119774888349e-01,-8.172820902385095065e-01,7.943783381066033655e+01
4.031167010470616319e+00,7.871928612094035493e+00,5.422040373402834845e+00,-4.228143893665845532e-01,2.754253932019351536e-01,-8.633474647696151028e-01,8.092475216370293367e+01
3.880275474468348751e+00,7.903448724304963591e+00,5.777170554713274342e+00,-3.620493931355530659e-01,2.358424854278682037e-01,-9.018306709118866227e-01,8.241167051674553079e+01
3.723249682821115680e+00,7.931638292621887132e+00,6.116046560773776619e+00,-3.019264202960697530e-01,1.966777979166614565e-01,-9.328227487223141878e-01,8.389858886978812791e+01
3.561651974585057889e+00,7.957113056707477483e+00,6.432426259948434755e+00,-2.436043469362258185e-01,1.586862337895475483e-01,-9.568048920022640402e-01,8.538550722283072503e+01
3.397046478703646066e+00,7.980447440213832344e+00,6.720066235050150993e+00,-1.879530430535597540e-01,1.224344347979234998e-01,-9.745170407861627471e-01,8.687242557587332215e+01
3.230999162788666723e+00,8.002174963594605117e+00,6.972721426573907699e+00,-1.355491736732481467e-01,8.829804613102475164e-02,-9.868281899935484880e-01,8.835934392891591926e+01
3.065077883746189613e+00,8.022788623305066480e+00,7.184144775836480257e+00,-8.670926014429541917e-02,5.648325286485354757e-02,-9.946311609591939051e-01,8.984626228195851638e+01
2.900852440123813381e+00,8.042741237644788654e+00,7.348086868000946126e+00,-4.154128544627459091e-02,2.706039615939862669e-02,-9.987702721663113126e-01,9.133318063500111350e+01
2.818514270733340599e+00,8.052764631394719430e+00,7.414734191057070767e+00,-0.000000000000000000e+00,-0.000000000000000000e+00,-1.000000000000000000e+00,9.208658698696604006e+01
2.658643937860291295e+00,8.072392284571266785e+00,7.511477541822145554e+00,-1.663837588977199952e-02,0.000000000000000000e+00,-9.998615726428087269e-01,9.357350534000863718e+01
2.503298126756012376e+00,8.091231322145658211e+00,7.554373843934796717e+00,-3.506511596476442200e-02,0.000000000000000000e+00,-9.993850297269705196e-01,9.506042369305123430e+01
2.352929509605235836e+00,8.108530889517812312e+00,7.546477253685403674e+00,-5.556271485508988001e-02,0.000000000000000000e+00,-9.984551991541392724e-01,9.654734204609383141e+01
2.207988363012004740e+00,8.123527574983635091e+00,7.490839024861519313e+00,-7.847017232344831450e-02,0.000000000000000000e+00,-9.969164619242317782e-01,9.803426039913642853e+01
2.068922578031167969e+00,8.135444860620541618e+00,7.390507683104265091e+00,-1.041953936131586045e-01,0.000000000000000000e+00,-9.945568460122322652e-01,9.952117875217902565e+01
1.936177667637787758e+00,8.143492562571305271e+00,7.248529200109310011e+00,-1.332296742318456184e-01,0.000000000000000000e+00,-9.910851900336703491e-01,1.010080971052216228e+02
1.810196771591854548e+00,8.146866260343470501e+00,7.067947167682375742e+00,-1.661636505341433090e-01,0.000000000000000000e+00,-9.860981904664296582e-01,1.024950154582642199e+02
1.691420658653861819e+00,8.144746714732876924e+00,6.851802971659224362e+00,-2.037027527161414109e-01,0.000000000000000000e+00,-9.790327821558716392e-01,1.039819338113068170e+02
1.580287726104841139e+00,8.136299273972671386e+00,6.603135965700185572e+00,-2.466773754838634536e-01,0.000000000000000000e+00,-9.690976588684925286e-01,1.054688521643494141e+02
1.477233996518163339e+00,8.120673267704246356e+00,6.324983644968851237e+00,-2.960373512508229221e-01,0.000000000000000000e+00,-9.551763641675796723e-01,1.069557705173920112e+02
1.382693111735083136e+00,8.097001388353314510e+00,6.020381819704325288e+00,-3.528096766563901809e-01,0.000000000000000000e+00,-9.356951063554910242e-01,1.084426888704346084e+02
1.297096324000840184e+00,8.064399059480731324e+00,5.692364788697200417e+00,-4.179799653467512477e-01,0.000000000000000000e+00,-9.084562447188795353e-01,1.099296072234772055e+02
1.220872484202224051e+00,8.021963790678354300e+00,5.343965512679616836e+00,-4.922307916729443122e-01,0.000000000000000000e+00,-8.704647308932318417e-01,1.114165255765198026e+02
1.154448027144385991e+00,7.968774518568950249e+00,4.978215787639228118e+00,-5.754444593781928852e-01,0.000000000000000000e+00,-8.178408611526689631e-01,1.129034439295623997e+02
1.098246953809798976e+00,7.903890933455503642e+00,4.598146418066923147e+00,-6.659003329700073914e-01,0.000000000000000000e+00,-7.460407137351374729e-01,1.143903622826049968e+02
1.052690810538440491e+00,7.826352791160634759e+00,4.206787390148199357e+00,-7.592820515932083847e-01,0.000000000000000000e+00,-6.507616815151368028e-01,1.158772806356475940e+02
1.018198665065467745e+00,7.735179209583054494e+00,3.807168044907969229e+00,-8.480842326952727772e-01,0.000000000000000000e+00,-5.298614292941791204e-01,1.173641989886901911e+02
9.951870793501975676e-01,7.629367949486382194e+00,3.402317251318502489e+00,-9.225459241682023581e-01,0.000000000000000000e+00,-3.858873123084472501e-01,1.188511173417327882e+02
9.840700791279306525e-01,7.507894679026762219e+00,2.995263579380603947e+00,-9.737984686190245265e-01,0.000000000000000000e+00,-2.274127140580374795e-01,1.203380356947753853e+02
9.852591201008820132e-01,7.369712221512648931e+00,2.589035473189195358e+00,-9.977461360416149949e-01,0.000000000000000000e+00,-6.710177355351580608e-02,1.218249540478179824e+02
9.988410308473801846e-01,7.213631103144999557e+00,2.186647268754626339e+00,-9.965576624835310593e-01,0.000000000000000000e+00,8.290250506082740001e-02,1.233118724008605795e+02
1.024255278938758673e+00,7.038210738814835388e+00,1.791085211013845768e+00,-9.766537853890008281e-01,0.000000000000000000e+00,2.148194206428639952e-01,1.247987907539031767e+02
1.060614925082584259e+00,6.841893177910939094e+00,1.405321779709005181e+00,-9.453730016783624679e-01,0.000000000000000000e+00,3.259906251683366007e-01,1.262857091069457738e+02
1.107029709929983285e+00,6.624226623458896235e+00,1.032366666604223049e+00,-9.087337306308924667e-01,0.000000000000000000e+00,4.173763371510902931e-01,1.277726274599883709e+02
1.162613420900675543e+00,6.386965673986172654e+00,6.753035995918160728e-01,-8.707915574689575333e-01,0.000000000000000000e+00,4.916523806926872409e-01,1.292595458130309680e+02
1.226491261744932837e+00,6.132971924009565257e+00,3.372538667839052873e-01,-8.339137465186081677e-01,0.000000000000000000e+00,5.518947937490428224e-01,1.307464641660735651e+02
1.297801256120079794e+00,5.865115339315864595e+00,2.133984275198108280e-02,-7.993008162932367933e-01,0.000000000000000000e+00,6.009311150813921865e-01,1.322333825191161623e+02
1.375694167117370581e+00,5.586276231834196970e+00,-2.693148330486177522e-01,-7.674406942149286648e-01,0.000000000000000000e+00,6.411199426495078901e-01,1.337203008721587594e+02
1.459333426515334153e+00,5.299347244500589582e+00,-5.315850777831121476e-01,-7.384224515081886375e-01,0.000000000000000000e+00,6.743384039995324875e-01,1.352072192252013565e+02
1.547968806188350976e+00,5.010878110623167458e+00,-7.624026855608367903e-01,-7.121299059950028099e-01,0.000000000000000000e+00,7.020477170303657255e-01,1.366941375782439536e+02
1.641029883902213049e+00,4.734720671032356165e+00,-9.588146510108269682e-01,-6.883532940039716053e-01,0.000000000000000000e+00,7.253755872883247413e-01,1.381810559312865507e+02
1.738081970579148150e+00,4.488392308364524297e+00,-1.117924501638759560e+00,-6.668504980580546304e-01,0.000000000000000000e+00,7.451915278904642781e-01,1.396679742843291478e+02
1.838762318101358595e+00,4.289444234090576735e+00,-1.236833633410917344e+00,-6.473789022022171658e-01,0.000000000000000000e+00,7.621683258857271381e-01,1.411548926373717450e+02
1.904431325551415366e+00,4.189645326031354422e+00,-1.293654250607044087e+00,-6.297107503165726428e-01,0.000000000000000000e+00,7.768296923623214667e-01,1.421027168895938644e+02
2.002940648836492255e+00,4.081328483757550529e+00,-1.355116495372037377e+00,-6.136395126125714361e-01,0.000000000000000000e+00,7.895863148260650055e-01,1.435896352426364615e+02
2.077963636743740405e+00,4.032770699727358021e+00,-1.386607187480596082e+00,-5.989815163952958432e-01,0.000000000000000000e+00,8.007628506722773709e-01,1.450765535956790586e+02
2.102838346368455014e+00,4.028085613955109778e+00,-1.403106215692111025e+00,-5.855752083478741321e-01,-0.000000000000000000e+00,8.106180823102477895e-01,1.465634719487216557e+02
2.096924476412574290e+00,4.034638993716596289e+00,-1.408565586961660676e+00,-4.556739453497520298e-01,-1.545071185062794929e-05,8.901467605348382106e-01,1.471868371647419167e+02
2.037601898392347177e+00,4.059586256733341614e+00,-1.422761305009050181e+00,-3.077525962622925104e-01,-3.130273790215861942e-05,9.514664148113463060e-01,1.486737555177845138e+02
1.914492217571496457e+00,4.090376732785137470e+00,-1.434286891524785501e+00,-1.519402146944220655e-01,-4.635213606819113763e-05,9.883896847954719567e-01,1.501606738708271109e+02
1.751861706922940964e+00,4.110006549950566246e+00,-1.434205275618033237e+00,-7.069497921097834560e-05,-5.956837023416438096e-05,9.999999957269145590e-01,1.516475922238697081e+02
1.573900705358197927e+00,4.100856647972933366e+00,-1.413578723122673297e+00,3.233684231297880018e-02,-1.021399997528755842e-04,9.994770223455093916e-01,1.531345105769123052e+02
1.445916090132039145e+00,4.069857975851082443e+00,-1.382913255680216391e+00,6.474445415584562102e-02,-1.446489526829357829e-04,9.979018662838256004e-01,1.542226300032475024e+02
1.288630048157929364e+00,3.984803936202883978e+00,-1.314814602971755342e+00,9.704995188563640685e-02,-1.869611885047947012e-04,9.952794943554849061e-01,1.557095483562900995e+02
1.156474578322411073e+00,3.846948570350057217e+00,-1.213047363297367731e+00,1.540812877795772473e-01,2.243256447408873908e-02,9.878034909876068914e-01,1.571964667093326966e+02
1.048171294921103724e+00,3.664137375295638321e+00,-1.079966680283131142e+00,2.167157207171625799e-01,4.744749728425916302e-02,9.750810383734784814e-01,1.586833850623752937e+02
9.624770416433671150e-01,3.444211451943147040e+00,-9.179259082182581464e-01,2.847809151533318706e-01,7.484583489563093051e-02,9.556662238267117360e-01,1.601703034154178908e+02
8.981837142676322161e-01,3.195012895387070895e+00,-7.292767465335628918e-01,3.576361745141762860e-01,1.044364008435815921e-01,9.280029120954872424e-01,1.616572217684604880e+02
8.541181098966108554e-01,2.924390189857041022e+00,-5.163693741870386544e-01,4.340279576573687348e-01,1.357852460970141451e-01,8.906077132577208122e-01,1.631441401215030851e+02
8.291418027373206323e-01,2.640203611951198237e+00,-2.815525839622098347e-01,5.120119716806521559e-01,1.681742228138734252e-01,8.423545403431033085e-01,1.646310584745456822e+02
8.221510464515352501e-01,2.350330645840961630e+00,-2.717391668410175029e-02,5.890191021511870240e-01,2.006134606867300829e-01,7.828222893430558660e-01,1.661179768275882793e+02
8.320767031204963082e-01,2.062671414151894034e+00,2.444202046364356007e-01,6.621217820505149732e-01,2.319338922738237163e-01,7.126018631388529867e-01,1.676048951806308764e+02
8.578841988824071896e-01,1.785154128162460330e+00,5.308843407205566800e-01,7.284800060668114030e-01,2.609572359921191187e-01,6.334178729277002429e-01,1.690918135336734736e+02
8.985735063214228546e-01,1.525740560995903605e+00,8.298739019946934636e-01,7.858401110926785949e-01,2.866977988107425879e-01,5.479595714602689682e-01,1.705787318867160707e+02
9.531791537066899300e-01,1.292431547529211411e+00,1.139045014612038109e+00,8.329022510633218301e-01,3.085232000901499405e-01,4.594423524010216586e-01,1.720656502397586678e+02
1.020770261197523121e+00,1.093272514745384116e+00,1.456054386514944676e+00,8.694248463322531428e-01,3.262164057861011712e-01,3.710569945118080692e-01,1.735525685928012649e+02
1.100450604150175815e+00,9.363590462784012747e-01,1.778559173530132931e+00,8.960654570508901351e-01,3.399312225866571446e-01,2.855056226958060939e-01,1.750394869458438620e+02
1.191358703680486464e+00,8.298424849187443497e-01,2.104216845488836807e+00,9.140688893626686129e-01,3.500798612031940094e-01,2.047490080055332506e-01,1.765264052988864591e+02
1.292667944655537360e+00,7.819355768602148649e-01,2.430685052364872423e+00,9.249385771385726374e-01,3.572055671802030763e-01,1.299723481989233376e-01,1.780133236519290563e+02
1.403586721306109508e+00,8.009181614641902591e-01,2.755621490424206232e+00,9.301813745867882899e-01,3.618783515739421031e-01,6.169820932538761654e-02,1.795002420049716534e+02
1.470086497434220707e+00,8.344269839652609377e-01,2.939210091101252864e+00,9.311533018730524525e-01,3.646279292838019437e-01,-3.996396863834392215e-05,1.803456471324009556e+02
1.593887220371243307e+00,8.971357964147345099e-01,3.256910335178122562e+00,9.266716556982168562e-01,3.624780455540775881e-01,-9.944500498678368605e-02,1.818325654854435527e+02
1.731153108421344733e+00,9.769297549915851864e-01,3.561139733623387205e+00,9.093555859225033178e-01,3.552321446787601311e-01,-2.165237671445544576e-01,1.833194838384861498e+02
1.885446641037153759e+00,1.097616278931360601e+00,3.844930666667797148e+00,8.727105340913731135e-01,3.403518990490386198e-01,-3.500527224571512441e-01,1.848064021915287469e+02
2.056895366274787307e+00,1.257047520192292156e+00,4.105145431551199486e+00,8.101966820643982103e-01,3.152998328926102101e-01,-4.941329292303158205e-01,1.862933205445713440e+02
2.243844691191212437e+00,1.440162084390188113e+00,4.340560520748587336e+00,7.184821840049240294e-01,2.788171168972436997e-01,-6.372161066644683736e-01,1.877802388976139412e+02
2.444580968183090341e+00,1.631959675576668989e+00,4.549951009587114292e+00,6.011055219186096643e-01,2.323475962138000783e-01,-7.646481191061840210e-01,1.892671572506565383e+02
2.657331485103077373e+00,1.817490591803672340e+00,4.732090486247613192e+00,4.688776339079051003e-01,1.801713304574472652e-01,-8.646918850678070312e-01,1.907540756036991354e+02
2.880264405018905016e+00,1.981845261644086031e+00,4.885750981681846739e+00,3.354044438226732594e-01,1.276319593795129381e-01,-9.333884196886896856e-01,1.922409939567417325e+02
3.111488655757280064e+00,2.110143814549610752e+00,5.009702899440890533e+00,2.114746196231512554e-01,7.894047453536133518e-02,-9.741903749962711467e-01,1.937279123097843296e+02
3.349053769339937148e+00,2.187525677958424897e+00,5.102714945410991021e+00,1.026516032451829097e-01,3.624780352975482539e-02,-9.940567112043767750e-01,1.952148306628269268e+02
3.590949671384302988e+00,2.199139194085905302e+00,5.163554057452952151e+00,1.014510983321466504e-02,0.000000000000000000e+00,-9.999485370490184266e-01,1.967017490158695239e+02
3.633592066015753907e+00,2.194534312350664873e+00,5.171245304274316723e+00,3.922451505581354102e-03,7.747768568457473470e-02,-9.969863703156370827e-01,1.969620822817463193e+02
3.876538773221331002e+00,2.129378895793356818e+00,5.197869126979600019e+00,-2.580377385016392484e-03,1.576318362415009000e-01,-9.874945801652197375e-01,1.984490006347889164e+02
4.114922792433874044e+00,1.997325469209425108e+00,5.190954087706709075e+00,-9.248138102084182618e-03,2.389587821500677445e-01,-9.709856705302098989e-01,1.999359189878315135e+02
4.342297178210792197e+00,1.814784436040710824e+00,5.150584021158040038e+00,-1.594534219067208700e-02,3.197516505887111338e-01,-9.473672086409878901e-01,2.014228373408741106e+02
4.552280519904725153e+00,1.598286402645734405e+00,5.076840850286295392e+00,-2.252885320580687648e-02,3.982646342912396498e-01,-9.169938559478445494e-01,2.029097556939167077e+02
4.738556574466642246e+00,1.364493748113980054e+00,4.969804590976020897e+00,-2.886269456913868534e-02,4.728955026197728118e-01,-8.806456656704789721e-01,2.043966740469593049e+02
4.894873955046415759e+00,1.130212306599898575e+00,4.829553356616801629e+00,-3.483164448849513511e-02,5.423437896437394157e-01,-8.394343157014100276e-01,2.058835924000019020e+02
5.011351575844188666e+00,9.209318860141735286e-01,4.665305548984646222e+00,-4.035058424030640162e-02,6.057098217322965938e-01,-7.946618414196665592e-01,2.073039668097006540e+02
5.095570636146977250e+00,7.294221118441874818e-01,4.462773431648062505e+00,-4.107198580351956174e-02,6.640029806863899653e-01,-7.466010538579122002e-01,2.087908851627432512e+02
5.142338321008608659e+00,5.705125635934688022e-01,4.231363470853708009e+00,-4.162926081209412932e-02,7.291403911787954772e-01,-6.830968413013427387e-01,2.102778035157858483e+02
5.156208397012103539e+00,4.439290417618283469e-01,3.975263390906979222e+00,-4.184286901509734480e-02,7.995580191180355900e-01,-5.991294921606082902e-01,2.117647218688284454e+02
5.141728795487058967e+00,3.493093093705683660e-01,3.698659505219650256e+00,-4.143890626823677759e-02,8.710818017425676629e-01,-4.893866689236786027e-01,2.132516402218710425e+02
5.103441880945903897e+00,2.862029391287651547e-01,3.405736955528322785e+00,-4.006237834433799827e-02,9.357867584313108722e-01,-3.502829550320919472e-01,2.147385585749136396e+02
5.045884717989188140e+00,2.540710843374389127e-01,3.100679951046315885e+00,-3.737809042716233598e-02,9.823027618271109596e-01,-1.835324561565311041e-01,2.162254769279562368e+02
4.973589336408424266e+00,2.522861733882156843e-01,2.787672007562431720e+00,-3.327350425637297382e-02,9.994460879389145402e-01,6.254743006057034106e-04,2.177123952809988339e+02
4.891082994214293933e+00,2.801315276610081284e-01,2.470896186500179947e+00,-2.803013614128574763e-02,9.823834864234901598e-01,1.847620011537259299e-01,2.191993136340414310e+02
4.802888438316798236e+00,3.368009025712542792e-01,2.154535333950924780e+00,-2.225106462974357768e-02,9.359405656841182086e-01,3.514543322107947509e-01,2.206862319870840281e+02
4.713524162582305443e+00,4.213979514620003197e-01,1.842772319694607530e+00,-1.656825804416718964e-02,8.712965634771514534e-01,4.904771057840396908e-01,2.221731503401266252e+02
4.627504662990683748e+00,5.329356119794010915e-01,1.539790276222036791e+00,-1.140356407743115322e-02,7.998208601838044940e-01,6.001304444378496861e-01,2.236600686931692223e+02
4.549340689613850408e+00,6.703354145158488819e-01,1.249772837772320289e+00,-6.929717020511446876e-03,7.294400120500745821e-01,6.840096840267706479e-01,2.251469870462118195e+02
4.483539495135027586e+00,8.324267122509304562e-01,9.769043793989037328e-01,-3.150815667375901890e-03,6.643304129240306111e-01,7.474323881293994942e-01,2.266339053992544166e+02
4.464188304852409139e+00,8.915692397186799623e-01,8.885977931494244419e-01,8.467482058952190987e-06,6.060582983568790771e-01,7.954202278802481318e-01,2.271350759745072594e+02
4.415485187478715545e+00,1.079265373630898806e+00,6.393725965306943371e-01,-3.058077991606716547e-02,5.668013406631869922e-01,8.232867399163786848e-01,2.286219943275498565e+02
4.378979993031032691e+00,1.287558819618431105e+00,4.134757092903170728e-01,-6.222424701218472187e-02,5.241061711510935917e-01,8.493767505913422111e-01,2.301089126805924536e+02
4.348496055494136314e+00,1.514208246089900234e+00,2.114878408273670740e-01,-9.462868780266174562e-02,4.781520095325837438e-01,8.731643987386901173e-01,2.315958310336350507e+02
4.317848753423930930e+00,1.757141633714422335e+00,3.399106675677763395e-02,-1.274456325420753600e-01,4.292472880103198052e-01,8.941500861050877269e-01,2.330827493866776479e+02
4.280845341449484920e+00,2.014454821645633054e+00,-1.184311378279024607e-01,-1.602859758302970505e-01,3.778279302870102274e-01,9.118960801797337812e-01,2.345696677397202450e+02
4.231284775078066218e+00,2.284410190938000795e+00,-2.451938650118382357e-01,-1.927404758323138512e-01,3.244427055013888728e-01,9.260604946885879762e-01,2.360565860927628421e+02
4.162957529330557627e+00,2.565435484260987664e+00,-3.457107406343392086e-01,-2.244039865605392536e-01,2.697259982427808733e-01,9.364244425941009586e-01,2.375435044458054392e+02
4.069645411730699713e+00,2.856122761115942321e+00,-4.193938907807405747e-01,-2.549002612772346965e-01,2.143608395562416336e-01,9.429078890674001956e-01,2.390304227988480363e+02
3.945121370167979258e+00,3.155227487853917268e+00,-4.656539081888249609e-01,-2.839038774624211281e-01,1.590370926466451729e-01,9.455716744511253324e-01,2.405173411518906335e+02
3.783149296150160268e+00,3.461667761889275052e+00,-4.838998185680393749e-01,-3.111563811988679040e-01,1.044106084446410204e-01,9.446058073521699239e-01,2.420042595049332306e+02
3.577483823958666154e+00,3.774523669597379616e+00,-4.735390468296346023e-01,-3.364749647548598843e-01,5.106868004655845672e-02,9.403066457339956941e-01,2.434911778579758277e+02
3.321870126218105401e+00,4.093036777475255406e+00,-4.339773832254527064e-01,-3.597534765865136319e-01,-4.945344230605766209e-04,9.330472611393385574e-01,2.449780962110184248e+02
3.164494935814465837e+00,4.267486382889413399e+00,-4.021741178311568077e-01,-3.594056459037939799e-01,1.270108845722271208e-02,9.330949919726707620e-01,2.457836033734338912e+02
2.839487606751776472e+00,4.587847483475830934e+00,-3.244385783672532053e-01,-3.588979031703965483e-01,2.875564264708293724e-02,9.329337640560801947e-01,2.472705217264764883e+02
2.469464705219372114e+00,4.893475694315902125e+00,-2.182913987764872610e-01,-3.581379999006542580e-01,4.869343013138238696e-02,9.323980495953426706e-01,2.487574400795190854e+02
2.068942556232041152e+00,5.164655157165087829e+00,-8.543855463438616848e-02,-3.569624101165198571e-01,7.408170410176756482e-02,9.311765347565323925e-01,2.502443584325616825e+02
1.652869507037995955e+00,5.385506575552986952e+00,7.233143439754219362e-02,-3.550623552766801194e-01,1.074315969263211212e-01,9.286491134154154503e-01,2.517312767856042797e+02
1.237215433277274457e+00,5.550327597832807491e+00,2.530328683062888495e-01,-3.518068532573546126e-01,1.529935715275215768e-01,9.234851948311956216e-01,2.532181951386468768e+02
8.385497497594036620e-01,5.661477529204767656e+00,4.545363594201697888e-01,-3.457706302138628951e-01,2.184341725179210214e-01,9.125399627183015117e-01,2.547051134916894739e+02
4.735046260740293222e-01,5.722999672505742375e+00,6.746832447931305765e-01,-3.332989377672671005e-01,3.184978846012688769e-01,8.873955801037821667e-01,2.561920318447320710e+02
1.587324044128936573e-01,5.738481178792497417e+00,9.113159268026187476e-01,-3.035234589389724236e-01,4.819707269338138755e-01,8.219353552759565140e-01,2.576789501977746681e+02
-8.909395092681782202e-02,5.711055411345445698e+00,1.162277749856650777e+00,-2.213918747913574125e-01,7.461183237025280635e-01,6.279276111238439873e-01,2.591658685508172653e+02
-2.532803927512510822e-01,5.643403937793138425e+00,1.424711519233330836e+00,-2.424364593286662886e-02,9.906586288014359587e-01,1.341928716927248966e-01,2.606527869038598624e+02
-3.255087505440071860e-01,5.537828222045511950e+00,1.696554360138383011e+00,1.812066353014079589e-01,8.959563926851762394e-01,-4.054951266406403576e-01,2.621397052569024595e+02
-3.142340551672049287e-01,5.396601177650763859e+00,1.979435337995881561e+00,2.746675055231100337e-01,6.971602719534024661e-01,-6.622124407012980329e-01,2.636266236099450566e+02
-2.362874625561335873e-01,5.222318638217487319e+00,2.277180529209284376e+00,3.118343673473319977e-01,5.586018122912328465e-01,-7.685852865141509227e-01,2.651135419629876537e+02
-1.084795440163207753e-01,5.017970928166074707e+00,2.593616859542613895e+00,3.289342853242275266e-01,4.695439623152326547e-01,-8.193477304487704060e-01,2.666004603160302509e+02
-4.429163431206803447e-02,4.924089968466094369e+00,2.733310890258703996e+00,3.380355892462866274e-01,4.097371940633001142e-01,-8.472587398215785104e-01,2.672321106168591882e+02
1.236839658206071585e-01,4.691756959324687948e+00,3.070947600597115912e+00,3.434422015905074232e-01,3.673990551121035786e-01,-8.643294444072807670e-01,2.687190289699017853e+02
3.229261973878517766e-01,4.448749188365693108e+00,3.411203540919077515e+00,3.469255160046300079e-01,3.360527258579301124e-01,-8.756204952994054436e-01,2.702059473229443824e+02
5.587963219245842827e-01,4.209395364628174541e+00,3.732557594130607725e+00,3.493112833071745360e-01,3.119899052859697597e-01,-8.835405629363863866e-01,2.716928656759869796e+02
8.367187308736012685e-01,3.987892219927022808e+00,4.013487563006855829e+00,3.510245047624319659e-01,2.929725566721967378e-01,-8.893530671748121064e-01,2.731797840290295767e+02
1.162181177070866323e+00,3.798314277198645339e+00,4.232468940357390075e+00,3.523017704217837331e-01,2.775823406230434331e-01,-8.937737447094254994e-01,2.746667023820721738e+02
1.540735054082210009e+00,3.654623515892009955e+00,4.367973679059867997e+00,3.532833449224508371e-01,2.648814910786053689e-01,-8.972339014350602104e-01,2.761536207351147709e+02
1.977995723025017583e+00,3.570678940947703328e+00,4.398468961891606632e+00,3.660889141370142208e-01,2.747283455411688169e-01,-8.891024930243948132e-01,2.776405390881573680e+02
2.479642886543824254e+00,3.560246061837481601e+00,4.302415971089352809e+00,3.809228180350587856e-01,2.861377042583307384e-01,-8.792172774132691604e-01,2.791274574411999652e+02
2.784916155181548891e+00,3.584660412563879905e+00,4.196975382505469199e+00,3.982790676305716926e-01,2.994910710997023551e-01,-8.669941652738358817e-01,2.799580507327185614e+02
3.341374570733384175e+00,3.679984360727281967e+00,3.895350683554692495e+00,4.188108727973638423e-01,3.152933843155694693e-01,-8.515794353045081921e-01,2.814449690857611586e+02
3.845510133779629136e+00,3.830311541693939059e+00,3.419277269336462588e+00,4.433886044302542961e-01,3.342183423999060543e-01,-8.316878290950582286e-01,2.829318874388037557e+02
4.223353466922101340e+00,3.994240362069362948e+00,2.795841525815265349e+00,4.731718682901777662e-01,3.571652519161286343e-01,-8.053206602853743012e-01,2.844188057918463528e+02
4.426628447919447318e+00,4.130082569408192406e+00,2.072828985344531194e+00,5.096766589285799398e-01,3.853134548602515363e-01,-7.692614931523980015e-01,2.859057241448889499e+02
4.452382277273545519e+00,4.159412712890476982e+00,1.867394200819737282e+00,5.547532599504765294e-01,4.201109471280667917e-01,-7.181612720534836791e-01,2.863063325898801850e+02
4.462694570993589238e+00,4.232247981946555271e+00,1.162276880533942069e+00,6.101741896866780257e-01,4.629688816368889848e-01,-6.429208916158302145e-01,2.877932509429227821e+02
4.411898054861774554e+00,4.252271694287843573e+00,7.300384056891496831e-01,6.758877694705566208e-01,5.139401356428631162e-01,-5.282435613005721509e-01,2.888729081434171917e+02
4.360702348118085325e+00,4.249688953289361137e+00,2.385546646443560126e-01,7.446162688744103475e-01,5.675945840469444059e-01,-3.512591639916712860e-01,2.903598264964597888e+02
4.350301812897202858e+00,4.212543328999842629e+00,-1.513038405280361931e-01,7.911297637550832595e-01,6.047515406072313526e-01,-9.159296388918962417e-02,2.918467448495023859e+02
4.374276834347217147e+00,4.144294667124567511e+00,-4.482837422543111128e-01,7.722919382725226267e-01,5.922796783133187359e-01,2.297170971789902483e-01,2.933336632025449831e+02
4.426226907844402092e+00,4.048538356649631353e+00,-6.611263656444316128e-01,6.733283866682954200e-01,5.183584638525081667e-01,5.271938795729125271e-01,2.948205815555875802e+02
4.499770312554355556e+00,3.929007734611007940e+00,-7.985682279905481629e-01,5.382311405691618811e-01,4.162360288863144464e-01,7.328402333241332833e-01,2.963074999086301773e+02
4.588543797494869736e+00,3.789576607829297838e+00,-8.693415379917266428e-01,4.130939011737140287e-01,3.212125852649422852e-01,8.521595530653247597e-01,2.977944182616727744e+02
4.686202280533484199e+00,3.634261893311371505e+00,-8.821746947330635358e-01,3.131004302882650081e-01,2.451011729882940360e-01,9.175475658259171219e-01,2.992813366147153715e+02
4.786418560760810514e+00,3.467226379103591327e+00,-8.457927864476068036e-01,2.365072853507694528e-01,1.867159767510473412e-01,9.535205545775675695e-01,3.007682549677579686e+02
4.882883044689799057e+00,3.292781607465204097e+00,-7.689180890895640497e-01,1.778484938192199105e-01,1.419575888047081569e-01,9.737648362037871763e-01,3.022551733208005658e+02
4.969303486740691334e+00,3.115390882317186527e+00,-6.602705647472367767e-01,1.322627115331711789e-01,1.071495756922806464e-01,9.854062835028287726e-01,3.037420916738431629e+02
5.039404744481211118e+00,2.939672403009399915e+00,-5.285683599242281261e-01,9.617047348760299208e-02,7.957579588866944831e-02,9.921788814210141805e-01,3.052290100268857600e+02
5.086928549102502473e+00,2.770402526538084942e+00,-3.825283037172867995e-01,6.705925087608453905e-02,5.732606992758592507e-02,9.961007873596907647e-01,3.067159283799283571e+02
5.105633291622283743e+00,2.612519160437003496e+00,-2.308664059191347373e-01,4.317351365249083583e-02,3.906405278465475278e-02,9.983035848372657783e-01,3.082028467329709542e+02
5.089293825317697362e+00,2.471125288656253360e+00,-8.229835507465992073e-02,2.327304505176942123e-02,2.384480870649926393e-02,9.994447410796499787e-01,3.096897650860135514e+02
5.031701284902072580e+00,2.351492632835901375e+00,5.445998348117466609e-02,6.467015126938689164e-03,1.098913382946535219e-02,9.999187050220763595e-01,3.111766834390561485e+02
4.926662922972094627e+00,2.259065451478138531e+00,1.706920695753071648e-01,-7.896110403326194946e-03,0.000000000000000000e+00,9.999688252343162942e-01,3.126636017920987456e+02
4.902138825425594426e+00,2.244714820569069236e+00,1.899855125111650778e-01,-6.574995173736039589e-03,0.000000000000000000e+00,9.999783844856174886e-01,3.129414091235729529e+02
4.748174771068641498e+00,2.186632753679693675e+00,2.780049051257215686e-01,-5.253859243468867943e-03,0.000000000000000000e+00,9.999861983862826653e-01,3.144283274766155500e+02
4.562088010486617939e+00,2.167032594272701562e+00,3.380135144442064088e-01,-3.932709530264573081e-03,0.000000000000000000e+00,9.999922668679745996e-01,3.159152458296581472e+02
4.366559957690468785e+00,2.190104220755827225e+00,3.728728192430080246e-01,-2.611552952152019179e-03,0.000000000000000000e+00,9.999965898897745786e-01,3.174021641827007443e+02
4.191022735147971190e+00,2.254500690137867913e+00,3.857184785833711604e-01,-1.290396427267922943e-03,0.000000000000000000e+00,9.999991674381837337e-01,3.188242204013585024e+02
4.035176717789726197e+00,2.367264071571955064e+00,3.802897264870442884e-01,3.075312632428030919e-05,0.000000000000000000e+00,9.999999995271227071e-01,3.203111387544010995e+02
3.911032399411618066e+00,2.524579545960141669e+00,3.572473946623958008e-01,-6.171177858397608983e-03,0.000000000000000000e+00,9.999809581006230408e-01,3.217980571074436966e+02
3.815312166227049939e+00,2.721679709724497354e+00,3.185320836411282275e-01,-1.237694191403212671e-02,0.000000000000000000e+00,9.999234027208567799e-01,3.232849754604862937e+02
3.744723148547722591e+00,2.953911128834382893e+00,2.660834983547030741e-01,-1.858582493001172120e-02,0.000000000000000000e+00,9.998272686377737140e-01,3.247718938135288909e+02
3.695957221945170623e+00,3.216731007760967653e+00,2.018405589743195727e-01,-2.479711046935914251e-02,0.000000000000000000e+00,9.996925043794068211e-01,3.262588121665714880e+02
3.665690993069965486e+00,3.505703946341255595e+00,1.277415117062188354e-01,-3.101008017882329881e-02,0.000000000000000000e+00,9.995190718176931721e-01,3.277457305196140851e+02
3.650585770476862724e+00,3.816498782338434648e+00,4.572403954859448338e-02,-3.722401420189843518e-02,0.000000000000000000e+00,9.993069462215785626e-01,3.292326488726566822e+02
3.647287520791699045e+00,4.144885517544356190e+00,-4.227462698396181745e-02,-4.343819159417599413e-02,0.000000000000000000e+00,9.990561162972917408e-01,3.307195672256992793e+02
3.652426810546387514e+00,4.486732325325712090e+00,-1.343175991620608467e-01,-4.965189074047200724e-02,0.000000000000000000e+00,9.987665842156996376e-01,3.322064855787418765e+02
3.662618734000444576e+00,4.838002637571669595e+00,-2.284682193619700930e-01,-5.586438977316870308e-02,0.000000000000000000e+00,9.984383656266777596e-01,3.336934039317844736e+02
3.674462827255532194e+00,5.194752309061203555e+00,-3.227899503987721186e-01,-6.207496699120503697e-02,0.000000000000000000e+00,9.980714896604555575e-01,3.351803222848270707e+02
3.684542968958865128e+00,5.553126857322542520e+00,-4.153462648664650314e-01,-6.828290127914947438e-02,0.000000000000000000e+00,9.976659989159207820e-01,3.366672406378696678e+02
3.689427267882811279e+00,5.909358776106135025e+00,-5.042005344787346965e-01,-7.448747252578723221e-02,0.000000000000000000e+00,9.972219494358915970e-01,3.381541589909122649e+02
3.685667937658601900e+00,6.259764920645494612e+00,-5.874159194040916576e-01,-8.068796204165522290e-02,0.000000000000000000e+00,9.967394106693908684e-01,3.396410773439548620e+02
3.669801158933345242e+00,6.600743962932780207e+00,-6.630552575888486455e-01,-8.688365297495991013e-02,0.000000000000000000e+00,9.962184654209771395e-01,3.411279956969974592e+02
3.638346929210428904e+00,6.928773915284958562e+00,-7.291809540616345231e-01,-9.307383072531733026e-02,0.000000000000000000e+00,9.956592097872218883e-01,3.426149140500400563e+02
3.587808900623856712e+00,7.240409720524011661e+00,-7.838548702135966773e-01,-9.925778335475823888e-02,0.000000000000000000e+00,9.950617530804306554e-01,3.441018324030826534e+02
3.514674205889711356e+00,7.532280907141700510e+00,-8.251382130479418819e-01,-1.054348019954493704e-01,0.000000000000000000e+00,9.944262177397478197e-01,3.455887507561252505e+02
3.415413272670870803e+00,7.801089307863083633e+00,-8.510914243920028044e-01,-1.116041812535871619e-01,0.000000000000000000e+00,9.937527392297926809e-01,3.470756691091678476e+02
3.286479626582163860e+00,8.043606840070225417e+00,-8.597740700655096546e-01,-1.177652196089313680e-01,0.000000000000000000e+00,9.930414659270077049e-01,3.485625874622104448e+02
3.253936351438329044e+00,8.094597744283731799e+00,-8.595672021163950349e-01,-8.855273920304659874e-02,-2.929336373345498359e-02,9.956406536601529744e-01,3.488953028182879734e+02
3.092619983005257644e+00,8.306652079099007935e+00,-8.477509371317283327e-01,-5.908627400109450062e-02,-5.863745373251302850e-02,9.965292074216565155e-01,3.503822211713305705e+02
2.904841271320743434e+00,8.488391024287022191e+00,-8.139600943895763940e-01,-2.951758056969070593e-02,-8.788009368735466564e-02,9.956936283670864141e-01,3.518691395243731677e+02
2.795691273745614769e+00,8.576199522917802298e+00,-7.874116521838437910e-01,0.000000000000000000e+00,-1.168706797253571267e-01,9.931471412739065752e-01,3.526744673513642852e+02
2.585260412722460988e+00,8.718229107537103673e+00,-7.224196172809824734e-01,5.570668633017716170e-02,-1.339420711933070329e-01,9.894221983878056514e-01,3.541613857044068823e+02
2.363582939624091050e+00,8.828366337114985640e+00,-6.337248758179748753e-01,1.191123261701872438e-01,-1.528852781204678990e-01,9.810394209655155517e-01,3.556483040574494794e+02
2.134204936339021419e+00,8.905472792817320737e+00,-5.231885397205949806e-01,1.908864797852430351e-01,-1.736900455429589984e-01,9.661232426116673766e-01,3.571352224104920765e+02
1.900666549183930520e+00,8.948294963703450122e+00,-3.926704728273661127e-01,2.712653639215352741e-01,-1.961519341488861257e-01,9.423054287576656529e-01,3.586221407635346736e+02
1.666502008712771765e+00,8.955463392277650314e+00,-2.440293971682563068e-01,3.596756011686772503e-01,-2.197661228899900066e-01,9.068276093910310198e-01,3.601090591165772707e+02
1.435239645084932514e+00,8.925491727660014973e+00,-7.912299917884564604e-02,4.542879553136768278e-01,-2.436286601044629074e-01,8.568941180989765316e-01,3.615959774696198679e+02
1.210401898618838734e+00,8.856775685744340265e+00,1.001919641451971266e-01,5.516762552647442863e-01,-2.664109334746863622e-01,7.903660695539851400e-01,3.630828958226624650e+02
9.955053251567818062e-01,8.747591915631860005e+00,2.920595591482333386e-01,6.468918762926558763e-01,-2.864957198814396255e-01,7.067185457282005867e-01,3.645698141757050621e+02
7.940605958656241636e-01,8.596096771547173887e+00,4.946245694613202182e-01,7.342328266428962413e-01,-3.023166123580951492e-01,6.078707281752495639e-01,3.660567325287476592e+02
6.095724910888379311e-01,8.400324989406218634e+00,7.060323899888213406e-01,8.086148360803374624e-01,-3.128017274021333560e-01,4.982942165076877372e-01,3.675436508817902563e+02
4.455398878607461643e-01,8.158188267145437322e+00,9.244289209297884558e-01,8.669198107887260418e-01,-3.176887445301546653e-01,3.840884055278074860e-01,3.690305692348328535e+02
3.054557406915217599e-01,7.867473747836570830e+00,1.147960461828192447e+00,9.085758831849756190e-01,-3.175235590067596037e-01,2.714197007778217929e-01,3.705174875878754506e+02
1.928070552261268722e-01,7.525842404545200814e+00,1.374773605646026464e+00,9.351565290443013545e-01,-3.133743890660791176e-01,1.651628240957278282e-01,3.720044059409180477e+02
1.110748543755447765e-01,7.130827325824966145e+00,1.603015132853092384e+00,9.494287353828740894e-01,-3.064626234417138773e-01,6.830619929771231114e-02,3.734913242939606448e+02
6.373413651254064560e-02,6.679831900672323464e+00,1.830831905527434689e+00,9.544323582084840440e-01,-2.978891342302862344e-01,-1.791472333368424735e-02,3.749782426470032419e+02
5.426418055241761379e-02,6.177760106443350274e+00,2.056624930827490427e+00,9.528985678108816693e-01,-2.885097309881624605e-01,-9.352248173091162742e-02,3.764651610000458390e+02
8.484680258934824970e-02,5.644663309472477408e+00,2.279657446564463452e+00,9.470136263234567586e-01,-2.789228956369881884e-01,-1.592708694243054612e-01,3.779520793530884362e+02
1.550645977711134216e-01,5.108178359304197613e+00,2.500154717311288355e+00,9.384039298646729144e-01,-2.695123455115875921e-01,-2.162432889857639207e-01,3.794389977061310333e+02
2.632647185299309966e-01,4.595970959411228129e+00,2.718695870329150388e+00,9.413501556181731456e-01,-2.954251831511293114e-01,-1.630455325292995417e-01,3.809259160591736304e+02
4.079123271222936387e-01,4.135766109814126068e+00,2.935859921081263924e+00,9.409776887708041215e-01,-3.204742871982018126e-01,-1.088908649995955769e-01,3.824128344122162275e+02
5.875906628776450535e-01,3.755367312854556605e+00,3.152225806318508017e+00,9.372550361440831201e-01,-3.443823987967912226e-01,-5.434851075716280733e-02,3.838997527652588246e+02
7.503487423971606507e-01,3.512622772107452551e+00,3.334306818028962116e+00,9.302570451933813711e-01,-3.669084761464080913e-01,0.000000000000000000e+00,3.851342643014057785e+02
9.285440080709997934e-01,3.294840753751303364e+00,3.562222386404473529e+00,9.230832125074266425e-01,-3.640530720475517734e-01,-1.240271886309978477e-01,3.866211826544483756e+02
1.076747044599227543e+00,3.112719144851016306e+00,3.795652028235274589e+00,8.944935436869083656e-01,-3.527453473761778535e-01,-2.746853112325026158e-01,3.881081010074909727e+02
1.202892068277969351e+00,2.937403180499986721e+00,4.026645160262155798e+00,8.321201358829362071e-01,-3.281082142188663231e-01,-4.471253506795050958e-01,3.895950193605335699e+02
1.314875204561326116e+00,2.773512201843354674e+00,4.249907876550831354e+00,7.265650911117282895e-01,-2.864385016855493515e-01,-6.245447567067901051e-01,3.910819377135761670e+02
1.420609049354043085e+00,2.625476918488123701e+00,4.460145829401804818e+00,5.814010368595736722e-01,-2.291508022682726409e-01,-7.806809490172151866e-01,3.925688560666187641e+02
1.528022999929666614e+00,2.497542530312191200e+00,4.652063926813361228e+00,4.164155555682786947e-01,-1.640541089095676475e-01,-8.942507111714530499e-01,3.940557744196613612e+02
1.645063600423095185e+00,2.393771694169618769e+00,4.820366029903718541e+00,2.560375581621464058e-01,-1.007843865297675390e-01,-9.613986042439338631e-01,3.955426927727039583e+02
1.779694901323118472e+00,2.318047337498277294e+00,4.959754650273993093e+00,1.159030888981255336e-01,-4.550663481278333089e-02,-9.922175266401461746e-01,3.970296111257465554e+02
1.933705962518916133e+00,2.274433170596183995e+00,5.062687464862997366e+00,5.300273656876602468e-04,0.000000000000000000e+00,-9.999998595354860909e-01,3.984681219526582368e+02
2.121480622571020991e+00,2.263354748213064038e+00,5.132623506297890437e+00,-3.325810373751883486e-02,0.000000000000000000e+00,-9.994467962506980996e-01,3.999550403057008339e+02
2.224208226546422029e+00,2.269358746216792344e+00,5.155624587645341705e+00,-6.700825643701949219e-02,-0.000000000000000000e+00,-9.977524209789072618e-01,4.006979530274259105e+02
2.442803107054275280e+00,2.304785603435594243e+00,5.179140171498765710e+00,-1.374245943329785169e-01,1.037543649286090967e-03,-9.905116881569808740e-01,4.021848713804685076e+02
2.679119792069725836e+00,2.375065971352174010e+00,5.167994043539112070e+00,-2.161047441932036350e-01,2.202798920473402963e-03,-9.763677008249024292e-01,4.036717897335111047e+02
2.928649143425155810e+00,2.475442580362045231e+00,5.124342927729967023e+00,-3.027809319082105932e-01,3.494074995314584882e-03,-9.530537753520116340e-01,4.051587080865537018e+02
3.186864757457307018e+00,2.601295299688665352e+00,5.050341690573445952e+00,-3.962436077510840815e-01,4.896067635166445088e-03,-9.181323607400606601e-01,4.066456264395962990e+02
3.449222890543668374e+00,2.748137881046488040e+00,4.948143464245212009e+00,-4.940322677635304860e-01,6.374917027983441863e-03,-8.694201969366190941e-01,4.081325447926388961e+02
3.711162369353325108e+00,2.911614810432773037e+00,4.819899769630625386e+00,-5.923521937173334972e-01,7.876348331282914325e-03,-8.056406405682542404e-01,4.096194631456814932e+02
3.968104486231539330e+00,3.087498265906797990e+00,4.667760639269197931e+00,-6.864368002721654705e-01,9.330280254140435950e-03,-7.271296068119427192e-01,4.111063814987240903e+02
4.215452880127138258e+00,3.271685179291455192e+00,4.493874740214490515e+00,-7.714188141101603335e-01,1.066317744205701537e-02,-6.362384064827533159e-01,4.125932998517666874e+02
4.448593403461623907e+00,3.460194399809045862e+00,4.300389496816992896e+00,-8.434398071240389871e-01,1.181452252514680196e-02,-5.370937616618411958e-01,4.140802182048092845e+02
4.662889509220093487e+00,3.649423596872800157e+00,4.089475347909356628e+00,-9.004801888995408454e-01,1.274983410385119829e-02,-4.347101001009421317e-01,4.155671365578518817e+02
4.853679034032707840e+00,3.836406602855840564e+00,3.863350005304785562e+00,-9.425242700639359095e-01,1.346418606195504131e-02,-3.338663146142987204e-01,4.170540549108944788e+02
5.016280606590796332e+00,4.018552016434997043e+00,3.624254446049171463e+00,-9.710999916211435767e-01,1.397630006010192050e-02,-2.382634451821029065e-01,4.185409732639370759e+02
5.145998637297219958e+00,4.193381921664427914e+00,3.374428906003609896e+00,-9.885503629764064160e-01,1.431819307136077135e-02,-1.502104164376964757e-01,4.200278916169796730e+02
5.238123128554305730e+00,4.358530260209660057e+00,3.116113007858693607e+00,-9.973882523473122097e-01,1.452561118393438412e-02,-7.075083532586244617e-02,4.215148099700222701e+02
5.286805072098898606e+00,4.496949999098020179e+00,2.879545724672341489e+00,-9.998929495611769136e-01,1.463179475832167287e-02,0.000000000000000000e+00,4.228466809397521047e+02
5.300279814974174108e+00,4.639825016815342984e+00,2.612292208949253514e+00,-9.979845843276902162e-01,1.752030757924661480e-02,6.099023091131663271e-02,4.243335992927947018e+02
5.268002420208471648e+00,4.770778109152086444e+00,2.345118751495838261e+00,-9.906826676797292341e-01,2.093201253481891816e-02,1.345722958495447485e-01,4.258205176458372989e+02
5.190778569729529224e+00,4.891770916501902988e+00,2.082349717789964139e+00,-9.744027567154093239e-01,2.494238296797504639e-02,2.234214520525936165e-01,4.273074359988798960e+02
5.069415661226130076e+00,5.004736928920234362e+00,1.828309724967364547e+00,-9.435862204051246316e-01,2.957841025215139641e-02,3.298032175533268107e-01,4.287943543519224932e+02
4.904722808406323686e+00,5.111582979219857492e+00,1.587323888943316552e+00,-8.903111625047792632e-01,3.473889862894468522e-02,4.540255971213917885e-01,4.302812727049650903e+02
4.697510847470019790e+00,5.214190714842694696e+00,1.363718071562918688e+00,-8.051781581771547680e-01,4.007536613723521046e-02,5.916773602423971434e-01,4.317681910580076874e+02
4.450341883011574851e+00,5.314403457785823015e+00,1.162276717078781774e+00,-6.811894591433651502e-01,4.491015515159855337e-02,7.307284028394056552e-01,4.332551094110502845e+02
4.169278917475024215e+00,5.413954660192898061e+00,9.874563028717935342e-01,-5.206032915771318104e-01,4.837963407396166093e-02,8.524269023241378695e-01,4.347420277640928816e+02
3.862136517377495082e+00,5.514396269358507574e+00,8.416835928601273942e-01,-3.388751769851207629e-01,4.988439286383428151e-02,9.395079359813358622e-01,4.362289461171354787e+02
3.536731564073313461e+00,5.617085317906061803e+00,7.261425988466559955e-01,-1.584366047739981520e-01,4.947329790761165885e-02,9.861289140177529333e-01,4.377158644701780759e+02
3.200883542578345953e+00,5.723184944310537148e+00,6.420190601383790607e-01,2.991554181829112966e-03,4.771966053947360870e-02,9.988562882625181549e-01,4.392027828232206730e+02
2.862414833978494944e+00,5.833665250593139007e+00,5.905005113040073805e-01,1.379023970320814307e-01,4.529373969184353338e-02,9.894096249974191348e-01,4.406897011762632701e+02
2.529151011370439406e+00,5.949303999969540513e+00,5.727763500334674962e-01,2.466675861210064491e-01,4.268600289096564915e-02,9.681595979560541076e-01,4.421766195293058672e+02
2.208921138729863731e+00,6.070687154927728812e+00,5.900379051033411981e-01,3.331831826220866266e-01,4.016937497322817935e-02,9.420060446366984586e-01,4.436635378823484643e+02
1.909558072105144388e+00,6.198209256098405895e+00,6.434785044522229880e-01,4.020068562047089955e-01,3.786386655273822621e-02,9.148534391770536400e-01,4.451504562353910615e+02
1.691196536437210574e+00,6.302820999659712875e+00,7.093547195895092417e-01,4.571583152755001045e-01,3.580450173969685485e-02,8.886643418240876002e-01,4.463223747004055895e+02
1.441322762313540062e+00,6.439846682965206348e+00,8.235600313662034822e-01,5.225937074343804944e-01,1.783633627908028790e-02,8.523952616351927469e-01,4.478092930534481866e+02
1.225627593301464202e+00,6.579365083652411350e+00,9.749207442618126329e-01,5.945849171605362971e-01,-3.127966270519595693e-03,8.040267359436555905e-01,4.492962114064907837e+02
1.043395549889141849e+00,6.717483200655697040e+00,1.162277322369410060e+00,6.717105470748481189e-01,-2.726810979507826582e-02,7.403116851276979604e-01,4.507831297595333808e+02
8.938999555949276310e-01,6.850324915337172804e+00,1.383182521272926291e+00,7.509003593931836695e-01,-5.441658419220807980e-02,6.581697999969612356e-01,4.522700481125759779e+02
7.764051653965635680e-01,6.975698495839312230e+00,1.632667108060374295e+00,8.270973566454719039e-01,-8.383933545785002273e-02,5.557705717830505598e-01,4.537569664656185751e+02
6.901778514658380992e-01,7.094765282946612572e+00,1.904584968005004209e+00,8.936568106370782472e-01,-1.141067012881717829e-01,4.340013427664680679e-01,4.552438848186611722e+02
6.344982881033922606e-01,7.210370082218468646e+00,2.192846893503698880e+00,9.438949187347379643e-01,-1.432425618425420821e-01,2.975633560496452890e-01,4.567308031717037693e+02
6.086625768438339579e-01,7.325372730121962661e+00,2.491364610876131813e+00,9.733785801300463003e-01,-1.692287917987147783e-01,1.545825209082911933e-01,4.582177215247463664e+02
6.119826143479912828e-01,7.442649989363398610e+00,2.794050432463060840e+00,9.815550282626660517e-01,-1.906361333884639131e-01,1.440802342351275508e-02,4.597046398777889635e+02
6.437860701266086005e-01,7.565097458289649524e+00,3.094816908758059704e+00,9.715436673746647989e-01,-2.069761711857026620e-01,-1.151684285969604982e-01,4.611915582308315606e+02
7.034163741516913371e-01,7.695631495640237851e+00,3.387576480552795921e+00,9.484279905889501094e-01,-2.185990815139575993e-01,-2.295621663703761861e-01,4.626784765838741578e+02
7.902327144183844965e-01,7.837191161942041795e+00,3.666241131076064086e+00,9.173887001822395026e-01,-2.263244520043046215e-01,-3.273762593758020589e-01,4.641653949369167549e+02
9.036100445268558934e-01,7.992740178848965371e+00,3.924722038106767563e+00,8.826019591388395424e-01,-2.310844638730682743e-01,-4.094065855366506024e-01,4.656523132899593520e+02
9.952820050995306866e-01,8.108465012636663971e+00,4.090571692700533113e+00,8.469545333967970491e-01,-2.337126144865030175e-01,-4.775420737364376444e-01,4.666794284954702334e+02
1.145898726242346788e+00,8.287094321430599209e+00,4.309950538381190910e+00,7.557502523008891027e-01,-3.370535189933109299e-01,-5.614592429387623707e-01,4.681663468485128305e+02
1.317809684180687890e+00,8.474095494436639342e+00,4.504037554511253205e+00,6.378277484079504234e-01,-4.368255529307751295e-01,-6.343179011091890640e-01,4.696532652015554277e+02
1.506755384181320823e+00,8.658884296027634875e+00,4.678023907760363365e+00,5.013007231142149189e-01,-5.238560171717161484e-01,-6.886744211005313421e-01,4.711401835545980248e+02
1.698239918723656761e+00,8.823534774523745128e+00,4.829886407896822220e+00,3.588157289843061926e-01,-5.920765985521623254e-01,-7.215930806766113204e-01,4.725550065391007024e+02
1.908312508651818007e+00,8.972529528155185119e+00,4.978842018864857444e+00,3.484005832389805435e-01,-5.739313806962595965e-01,-7.410936538999799428e-01,4.740419248921432995e+02
2.125272177089342573e+00,9.083272347620857445e+00,5.117767028592621337e+00,3.374590088900081830e-01,-5.548969661481444327e-01,-7.604017190134162441e-01,4.755288432451858966e+02
2.346557004414675074e+00,9.146725673509878973e+00,5.246697798785598721e+00,3.259929260659155115e-01,-5.349784484236026483e-01,-7.794399732354360122e-01,4.770157615982284938e+02
2.569178648944227650e+00,9.157187208259635725e+00,5.365717128256610735e+00,3.140087660543996462e-01,-5.141886505748261005e-01,-7.981281391236828560e-01,4.785026799512710909e+02
2.790125805111804969e+00,9.108987420198143781e+00,5.474907249408650145e+00,3.015178035723792282e-01,-4.925486648792984923e-01,-8.163839947319574408e-01,4.799895983043136880e+02
3.006363914665974413e+00,8.996485591753261346e+00,5.574349832931917881e+00,2.885364035468779287e-01,-4.700882436031063039e-01,-8.341245632724045844e-01,4.814765166573562851e+02
3.214834858808199414e+00,8.814065897627809676e+00,5.664125992469897675e+00,2.750861624256466520e-01,-4.468460075216147964e-01,-8.512674367106518591e-01,4.829634350103988822e+02
3.412800458184785946e+00,8.558865455710000347e+00,5.744355713146615194e+00,2.611939267182957769e-01,-4.228694436806593737e-01,-8.677321973089895391e-01,4.844503533634414794e+02
3.598680329052629467e+00,8.234765302917701035e+00,5.815273858509692140e+00,2.468916757303571963e-01,-3.982146713408561411e-01,-8.834418916849881009e-01,4.859372717164840765e+02
3.772216477616491481e+00,7.850900573711533603e+00,5.877227336251928946e+00,2.322162611692900336e-01,-3.729459649312214520e-01,-8.983245044470712370e-01,4.874241900695266736e+02
3.933667555275431216e+00,7.417633035483127912e+00,5.930599117945294374e+00,2.172090031701866542e-01,-3.471350346100739448e-01,-9.123143738252054158e-01,4.889111084225692707e+02
4.083332644892872842e+00,6.945278038414110178e+00,5.975771684728809596e+00,2.019151498395579392e-01,-3.208600778753666893e-01,-9.253534906678001493e-01,4.903980267756118678e+02
4.221551129267979263e+00,6.444111744973580080e+00,6.013127049163878191e+00,1.863832150489680983e-01,-2.942046285559314911e-01,-9.373926251492895600e-01,4.918849451286544650e+02
4.348702594218415207e+00,5.924378331031386224e+00,6.043046777063041830e+00,1.706642162625133796e-01,-2.672562413218290689e-01,-9.483922325504517969e-01,4.933718634816970621e+02
4.465206766154944162e+00,5.396297163479997216e+00,6.065912009293232821e+00,1.548108400057312817e-01,-2.401050594866598886e-01,-9.583231001210539279e-01,4.948587818347396592e+02
4.571523484054099917e+00,4.870069959244428759e+00,6.082103483554773149e+00,1.388765666328265203e-01,-2.128423204304530081e-01,-9.671667104869038356e-01,4.963457001877822563e+02
4.668152705759777810e+00,4.355887930547907239e+00,6.092001556137462082e+00,1.229147879546553107e-01,-1.855588558484770889e-01,-9.749153121775584463e-01,4.978326185408248534e+02
4.755634548568817621e+00,3.863938921291978801e+00,6.095986223655009084e+00,1.069779509080305141e-01,-1.583436430163359665e-01,-9.815717033084410126e-01,4.993195368938674505e+02
4.834549364079864908e+00,3.404414539404589490e+00,6.094437144758949820e+00,9.111675787537346083e-02,-1.312824585524043908e-01,-9.871487489283045091e-01,5.008064552469100477e+02
4.905517847309284640e+00,2.987517290004701120e+00,6.087733661833330423e+00,7.537944982117519843e-02,-1.044566783235997415e-01,-9.916686648766598333e-01,5.022933735999526448e+02
4.969201180102198911e+00,2.623467714232657677e+00,6.076254822671397271e+00,5.981119258590924387e-02,-7.794225702839924219e-02,-9.951621103170931182e-01,5.037802919529952419e+02
5.026301208890847860e+00,2.322511538600024128e+00,6.060379402135397164e+00,4.445358005362918391e-02,-5.180890960624964792e-02,-9.976671369278569124e-01,5.052672103060378390e+02
5.077560656876823231e+00,2.094926839718674216e+00,6.040485923800761547e+00,2.934426108928365334e-02,-2.611950499082024355e-02,-9.992280449427740630e-01,5.067541286590804361e+02
5.123763370738108058e+00,1.951031229280007828e+00,6.016952681585994611e+00,1.451669067480798776e-02,-9.296717718636064200e-04,-9.998941951037862985e-01,5.082410470121230333e+02
5.165734601986178731e+00,1.901189064167605691e+00,5.990157761369509615e+00,0.000000000000000000e+00,2.371239420780988857e-02,-9.997188216498343882e-01,5.097279653651656304e+02
5.199750335346959851e+00,1.937322627720551749e+00,5.964504676817586670e+00,-5.806287990769392129e-03,1.580978365981578967e-02,-9.998581588207390292e-01,5.110267350256534087e+02
5.233051964622878138e+00,2.063274168986166224e+00,5.932481772704544021e+00,-1.161257608348215814e-02,7.904891899302605301e-03,-9.999013255120555721e-01,5.125136533786960626e+02
5.250508577857056380e+00,2.199416594724739937e+00,5.906041999703666612e+00,-1.741718878752641919e-02,0.000000000000000000e+00,-9.998483092623299262e-01,5.136398613158847866e+02
5.255841092453846564e+00,2.398213502235293060e+00,5.867571227493066033e+00,-4.244241780275598286e-02,9.382528835234195614e-04,-9.990984740517737661e-01,5.151267796689273837e+02
5.238646108514434907e+00,2.613132871556890446e+00,5.824862638948732574e+00,-6.770720701217380899e-02,1.885903897107341727e-03,-9.977034516754472726e-01,5.166136980219699808e+02
5.201649549096402758e+00,2.843356835942417504e+00,5.778612053003773674e+00,-9.316571917674937309e-02,2.841246283074794036e-03,-9.956465618329819467e-01,5.181006163750125779e+02
5.147571151264934031e+00,3.088011620662562517e+00,5.729515086140050784e+00,-1.187696391355316378e-01,3.802478189623239180e-03,-9.929145552257923057e-01,5.195875347280551750e+02
5.079124612563165719e+00,3.346166994171142495e+00,5.678267192138021002e+00,-1.444685742471095991e-01,4.767717487554734741e-03,-9.894979029411664628e-01,5.210744530810977722e+02
4.999017734346473674e+00,3.616835671073949321e+00,5.625563701817227091e+00,-1.702105067087494594e-01,5.735018563820598429e-03,-9.853910355630517426e-01,5.225613714341403693e+02
4.909952561804982629e+00,3.898972666503563111e+00,5.572099862769700707e+00,-1.959422893362360307e-01,6.702390782007382371e-03,-9.805925235323182942e-01,5.240482897871829664e+02
4.814625520496497835e+00,4.191474601466793182e+00,5.518570879088626313e+00,-2.216101745173687243e-01,7.667818228808482434e-03,-9.751051918198320179e-01,5.255352081402255635e+02
4.715727549209923986e+00,4.493178958698601733e+00,5.465671951094551062e+00,-2.471603645329661092e-01,8.629280307340767009e-03,-9.689361639062238352e-01,5.270221264932681606e+02
4.615944228976759156e+00,4.802863288522221552e+00,5.414098315061349531e+00,-2.725395703733398678e-01,9.584772696765945371e-03,-9.620968322955161245e-01,5.285090448463107577e+02
4.517955908045435010e+00,5.119244364177480300e+00,5.364545282944272131e+00,-2.976955656418796003e-01,1.053232817599716875e-02,-9.546027552130542659e-01,5.299959631993533549e+02
4.424437822630570949e+00,5.440977286045909800e+00,5.317708282112278084e+00,-3.225777221736417788e-01,1.147003680900876392e-02,-9.464734816215744084e-01,5.314828815523959520e+02
4.338060213246333952e+00,5.766654534164576518e+00,5.274282895086881418e+00,-3.471375146107157916e-01,1.239606501069975136e-02,-9.377323090958024077e-01,5.329697999054385491e+02
4.261488436430038718e+00,6.094804968381182242e+00,5.234964899289884954e+00,-3.713289823337765916e-01,1.330867305420760371e-02,-9.284059812929352784e-01,5.344567182584811462e+02
4.197383071658696174e+00,6.423892775468597272e+00,5.200450306802220091e+00,-3.951091387806111022e-01,1.420623064048029578e-02,-9.185243336259705238e-01,5.359436366115237433e+02
4.148400023257670099e+00,6.752316362480596190e+00,5.171435404136148328e+00,-4.184383201875583880e-01,1.508723022510753513e-02,-9.081198971957110677e-01,5.374305549645663405e+02
4.117190617096978755e+00,7.078407195591315038e+00,5.148616792023132049e+00,-4.412804680477244168e-01,1.595029788139206914e-02,-8.972274720031014894e-01,5.389174733176089376e+02
4.115739219321886466e+00,7.100232752863386843e+00,5.147303091004792996e+00,-4.636033419589984383e-01,1.679420156749854981e-02,-8.858836809187525807e-01,5.390174863381412251e+02
4.102800817569201897e+00,7.422327842862460834e+00,5.131323099821006650e+00,-4.726563289786257505e-01,2.560439338541499119e-02,-8.808747979797209027e-01,5.405044046911838223e+02
4.103483122777070058e+00,7.739107713345936723e+00,5.122547020082006242e+00,-4.816319510779636937e-01,3.441964292201572101e-02,-8.756974088587649030e-01,5.419913230442264194e+02
4.110804563696681235e+00,8.049586641064029990e+00,5.121238960885744262e+00,-4.905249923668162926e-01,4.323505297520062463e-02,-8.703539291907439468e-01,5.434782413972690165e+02
4.117780808232560652e+00,8.352948597176204970e+00,5.127663458025391918e+00,-4.993303630824305062e-01,5.204571517132803443e-02,-8.648470570200682550e-01,5.449651597503116136e+02
4.117424488592062559e+00,8.648546668395423964e+00,5.142085489105450158e+00,-5.080431141091370506e-01,6.084672359795697399e-02,-8.591797660755775556e-01,5.464520781033542107e+02
4.102744923968617563e+00,8.935902618780382056e+00,5.164770488683017469e+00,-5.166584508732249281e-01,6.963318845046106986e-02,-8.533552977555726171e-01,5.479389964563968078e+02
4.066747841287828180e+00,9.214706591878933040e+00,5.195984363435129261e+00,-5.251717465221494852e-01,7.840024960404948229e-02,-8.473771518732953201e-01,5.494259148094394050e+02
4.002435094544075866e+00,9.484816953025513087e+00,5.235993507353035703e+00,-5.335785543036569711e-01,8.714309002340615840e-02,-8.412490762243913789e-01,5.509128331624820021e+02
3.985797889970730701e+00,9.539433502893205130e+00,5.245178088879247191e+00,-4.754834494812591461e-01,7.153617940428176614e-02,-8.768113048459408310e-01,5.512185969162866286e+02
3.887588390391901516e+00,9.800600994641181174e+00,5.292408054061764844e+00,-4.130806427947374959e-01,5.505988984147311416e-02,-9.090284874958163286e-01,5.527055152693292257e+02
3.759636795825510802e+00,1.005339225031213779e+01,5.340020673124869610e+00,-3.470870494591318245e-01,3.792587390082230447e-02,-9.370657437910177023e-01,5.541924336223718228e+02
3.608949493697656941e+00,1.029800058353323777e+01,5.379281979994504859e+00,-2.784431939427576275e-01,2.039214662959621532e-02,-9.602361939141812464e-01,5.556793519754144199e+02
3.442530139581096105e+00,1.053443746202127862e+01,5.401457531332522599e+00,-2.082522299226136353e-01,2.745114855765588488e-03,-9.780713026547132039e-01,5.571662703284570171e+02
3.267379884703660586e+00,1.076253257844951960e+01,5.397811907428121891e+00,-1.376935479196990386e-01,-1.472323128759544207e-02,-9.903654443293836707e-01,5.586531886814996142e+02
3.090497603098837587e+00,1.098193377177423358e+01,5.359608213033718371e+00,-6.792620730029894083e-02,-3.173887206388707055e-02,-9.971853761271818328e-01,5.601401070345422113e+02
2.918880117826273768e+00,1.119210679897392424e+01,5.278107578116798315e+00,-0.000000000000000000e+00,-4.806577624515451230e-02,-9.988441726084960059e-01,5.616270253875848084e+02
2.853827346362634465e+00,1.127227286150438523e+01,5.235239704054285070e+00,0.000000000000000000e+00,-5.252272145137186488e-02,-9.986197292920571122e-01,5.622093581769340744e+02
2.696573460302619907e+00,1.147050525739992999e+01,5.095560931641665015e+00,0.000000000000000000e+00,-5.816422710333288976e-02,-9.983070282660899686e-01,5.636962765299766716e+02
2.555158043207815588e+00,1.165594984256926558e+01,4.906954688878014004e+00,0.000000000000000000e+00,-6.553407195339311375e-02,-9.978503321707156148e-01,5.651831948830192687e+02
2.430400259558295861e+00,1.182606184606342836e+01,4.675951398387484303e+00,0.000000000000000000e+00,-7.556814622130726689e-02,-9.971406396675822625e-01,5.666701132360618658e+02
2.323111142553491160e+00,1.197826382450296379e+01,4.409079060075250744e+00,0.000000000000000000e+00,-9.002420388577486721e-02,-9.959395778433209889e-01,5.681570315891044629e+02
2.234093569902887211e+00,1.210994380986121577e+01,4.112863624156188891e+00,0.000000000000000000e+00,-1.126315522182763651e-01,-9.936368217034338146e-01,5.696439499421470600e+02
2.164142230977461168e+00,1.221845343053849930e+01,3.793829364067276888e+00,0.000000000000000000e+00,-1.528916389279916244e-01,-9.882429593707777737e-01,5.711308682951896571e+02
2.114043585207224130e+00,1.230110600445209279e+01,3.458499249284497701e+00,0.000000000000000000e+00,-2.437644422667000210e-01,-9.698344687040179046e-01,5.726177866482322543e+02
2.084575811603567530e+00,1.235517460284027891e+01,3.113395318064583250e+00,0.000000000000000000e+00,-5.934730096493616713e-01,-8.048538915963123763e-01,5.741047050012748514e+02
2.076508749277920618e+00,1.237789008344730490e+01,2.765039050133724530e+00,0.000000000000000000e+00,-5.770802197266502453e-01,8.166874677624490486e-01,5.755916233543174485e+02
2.090603828823462518e+00,1.236643909174977196e+01,2.419951739344341490e+00,0.000000000000000000e+00,-2.241077521328674882e-01,9.745643721345210730e-01,5.770785417073600456e+02
2.127613994420091359e+00,1.231796202885436742e+01,2.084654866320013955e+00,0.000000000000000000e+00,-1.328813609263375106e-01,9.911319508109727172e-01,5.785654600604026427e+02
2.188283616513263308e+00,1.222955098461875600e+01,1.765670471110355466e+00,0.000000000000000000e+00,-9.252045601290953547e-02,9.957107839223009460e-01,5.800523784134452399e+02
2.273348394911419934e+00,1.209824763456952823e+01,1.469521525877605317e+00,0.000000000000000000e+00,-6.987117383763696843e-02,9.975560230215397839e-01,5.815392967664878370e+02
2.383463497271893772e+00,1.192687275853402085e+01,1.202538059034081730e+00,0.000000000000000000e+00,-5.539378908808451074e-02,9.984645853161067119e-01,5.830262151195304341e+02
2.519163343540560707e+00,1.172986244488995666e+01,9.706632683554442531e-01,0.000000000000000000e+00,-4.534741787928951717e-02,9.989712767100369373e-01,5.845131334725730312e+02
2.680980750245864908e+00,1.152745039772496760e+01,7.796481091962849108e-01,0.000000000000000000e+00,-3.796984634804512898e-02,9.992788853810060656e-01,5.860000518256156283e+02
2.869534480166478829e+00,1.133985162719059581e+01,6.352458717210556216e-01,0.000000000000000000e+00,-3.232317189496305282e-02,9.994774697603987512e-01,5.874869701786582254e+02
2.946721750347776059e+00,1.127460298124884908e+01,5.914194513851805945e-01,0.000000000000000000e+00,-2.786260007479053613e-02,9.996117623943168162e-01,5.880495699069543889e+02
3.164928402319602707e+00,1.112372086607457788e+01,5.036700033705574509e-01,-9.722325732834199985e-02,-2.342864986944589306e-02,9.949868022239097831e-01,5.895364882599969860e+02
3.404696428364467842e+00,1.100561678772100649e+01,4.583921524602445063e-01,-1.964369768765196478e-01,-1.862720530426133225e-02,9.803395030999040305e-01,5.910234066130395831e+02
3.659878699240035616e+00,1.091049664421173659e+01,4.435108548302710840e-01,-2.946554672798298302e-01,-1.358593219346594660e-02,9.555069743589209574e-01,5.925103249660821803e+02
3.924290698048116699e+00,1.082873902834184143e+01,4.469528035870963811e-01,-3.888930369370445783e-01,-8.458077503069944686e-03,9.212440864107810379e-01,5.939972433191247774e+02
4.062902751571487059e+00,1.078866202609846603e+01,4.521342054806680166e-01,-4.766015702913958818e-01,-3.400009820016205390e-03,8.791128386782891546e-01,5.947673412170391885e+02
