2.751053747729879984e+00,1.091674457792587738e+01,5.684066083142782055e+00,-0.000000000000000000e+00,-5.697624683380126953e-01,-8.218094706535339355e-01,0.000000000000000000e+00
2.571573469479858876e+00,1.109239137584491708e+01,5.367712774407318754e+00,1.948341719430439836e-02,-6.106339456752793993e-01,-7.916732791015953508e-01,1.779340820229477593e+00
2.392201712803498026e+00,1.126815118525573745e+01,5.051356942635032432e+00,4.171825723382553003e-02,-6.552075933922084650e-01,-7.542960934371613080e-01,3.558681640458955187e+00
2.212864558823500971e+00,1.144384892836857404e+01,4.734997906274517554e+00,6.701028312877953252e-02,-7.031820186432239383e-01,-7.078450894170571495e-01,5.338022460688432780e+00
2.033614995166908024e+00,1.161913264719465033e+01,4.418617265814359207e+00,9.555636419375657109e-02,-7.537196609983781714e-01,-6.502120068766494843e-01,7.117363280917910373e+00
1.854825827013634409e+00,1.179246901063320152e+01,4.102076527934857886e+00,1.273186182423284019e-01,-8.051794118646683485e-01,-5.792029731951754412e-01,8.896704101147388855e+00
1.678554314700448691e+00,1.195676706160704583e+01,3.784346350141587045e+00,1.618524786071860178e-01,-8.548644646913463596e-01,-4.929609742937958172e-01,1.067604492137686734e+01
1.516087765290730083e+00,1.207913701520181782e+01,3.457777556702328337e+00,1.981297915574502522e-01,-8.989534504291074590e-01,-3.906754147102216579e-01,1.245538574160634582e+01
1.379337781641841731e+00,1.212580991810483155e+01,3.115381721628834200e+00,2.344610020039386289e-01,-9.328682030882590182e-01,-2.734683788049211972e-01,1.423472656183582430e+01
1.275074477243570703e+00,1.208469315647769804e+01,2.761788803840664830e+00,2.686594596902740495e-01,-9.522509090344865035e-01,-1.450527523417744213e-01,1.601406738206530278e+01
1.208933968973771700e+00,1.195445630313429852e+01,2.403506540993976870e+00,2.985105127508536627e-01,-9.543362569113338356e-01,-1.156643945589951733e-02,1.779340820229478126e+01
1.168969331443019843e+00,1.177105395713387459e+01,2.044218039207385207e+00,3.223838839511515286e-01,-9.390103574418691146e-01,1.197003758785397387e-01,1.957274902252425974e+01
1.136675447065104150e+00,1.157472540554607043e+01,1.685522703267491318e+00,3.396510813884809354e-01,-9.088399034144546418e-01,2.421717838090151897e-01,2.135208984275373822e+01
1.105765678113218353e+00,1.137560661978080567e+01,1.326907207789962850e+00,3.506803836379793204e-01,-8.680556795947762527e-01,3.514293750595853805e-01,2.313143066298321671e+01
1.075116438417365927e+00,1.117589052118490223e+01,9.683023923908541386e-01,3.564921465942906265e-01,-8.211891031340642355e-01,4.456027449539174956e-01,2.491077148321269519e+01
1.044576860567824506e+00,1.097606911957945819e+01,6.096984245778850342e-01,3.583363825038035633e-01,-7.720770424273929455e-01,5.248733919057599895e-01,2.669011230344217367e+01
1.014404343869367509e+00,1.077633402028276066e+01,2.510901133626324833e-01,3.573881939754714465e-01,-7.234673387569913183e-01,5.906510717494952711e-01,2.846945312367165215e+01
9.862186905104772805e-01,1.057711955309798491e+01,-1.075519668586387978e-01,3.546052037485090680e-01,-6.770653528148968814e-01,6.448547568965571353e-01,3.024879394390113063e+01
9.690117202302228616e-01,1.038032521962120924e+01,-4.664452537688832390e-01,3.507015263767585544e-01,-6.337722852133708118e-01,6.894498748222624984e-01,3.202813476413060556e+01
1.002382433395500927e+00,1.020831039673345586e+01,-7.893830491386392145e-01,3.461790115478040053e-01,-5.939459257241979095e-01,7.262150709530964532e-01,3.371637008839679339e+01
1.124468931083486334e+00,1.005573821087103070e+01,-1.088881009289249135e+00,3.176025864001144061e-01,-5.568305003724073332e-01,7.675079093839831668e-01,3.549571090862627187e+01
1.298330068509098378e+00,9.921640539448985052e+00,-1.363285205804634970e+00,2.867132686230191019e-01,-5.161181511779057152e-01,8.071044267133001826e-01,3.727505172885575035e+01
1.481569419940413912e+00,9.791504193759779540e+00,-1.634312654714932922e+00,2.537369089545934986e-01,-4.720535577862963184e-01,8.442647805134761985e-01,3.905439254908522884e+01
1.666513301180533757e+00,9.662204975461866852e+00,-1.904885086328764743e+00,2.190020207221151094e-01,-4.250362666323186933e-01,8.782837166695569575e-01,4.083373336931470732e+01
1.851797377404828637e+00,9.533022657430594293e+00,-2.175391677843613536e+00,1.829279145294851749e-01,-3.756097133557893542e-01,9.085453875941890134e-01,4.261307418954418580e+01
2.037315678183584389e+00,9.403573143939015111e+00,-2.445855256956023460e+00,1.460013470729964458e-01,-3.244327835218775435e-01,9.345731515665945954e-01,4.439241500977366428e+01
2.223826623256823787e+00,9.272709226248185388e+00,-2.716059361393837523e+00,1.087443894416666029e-01,-2.722368744780782057e-01,9.560657623507738956e-01,4.617175583000314276e+01
2.415752317865253129e+00,9.135240732358706595e+00,-2.984343383797981364e+00,7.167831704914423563e-02,-2.197747883438991856e-01,9.729137995081561519e-01,4.795109665023262124e+01
2.637513529205695928e+00,8.967090063418030610e+00,-3.238359416472501806e+00,3.528917619882777218e-02,-1.677695373135883461e-01,9.851944256809376244e-01,4.973043747046209972e+01
2.761938241675299555e+00,8.867591116111208649e+00,-3.336297998705250567e+00,0.000000000000000000e+00,-1.168706797253571267e-01,9.931471412739065752e-01,5.058425610323228483e+01
3.041407819789790246e+00,8.629191656611565620e+00,-3.434860687155410375e+00,-2.951758056969070593e-02,-8.788009368735466564e-02,9.956936283670864141e-01,5.236359692346176331e+01
3.325585048514640985e+00,8.375798007791422251e+00,-3.447938128041004635e+00,-5.908627400109450062e-02,-5.863745373251302850e-02,9.965292074216565155e-01,5.414293774369124179e+01
3.580971396018392650e+00,8.152032838296854322e+00,-3.381159537066013687e+00,-8.855273920304659874e-02,-2.929336373345498359e-02,9.956406536601529744e-01,5.592227856392072027e+01
3.642618405474399523e+00,8.099190184946227333e+00,-3.335710831846119273e+00,-1.177652196089313680e-01,0.000000000000000000e+00,9.930414659270077049e-01,5.643074411897476494e+01
3.780954325388262927e+00,7.985120765909652363e+00,-3.074601402279701468e+00,-1.363182578091377550e-01,1.005772852455713053e-03,9.906645855226938746e-01,5.821008493920424343e+01
3.844574168706709205e+00,7.943539395224609834e+00,-2.731383130133328230e+00,-1.572919878517536063e-01,2.145482003454022429e-03,9.875498101182625943e-01,5.998942575943372191e+01
3.894707872674554761e+00,7.917623921209686166e+00,-2.377116180347725649e+00,-1.811580057768375496e-01,3.445888321368344945e-03,9.834479664916878638e-01,6.176876657966320039e+01
3.942408544491874167e+00,7.895093039265898227e+00,-2.021362484329282339e+00,-2.085057764619491771e-01,4.940687825568071401e-03,9.780086557826622728e-01,6.354810739989267887e+01
3.989670527340326789e+00,7.873293192296734411e+00,-1.665408705120086097e+00,-2.400750080309567436e-01,6.672549778113246420e-03,9.707314085772618117e-01,6.532744822012215025e+01
4.036853462056619435e+00,7.851651197417777617e+00,-1.309427975459853233e+00,-2.767942209311342050e-01,8.695656350241335458e-03,9.608898713274924841e-01,6.710678904035162873e+01
4.084022158199074326e+00,7.830043271846681030e+00,-9.534435888042782636e-01,-3.198213057223102673e-01,1.107862006148418489e-02,9.474131076693047548e-01,6.888612986058110721e+01
4.131188283693550289e+00,7.808442688185991187e+00,-5.974586750298072069e-01,-3.705718114133742525e-01,1.390717162319576351e-02,9.286996948224187642e-01,7.066547068081058569e+01
4.178353931079699990e+00,7.786843677500201011e+00,-2.414736532970472860e-01,-4.306962422022930226e-01,1.728476068708424684e-02,9.023314158339019730e-01,7.244481150104006417e+01
4.225519466302294802e+00,7.765244996625165541e+00,1.145114179989492331e-01,-5.019124187777069812e-01,2.132624963786903388e-02,8.646554891707418644e-01,7.422415232126954265e+01
4.272684949198497506e+00,7.743646374790432496e+00,4.704965295679127690e-01,-5.854886919206261364e-01,2.613364428817642471e-02,8.102592327578211906e-01,7.600349314149902114e+01
4.319850388844251654e+00,7.722047745517806483e+00,8.264816762790289095e-01,-6.810104379104410244e-01,3.173265873092104977e-02,7.315858266990253878e-01,7.778283396172849962e+01
4.367015783053932232e+00,7.700449087772578416e+00,1.182466849365215067e+00,-7.840421611107037947e-01,3.794399486326357346e-02,6.195467237058667198e-01,7.956217478195797810e+01
4.414181124790474975e+00,7.678850395785598693e+00,1.538452042054104574e+00,-8.832010854141758571e-01,4.420563869614107383e-02,4.669065262241337555e-01,8.134151560218745658e+01
4.461346406773401441e+00,7.657251669257205684e+00,1.894437251209129647e+00,-9.600027159201200977e-01,4.951842263342036421e-02,2.755770513774526420e-01,8.312085642241693506e+01
4.508511623405521362e+00,7.635652908774575032e+00,2.250422472082089786e+00,-9.966147349004389477e-01,5.281965175095037351e-02,6.300122672008805214e-02,8.490019724264641354e+01
4.555676771887097409e+00,7.614054114845614230e+00,2.606407696531229057e+00,-9.882566385346313043e-01,5.367827818689548808e-02,-1.430645268510723211e-01,8.667953806287589202e+01
4.602841853896503466e+00,7.592455287412649412e+00,2.962392916365680140e+00,-9.458940628608439871e-01,5.253784270355272429e-02,-3.201939988954546346e-01,8.845887888310537051e+01
4.650006874780138411e+00,7.570856424874972568e+00,3.318378124913029747e+00,-8.863021091261903406e-01,5.024338034850685253e-02,-4.603739502726255650e-01,9.023821970333484899e+01
4.697171841495572764e+00,7.549257518629851837e+00,3.674363317058706890e+00,-8.226248884918879734e-01,4.751572083747675201e-02,-5.665955780863487501e-01,9.201756052356432747e+01
4.744336760709160217e+00,7.527658526349723545e+00,4.030348488012315045e+00,-7.620812121836676445e-01,4.478512790597127119e-02,-6.459307380479097915e-01,9.379690134379380595e+01
4.791501636624584393e+00,7.506059244321608759e+00,4.386333633099699369e+00,-7.075894010469448991e-01,4.225164055036173538e-02,-7.053595100350097402e-01,9.557624216402328443e+01
4.838666464271824452e+00,7.484458715409618712e+00,4.742318744206174941e+00,-6.597650165690926993e-01,3.998312138258065807e-02,-7.504075378859748069e-01,9.735558298425276291e+01
4.885831184447237518e+00,7.462852491555688417e+00,5.098303767315659485e+00,-6.182114933751682306e-01,3.798384285755293521e-02,-7.850934830583023993e-01,9.913492380448224139e+01
4.932995398107165030e+00,7.441219945498242616e+00,5.454288296723427187e+00,-5.821827342562047036e-01,3.623190382545928012e-02,-8.122502773647738428e-01,1.009142646247117199e+02
4.980156638383876455e+00,7.419465443141805672e+00,5.810269318460607124e+00,-5.508807866559763955e-01,3.469726096966785356e-02,-8.338623741208709417e-01,1.026936054449411984e+02
5.027300122262483129e+00,7.397145636608734698e+00,6.166224438867116575e+00,-5.235729995001381365e-01,3.334964473756223818e-02,-8.513278542314391961e-01,1.044729462651706768e+02
5.074338859506630328e+00,7.372205321930937139e+00,6.521987240364296667e+00,-4.996275554788660589e-01,3.216162606868334939e-02,-8.656430763396834038e-01,1.062522870854001553e+02
5.120767617473719113e+00,7.335117537034863133e+00,6.876320979768728137e+00,-4.785149645365086024e-01,3.110949063182757990e-02,-8.775281353365554926e-01,1.080316279056296338e+02
5.163680834268030040e+00,7.241720813008168278e+00,7.220034709914367355e+00,-4.597970862423618743e-01,3.017318702213917306e-02,-8.875112496571302412e-01,1.098109687258591123e+02
5.180513756053593433e+00,7.155296083875506419e+00,7.363701809231347539e+00,-4.431129674748509051e-01,2.933593081613555809e-02,-8.959856590474999383e-01,1.106861057964308372e+02
5.197397975769032286e+00,6.881142286794728946e+00,7.535263733985538614e+00,-4.179625946690546656e-01,2.916197217382604859e-02,-9.079960621260669829e-01,1.124654466166603157e+02
5.200379788547750515e+00,6.531116194530340202e+00,7.617993113694522478e+00,-3.921920660147834026e-01,2.896296199558328482e-02,-9.194272837954604594e-01,1.142447874368897942e+02
5.200810694389617517e+00,6.164729728738903347e+00,7.688769068930077388e+00,-3.658480329026203015e-01,2.873860002447127873e-02,-9.302307830264040511e-01,1.160241282571192727e+02
5.200772397729949148e+00,5.794815291139537194e+00,7.757936537306124869e+00,-3.389827894550311860e-01,2.848876279333840966e-02,-9.403611321443431370e-01,1.178034690773487512e+02
5.200647543834051589e+00,5.424140059301443273e+00,7.826887544917962458e+00,-3.116538516447860951e-01,2.821351333128211542e-02,-9.497767497788496271e-01,1.195828098975782297e+02
5.200506649606416509e+00,5.053300833227670097e+00,7.895809404142945631e+00,-2.839234093574820594e-01,2.791310740769865559e-02,-9.584405855626471071e-01,1.213621507178077081e+02
5.200362707557398600e+00,4.682426602454532905e+00,7.964727316085006059e+00,-2.558576612998942346e-01,2.758799594272606098e-02,-9.663207333147793010e-01,1.231414915380371866e+02
5.200217883405137798e+00,4.311546506112486021e+00,8.033644641983231693e+00,-2.275260479770455924e-01,2.723882335306970423e-02,-9.733909512597122005e-01,1.249208323582666651e+02
5.200071241748148942e+00,3.940672952164145482e+00,8.102561613002688290e+00,-1.990004027376999773e-01,2.686642176229803863e-02,-9.796310709098213776e-01,1.267001731784961436e+02
5.199915282066355893e+00,3.569837016669876295e+00,8.171476618123282520e+00,-1.703540447682220793e-01,2.647180117468669186e-02,-9.850272804210421507e-01,1.284795139987256221e+02
5.199708456266586509e+00,3.199177134457475091e+00,8.240377237817604339e+00,-1.416608406055984148e-01,2.605613588025514765e-02,-9.895722732685596768e-01,1.302588548189550863e+02
5.199222711652398132e+00,2.829334276707062390e+00,8.309171114237646094e+00,-1.129942620403757564e-01,2.562074751426867206e-02,-9.932652586508605719e-01,1.320381956391845506e+02
5.197205354283687129e+00,2.463282037623551801e+00,8.377171873254969370e+00,-8.442646810125821466e-02,2.516708532662256109e-02,-9.961118357393962119e-01,1.338175364594140149e+02
5.186768919680133649e+00,2.114818701955862856e+00,8.439278674508903677e+00,-5.602743718925110028e-02,2.469670431666435781e-02,-9.981237393619588616e-01,1.355968772796434791e+02
5.130014940230131160e+00,1.847983354615162721e+00,8.457584266508357373e+00,-2.786417251132149511e-02,2.421124195145384073e-02,-9.993184695848602583e-01,1.373762180998729434e+02
5.084038412024179721e+00,1.787635115949895992e+00,8.436124152345373162e+00,0.000000000000000000e+00,2.371239420780988857e-02,-9.997188216498343882e-01,1.380636527005298149e+02
4.892586830687361221e+00,1.802637156844947297e+00,8.283416153459103981e+00,2.661463650714726311e-06,1.778523343809768065e-02,-9.998418302233953447e-01,1.398429935207592791e+02
4.640554258389124165e+00,1.971771499373089265e+00,8.058283811262310081e+00,5.323020887888260334e-06,1.185703075593249819e-02,-9.999297029258198410e-01,1.416223343409887434e+02
4.360975311343857186e+00,2.166968516079011309e+00,7.805040966068962582e+00,7.984391044735492544e-06,5.928411214781621058e-03,-9.999824267839501069e-01,1.434016751612182077e+02
4.239196775120401384e+00,2.243588261661785932e+00,7.693132389727439069e+00,1.064529351364108455e-05,0.000000000000000000e+00,-9.999999999433388798e-01,1.441366270391131081e+02
3.962973317640717141e+00,2.385971174449594390e+00,7.438516636428477824e+00,4.646552300735239810e-02,-1.832224386849710257e-02,-9.987518463318485473e-01,1.459159678593425724e+02
3.707592234670481268e+00,2.487419224976373133e+00,7.202517487605372359e+00,9.739440744332089617e-02,-3.840909046145143252e-02,-9.945044349668273886e-01,1.476953086795720367e+02
3.455963536047723661e+00,2.580029120035637558e+00,6.969023379055776957e+00,1.529437689959654567e-01,-6.031831270702125297e-02,-9.863923685215162385e-01,1.494746494998015010e+02
3.205009718141203390e+00,2.670731094076471912e+00,6.735866319229928401e+00,2.130755375460118561e-01,-8.403489959470858417e-02,-9.734150969394225195e-01,1.512539903200309652e+02
2.954177131919435872e+00,2.761021259385778137e+00,6.502754579343228869e+00,2.774819309199846318e-01,-1.094374635523364947e-01,-9.544774589188305125e-01,1.530333311402604295e+02
2.703366291780715081e+00,2.851222555767480848e+00,6.269648902100968257e+00,3.454975353358592516e-01,-1.362635637974139446e-01,-9.284738522209845524e-01,1.548126719604898938e+02
2.452559347491113151e+00,2.941404682956842542e+00,6.036544001986212216e+00,4.160313683312910626e-01,-1.640829107490947847e-01,-8.944242276260734315e-01,1.565920127807193580e+02
2.201753104083845169e+00,3.031582682735637135e+00,5.803439164147428109e+00,4.875519663167559026e-01,-1.922914836579325826e-01,-8.516554851894607703e-01,1.583713536009488223e+02
1.950946993603210444e+00,3.121759800785254058e+00,5.570334288838346914e+00,5.581596622704090294e-01,-2.201400367818713288e-01,-7.999975972588038164e-01,1.601506944211782866e+02
1.700140920187058535e+00,3.211936735725163583e+00,5.337229358993285544e+00,6.257628463686789599e-01,-2.468036175789986297e-01,-7.399383990944707890e-01,1.619300352414077508e+02
1.449334878608454558e+00,3.302113632168654611e+00,5.104124367978863930e+00,6.883376271329572083e-01,-2.714839792907545735e-01,-6.726721044174694963e-01,1.637093760616372151e+02
1.198528912086308296e+00,3.392290498966231471e+00,4.871019308264601833e+00,7.442079148899179986e-01,-2.935200488954875508e-01,-6.000004669261443935e-01,1.654887168818666794e+02
9.477232496525055394e-01,3.482467237855754405e+00,4.637914148100434453e+00,7.922627913657541709e-01,-3.124736606922618454e-01,-5.240991135185411043e-01,1.672680577020961437e+02
6.969191282625490924e-01,3.572643361584770361e+00,4.404808664926744832e+00,8.320484537032519778e-01,-3.281658211459893559e-01,-4.472164627130869041e-01,1.690473985223256079e+02
4.461233528554984229e-01,3.662816598757412390e+00,4.171701215724101353e+00,8.637230811336843450e-01,-3.406589090522825769e-01,-3.713945971608140217e-01,1.708267393425550722e+02
1.953734831475799349e-01,3.752976360839003878e+00,3.938579599070167081e+00,8.879128386975786436e-01,-3.501998828525228480e-01,-2.982797896708505592e-01,1.726060801627845365e+02
-5.512307993077894541e-02,3.843073184242062013e+00,3.705353112092018009e+00,9.055294316399189469e-01,-3.571483227056918563e-01,-2.290448078922474873e-01,1.743854209830140007e+02
-3.042208084399798951e-01,3.932875637379503075e+00,3.471347612084007217e+00,9.176013599443654245e-01,-3.619098756297556840e-01,-1.644049456370038076e-01,1.761647618032434650e+02
-5.455918545483657844e-01,4.021299057887772754e+00,3.231553090859871080e+00,9.251474090396526462e-01,-3.648863587454041491e-01,-1.046910538142487579e-01,1.779441026234729293e+02
-7.442790120486615368e-01,4.103250003703161397e+00,2.948737277472532892e+00,9.290983500314587973e-01,-3.664448767177322930e-01,-4.994405165930050627e-02,1.797234434437023936e+02
-7.990586247904968298e-01,4.134567698510404732e+00,2.794443819718992472e+00,9.302592260359704435e-01,-3.669029467487537888e-01,-6.483715412145263470e-06,1.805230547604387255e+02
-7.941642608166977757e-01,4.178449897869731089e+00,2.413954937077870344e+00,9.176747242047043063e-01,-3.922088711018610341e-01,6.360268850310960009e-02,1.823023955806681897e+02
-6.875716867237291474e-01,4.199196877726583566e+00,2.016971730381974304e+00,8.984165106180868055e-01,-4.181652990718999763e-01,1.341102386133496971e-01,1.840817364008976540e+02
-5.625825891932429990e-01,4.214911856529046652e+00,1.617769565538656806e+00,8.707976125985249505e-01,-4.439613592811225695e-01,2.112103912168320774e-01,1.858610772211271183e+02
-4.342393651336400318e-01,4.229529971941636823e+00,1.218272795926543584e+00,8.331623111873927012e-01,-4.684677337478575510e-01,2.939022722845620050e-01,1.876404180413565825e+02
-3.051374956597773247e-01,4.243891055042430693e+00,8.187660181607603338e-01,7.842097473320359668e-01,-4.902810807929624537e-01,3.803150457264463102e-01,1.894197588615860468e+02
-1.750579217002933841e-01,4.258106381366499882e+00,4.194781725792520732e-01,7.234130529362079454e-01,-5.078797110972486095e-01,4.676876670356944765e-01,1.911990996818155111e+02
-4.015779725618191798e-02,4.271864101590558072e+00,2.185668743761979421e-02,6.514075686221451056e-01,-5.198924123268380271e-01,5.526120331179609213e-01,1.929784405020449753e+02
1.212717451325232426e-01,4.283500266374876908e+00,-3.633760686766028258e-01,5.701545027262794330e-01,-5.254127517364547417e-01,6.315578226367524195e-01,1.947577813222744396e+02
3.360329030711764475e-01,4.293426481365250957e+00,-6.822440678761546584e-01,4.827305637853255282e-01,-5.242316976198465595e-01,7.015356940299726229e-01,1.965371221425039039e+02
5.956814235984400074e-01,4.305235160604432565e+00,-8.936851751330339155e-01,3.927711581216667414e-01,-5.168754484711945985e-01,7.606382767882945428e-01,1.983164629627333682e+02
8.719595312298513701e-01,4.319382913820801306e+00,-1.046192479688986099e+00,3.037872705274204388e-01,-5.044335150451201288e-01,8.082450885497074466e-01,2.000958037829628324e+02
1.151740546426628820e+00,4.334625522719982804e+00,-1.191128109510943833e+00,2.186244821423932450e-01,-4.882700531083495332e-01,8.448643033325173857e-01,2.018751446031922967e+02
1.434885958111134840e+00,4.352865459618517896e+00,-1.337709706568105839e+00,1.392119861320153251e-01,-4.697457151938779218e-01,8.717562652336785511e-01,2.036544854234217610e+02
1.733762146419122185e+00,4.384530073045215026e+00,-1.504316946874766803e+00,6.658297151990803797e-02,-4.500321139096441492e-01,8.905267005281740644e-01,2.054338262436512252e+02
1.913562258838145125e+00,4.415993069030264451e+00,-1.620017876934655821e+00,1.054433382684529484e-03,-4.300331969161960144e-01,9.028124598831572811e-01,2.064690383498061692e+02
2.198243589893961403e+00,4.503489296490752025e+00,-1.839291027894064845e+00,7.186477183757655502e-04,-2.930885733177905350e-01,9.560850232777412527e-01,2.082483791700356335e+02
2.448056378984154957e+00,4.651733961378720750e+00,-2.054470356452861246e+00,3.593238621057033826e-04,-1.465442878488801004e-01,9.892040449701096083e-01,2.100277199902650977e+02
2.561149681052786953e+00,4.770611622294221199e+00,-2.145137654856972276e+00,-0.000000000000000000e+00,0.000000000000000000e+00,1.000000000000000000e+00,2.110004795717728712e+02
2.682646831587922165e+00,5.060753756684388094e+00,-2.210183751502283300e+00,0.000000000000000000e+00,2.095770025616489236e-03,9.999978038715884310e-01,2.127798203920023354e+02
2.738057649807774663e+00,5.402336148132900639e+00,-2.205496871560427952e+00,0.000000000000000000e+00,4.191576858284886548e-03,9.999912153031350615e-01,2.145591612122317997e+02
2.781511302634924299e+00,5.755244276739450271e+00,-2.191430012219962364e+00,0.000000000000000000e+00,6.287392881251038443e-03,9.999802341500340086e-01,2.163385020324612640e+02
2.822683056306761085e+00,6.111543323218715962e+00,-2.176126219306841580e+00,0.000000000000000000e+00,8.383190476306321207e-03,9.999648604413247099e-01,2.181178428526907283e+02
2.862772246174431157e+00,6.472948257148633644e+00,-2.160843838491847357e+00,0.000000000000000000e+00,1.047894202560730945e-02,9.999450943796983626e-01,2.198971836729201925e+02
2.899011324348965246e+00,6.855737381697842636e+00,-2.146960617624179779e+00,0.000000000000000000e+00,1.257461991349544984e-02,9.999209363414844898e-01,2.216765244931496568e+02
2.913460364764612009e+00,7.068531750960798554e+00,-2.141978480114460570e+00,0.000000000000000000e+00,1.467019652831646516e-02,9.998923868766181888e-01,2.226255488225049248e+02
2.923405060123985155e+00,7.445128058714269415e+00,-2.140895734776063541e+00,0.000000000000000000e+00,1.493502204491356858e-02,9.998884663383801330e-01,2.244048896427343891e+02
2.920106800710772887e+00,7.796169228843974786e+00,-2.145448219850935700e+00,0.000000000000000000e+00,1.519984664267873438e-02,9.998844756580828053e-01,2.261842304629638534e+02
2.914398980225030744e+00,8.141715947244863472e+00,-2.150759022843868440e+00,0.000000000000000000e+00,1.546467026587997409e-02,9.998804148364781597e-01,2.279635712831933176e+02
2.908245113536661375e+00,8.486136821901903105e+00,-2.156172305908385933e+00,0.000000000000000000e+00,1.572949285878585610e-02,9.998762838743628922e-01,2.297429121034227819e+02
2.901969349696507106e+00,8.830585711507559665e+00,-2.161602817647156449e+00,0.000000000000000000e+00,1.599431436566556633e-02,9.998720827725776639e-01,2.315222529236522462e+02
2.895450093863806362e+00,9.176296030197576670e+00,-2.167061356396554839e+00,0.000000000000000000e+00,1.625913473078896901e-02,9.998678115320075444e-01,2.333015937438817105e+02
2.887678734915862577e+00,9.528100525892760686e+00,-2.172714865897399594e+00,0.000000000000000000e+00,1.652395389842665346e-02,9.998634701535819014e-01,2.350809345641111747e+02
2.873074696812714546e+00,9.908222863820107307e+00,-2.179815658617799468e+00,0.000000000000000000e+00,1.678877181285000700e-02,9.998590586382742895e-01,2.368602753843406390e+02
2.870188401918056353e+00,9.964570171584352209e+00,-2.181001498122109084e+00,0.000000000000000000e+00,1.705358841833126693e-02,9.998545769871028943e-01,2.371082621691142833e+02
2.844347737343276616e+00,1.037147170161660448e+01,-2.190443398798409991e+00,0.000000000000000000e+00,5.825643401640136221e-03,9.999830307955015485e-01,2.388876029893437476e+02
2.817385657950669309e+00,1.077317576779859465e+01,-2.200085164996004483e+00,0.000000000000000000e+00,-5.405869142971170271e-03,9.999853881826519242e-01,2.406669438095732119e+02
2.819583296296849451e+00,1.113252949906250322e+01,-2.203775003161168033e+00,0.000000000000000000e+00,-1.663669983677020653e-02,9.998616005320641875e-01,2.424462846298026761e+02
2.888723343633250007e+00,1.130179628669628755e+01,-2.189420313487216330e+00,0.000000000000000000e+00,-2.786260007479053613e-02,9.996117623943168162e-01,2.437986232411796550e+02
3.113232668578702178e+00,1.129312968956787699e+01,-2.135347747444294786e+00,-5.325957667635326104e-02,-1.557234507508109891e-02,9.984592728604999579e-01,2.455779640614091193e+02
3.420566017071204001e+00,1.112612974972166136e+01,-2.060899819795710020e+00,-1.073656343516595918e-01,-3.001088978384219841e-03,9.942150743301017002e-01,2.473573048816385835e+02
3.742761197118445793e+00,1.092485495997395084e+01,-1.983711649355524242e+00,-1.618249700406950431e-01,9.740657267244282047e-03,9.867714014235161590e-01,2.491366457018680478e+02
4.067343838342054596e+00,1.071577112813543131e+01,-1.906165890528529694e+00,-2.161150888306603846e-01,2.253320604706171570e-02,9.761078439419265118e-01,2.509159865220975121e+02
4.390770221811690632e+00,1.050310472802483908e+01,-1.828654899522970112e+00,-2.697082847558538998e-01,3.525309030884872519e-02,9.622965555158822237e-01,2.526953273423269763e+02
4.705205482776535497e+00,1.028088692998210796e+01,-1.751764640789414518e+00,-3.220969062596684140e-01,4.777893396817110144e-02,9.455002678195366661e-01,2.544746681625564406e+02
4.969380291223735036e+00,1.001600200603033741e+01,-1.679536242801190848e+00,-3.728170422110759219e-01,5.999715763324237755e-02,9.259631710348509293e-01,2.562540089827859333e+02
5.036762030839216031e+00,9.906305697670083177e+00,-1.657751759461665753e+00,-4.214681032439552277e-01,7.180690669145753380e-02,9.039957998239520620e-01,2.568839610938143210e+02
5.133441839747847624e+00,9.568675021458743046e+00,-1.601908690085481535e+00,-4.494224243272512687e-01,7.054972781204348065e-02,8.905291799921339901e-01,2.586633019140438137e+02
5.160271768468708942e+00,9.413208890807688078e+00,-1.567347435464341965e+00,-4.769433337063342382e-01,6.922451259086716269e-02,8.762037567196601096e-01,2.594657386486651376e+02
5.300096399284123905e+00,9.120927745950091037e+00,-1.442691401878995583e+00,-5.140455845020140968e-01,1.101559719667152687e-01,8.506602135365511907e-01,2.612450794688946303e+02
5.504613417841692780e+00,8.879132637703779807e+00,-1.283212751268916874e+00,-5.495008361608202385e-01,1.509823022952139771e-01,8.217378994863240305e-01,2.630244202891241230e+02
5.718093043671145459e+00,8.646691555215506142e+00,-1.094473897326010414e+00,-5.828897650331638092e-01,1.912408848682875251e-01,7.897255509190376221e-01,2.648037611093536157e+02
5.845021410507016846e+00,8.501115759295680974e+00,-9.342437471584955633e-01,-6.138622846817090029e-01,2.304881247402780775e-01,7.550154434175916363e-01,2.659891137915483910e+02
5.976112212642006760e+00,8.322654729574736621e+00,-6.424809014620066483e-01,-6.526842807127118951e-01,2.293356866493063695e-01,7.220861254307694432e-01,2.677684546117778837e+02
6.063419198719051550e+00,8.176799759261539791e+00,-3.257375356929390064e-01,-6.927227644976527987e-01,2.274224607155910793e-01,6.844079163107297248e-01,2.695477954320073763e+02
6.142818665718583482e+00,8.037995583488564577e+00,-5.632747511190148819e-03,-7.334943825837690889e-01,2.245924623927476604e-01,6.415171210142543989e-01,2.713271362522368690e+02
6.220790525265126547e+00,7.900715451733194783e+00,3.149243711111207045e-01,-7.743453844806845732e-01,2.206827917946329598e-01,5.930331617533605160e-01,2.731064770724663617e+02
6.298504739790582896e+00,7.763764625836701683e+00,6.355423635563928197e-01,-8.144461767631742122e-01,2.155353575248896980e-01,5.387225026045101561e-01,2.748858178926958544e+02
6.376172456211489425e+00,7.626884927236450729e+00,9.561685519037640413e-01,-8.528090664941904153e-01,2.090133702715667730e-01,4.785709008632141881e-01,2.766651587129253471e+02
6.453831761856261728e+00,7.490020580722378973e+00,1.276795847224776459e+00,-8.883372173416864692e-01,2.010214935844950590e-01,4.128526945566521333e-01,2.784444995331548398e+02
6.531489522732518260e+00,7.353159539315115900e+00,1.597423294607579036e+00,-9.199077047792882933e-01,1.915267517511056727e-01,3.421802420528867739e-01,2.802238403533843325e+02
6.609146974263957475e+00,7.216299200003268410e+00,1.918050764600032876e+00,-9.464821208411274833e-01,1.805756121340175990e-01,2.675145663893954140e-01,2.820031811736138252e+02
6.686804329699765681e+00,7.079438994550692144e+00,2.238678238638159623e+00,-9.672267881372652587e-01,1.683020424546566585e-01,1.901230202139152781e-01,2.837825219938433179e+02
6.764461575619622025e+00,6.942578771724205566e+00,2.559305713185963782e+00,-9.816163564520313800e-01,1.549226554878752882e-01,1.114822836258024946e-01,2.855618628140728106e+02
6.842118421525511529e+00,6.805718366647674600e+00,2.879933187357931690e+00,-9.894948122699691595e-01,1.407183303395289631e-01,3.314163540433501254e-02,2.873412036343023033e+02
6.919773218690557393e+00,6.668857132897742623e+00,3.200560665208808331e+00,-9.910786063692620385e-01,1.260057619946125806e-01,-4.342515332521247606e-02,2.891205444545317960e+02
6.997416836725896871e+00,6.531992114253236004e+00,3.521188188947553144e+00,-9.869036720509523075e-01,1.111053606365693669e-01,-1.169475990782381375e-01,2.908998852747612887e+02
7.074998776321061555e+00,6.395109704694842634e+00,3.841816082599705862e+00,-9.777336590085589085e-01,9.631242338470032138e-02,-1.864425089498140398e-01,2.926792260949907813e+02
7.152239791739280150e+00,6.258147348151998912e+00,4.162446761673930240e+00,-9.644541141138840423e-01,8.187655783892941463e-02,-2.512458776681749661e-01,2.944585669152202740e+02
7.227595916581913471e+00,6.120817903613547273e+00,4.483098188201410039e+00,-9.479751456142646582e-01,6.799120106853046019e-02,-3.109989065493194982e-01,2.962379077354497667e+02
7.292531182611616813e+00,5.981806048699386480e+00,4.803903864062075257e+00,-9.291567362665369423e-01,5.479225592567152359e-02,-3.656030198741427872e-01,2.980172485556792594e+02
7.299856900488292943e+00,5.835101668677275200e+00,5.125855929560160895e+00,-9.087613450776725887e-01,4.236324967868072833e-02,-4.151604181148306760e-01,2.997965893759087521e+02
7.267067533533499102e+00,5.771436845099247925e+00,5.252533085510149746e+00,-8.874313235737447680e-01,3.074407577672122124e-02,-4.599135220286383330e-01,3.005411582532050261e+02
7.076775194280211956e+00,5.629504378751294169e+00,5.482459811817556705e+00,-8.507380076179037465e-01,2.848093014659771813e-02,-5.248177579048790564e-01,3.023204990734345188e+02
6.797879172751260413e+00,5.499107636953051603e+00,5.652746131850293843e+00,-8.069514308629084365e-01,2.592473469042952047e-02,-5.900485542390010441e-01,3.040998398936640115e+02
6.502954799052946377e+00,5.371237421111514365e+00,5.815007084702293660e+00,-7.560226481321602465e-01,2.309084430449337769e-02,-6.541380346842258220e-01,3.058791807138935042e+02
6.205126234288058207e+00,5.243931158057129061e+00,5.976187580465651017e+00,-6.983347128240379176e-01,2.001372543241974541e-02,-7.154914951690789504e-01,3.076585215341229969e+02
5.906744782452878262e+00,5.116805917718544983e+00,6.137218685709604493e+00,-6.347362412190622472e-01,1.674643349361205902e-02,-7.725473843385534112e-01,3.094378623543524895e+02
5.608111432015789433e+00,4.989990093386017733e+00,6.298200069248828470e+00,-5.664973303807125937e-01,1.335671148156745112e-02,-8.239553221685773643e-01,3.112172031745819822e+02
5.308596333358410746e+00,4.864495043639060157e+00,6.458954784148319916e+00,-4.951875732267752017e-01,9.920204076751419631e-03,-8.687294497557066508e-01,3.129965439948114749e+02
5.004315768476429227e+00,4.745106899750028973e+00,6.618044371054926600e+00,-4.225021165155245506e-01,6.512300960497111046e-03,-9.063385413167102111e-01,3.147758848150409676e+02
4.673788779861735243e+00,4.654073633076240668e+00,6.764762211855624763e+00,-3.500785943974882852e-01,3.200568548579110946e-03,-9.367148627547471351e-01,3.165552256352704603e+02
4.486833451599678391e+00,4.633006005734308985e+00,6.820006629557065381e+00,-2.793467611515190185e-01,3.937469914031367576e-05,-9.601902860807274287e-01,3.174860967397102627e+02
4.135906874657735877e+00,4.671611131471217426e+00,6.847956432485364786e+00,-2.412197597089046353e-01,-2.934010579328840199e-02,-9.700268994816674262e-01,3.192654375599397554e+02
3.798139387544964052e+00,4.772815578354292043e+00,6.822081160070556649e+00,-2.020237478540441445e-01,-5.901412072848257612e-02,-9.776010120993379182e-01,3.210447783801692481e+02
3.462810372759573152e+00,4.887809723342243728e+00,6.788892406232159615e+00,-1.620264798998145850e-01,-8.876434828632563667e-02,-9.827859941434751168e-01,3.228241192003987408e+02
3.128088694604123976e+00,5.007131065879826259e+00,6.754194167476577526e+00,-1.215198593971383023e-01,-1.183657860815345714e-01,-9.855061970669692917e-01,3.246034600206282335e+02
2.794377813447398218e+00,5.133659558950143698e+00,6.715388653652378359e+00,-8.080949809411540341e-02,-1.475950991014428337e-01,-9.857410977224255744e-01,3.263828008408577261e+02
2.465896677149810312e+00,5.290819171653033059e+00,6.647016659745184519e+00,-4.020329242489091570e-02,-1.762389677811853073e-01,-9.835260654978194017e-01,3.281621416610872188e+02
2.347135213494617734e+00,5.364320674311906956e+00,6.603499231354062360e+00,-0.000000000000000000e+00,-2.041017182454783752e-01,-9.789496864544384724e-01,3.288450833014297245e+02
2.103931695394002155e+00,5.581379935921267688e+00,6.442758960665829981e+00,3.535955907233818973e-02,-2.615971054938832085e-01,-9.645292406036387600e-01,3.306244241216592172e+02
1.921707163715608679e+00,5.818192233539306812e+00,6.249800143821226506e+00,7.238356247886926220e-02,-3.207490290048425341e-01,-9.443943457451015044e-01,3.324037649418887099e+02
1.750525946286826340e+00,6.059240793642318934e+00,6.052505915990232133e+00,1.105680135879550802e-01,-3.806032836839752242e-01,-9.181044901427012350e-01,3.341831057621182026e+02
1.581345094660844275e+00,6.301198269948982578e+00,5.854628171703410544e+00,1.492787641642967233e-01,-4.400382203800470848e-01,-8.854841699174194058e-01,3.359624465823476953e+02
1.412527228186774453e+00,6.543348997298516601e+00,5.656671101838436577e+00,1.877909748336344942e-01,-4.978462235663475566e-01,-8.466898413538216372e-01,3.377417874025771880e+02
1.243778358622460667e+00,6.785531980291211518e+00,5.458697587268064311e+00,2.253491704177326138e-01,-5.528420173386201508e-01,-8.022365332350580580e-01,3.395211282228066807e+02
1.075059629662327376e+00,7.027678831254091207e+00,5.260679208428903131e+00,2.612378394074146293e-01,-6.039778909734442314e-01,-7.529711139725189240e-01,3.413004690430361734e+02
9.064432171820120399e-01,7.269618074198319846e+00,5.062338064495743417e+00,2.948480401237960624e-01,-6.504412291425979431e-01,-6.999934575884426691e-01,3.430798098632656661e+02
7.383780953147649484e-01,7.510585253325455568e+00,4.861599941383964563e+00,3.257260369552247847e-01,-6.917138810785002923e-01,-6.445420510507920975e-01,3.448591506834951588e+02
5.733458071511953191e-01,7.747038508521074007e+00,4.643048942785889643e+00,3.535955984509715488e-01,-7.275844432322003952e-01,-5.878699096931125911e-01,3.466384915037246515e+02
4.607983750494829001e-01,7.912653513584993803e+00,4.433853916162437514e+00,3.783535305516018687e-01,-7.581180222335275332e-01,-5.311362069035234779e-01,3.480550492027592782e+02
3.684016676612411612e-01,8.061330162527326593e+00,4.120963978418718199e+00,3.927631030449665328e-01,-7.893412259119758634e-01,-4.718872470858562762e-01,3.498343900229887709e+02
3.089068099004853574e-01,8.167854127744710979e+00,3.783565038888330179e+00,4.056211595501911793e-01,-8.175031682704035907e-01,-4.088521062597214595e-01,3.516137308432182635e+02
2.554315026188599957e-01,8.265210199728761253e+00,3.442852458125546189e+00,4.166292182523399501e-01,-8.419709267607728975e-01,-3.427901004814012942e-01,3.533930716634477562e+02
2.035131740160311120e-01,8.360297139981277326e+00,3.101577534073212572e+00,4.255591957293182181e-01,-8.622504471996538244e-01,-2.746334597863356319e-01,3.551724124836772489e+02
1.544803522615853519e-01,8.453548723891072925e+00,2.759361558839422024e+00,4.322745411036666985e-01,-8.780316295721132258e-01,-2.054243865380974421e-01,3.569517533039067416e+02
1.203476464516937683e-01,8.540140306920822155e+00,2.410587862217380639e+00,4.367404848835901299e-01,-8.892116026208884971e-01,-1.362368328611520962e-01,3.587310941241362343e+02
1.448578959054922510e-01,8.592899229860565313e+00,2.099712163687437627e+00,4.390216570551887521e-01,-8.958922234213534397e-01,-6.809631891416674521e-02,3.603143367163554558e+02
2.728062020552404210e-01,8.605745886745516771e+00,1.767542639774066560e+00,4.399917957520931844e-01,-8.978719428730695951e-01,1.527068669666111107e-02,3.620936775365849485e+02
4.613441121275376755e-01,8.588674546640673313e+00,1.449038415647976308e+00,4.372119447092307487e-01,-8.921992228795383451e-01,1.132530886851238761e-01,3.638730183568144412e+02
6.608961070984279429e-01,8.565085278382785106e+00,1.132381656322100749e+00,4.286163800860369744e-01,-8.746586314802695661e-01,2.264073256301658843e-01,3.656523591770439339e+02
8.627929931559871202e-01,8.539898694266636170e+00,8.160376922925087761e-01,4.117234066027943284e-01,-8.401858820591681098e-01,3.529469082508696620e-01,3.674316999972734266e+02
1.067072495477375149e+00,8.513496410121458524e+00,5.002128228693684120e-01,3.842348374661483934e-01,-7.840911657126223844e-01,4.874060253308153956e-01,3.692110408175029193e+02
1.282598335865462902e+00,8.482776931515807917e+00,1.880025728437159649e-01,3.451456533601986454e-01,-7.043235836409167394e-01,6.203247274563364888e-01,3.709903816377324119e+02
1.517117766304278970e+00,8.444982055665967380e+00,-1.033741159345268751e-01,2.958391303379323545e-01,-6.037059265624611371e-01,7.402826238635189515e-01,3.727697224579619046e+02
1.762921404283552373e+00,8.402742371215596862e+00,-3.602547499413138454e-01,2.401467708429722292e-01,-4.900569733190247024e-01,8.379580486844731002e-01,3.745490632781913973e+02
2.010747767338957104e+00,8.359022079448539699e+00,-5.980170928423710341e-01,1.829881777474537674e-01,-3.734159415315126962e-01,9.094371124023915565e-01,3.763284040984208900e+02
2.258514738565500668e+00,8.312681150286465481e+00,-8.331511491515533052e-01,1.285849114653605518e-01,-2.623975842190818253e-01,9.563542378948479694e-01,3.781077449186503827e+02
2.503894779883780952e+00,8.255114525646865431e+00,-1.067517812642275299e+00,7.949307910613004347e-02,-1.622180369522129850e-01,9.835477410179929159e-01,3.798870857388798754e+02
2.735583791570809442e+00,8.145730181197095021e+00,-1.298706788782895138e+00,3.666598213973909504e-02,-7.482266019275017610e-02,9.965225412781231196e-01,3.816664265591093681e+02
2.830080413649330051e+00,8.057351190809830754e+00,-1.397926259174846919e+00,-0.000000000000000000e+00,0.000000000000000000e+00,1.000000000000000000e+00,3.825257812889203706e+02
2.947336698165922364e+00,7.789834207104291863e+00,-1.534393873277273057e+00,-4.636159474102861169e-08,-1.156627263299005991e-07,9.999999999999922284e-01,3.843051221091498633e+02
3.000698605566663346e+00,7.457339205780282754e+00,-1.618685894779541945e+00,-9.272318948205505285e-08,-2.313254526597957984e-07,9.999999999999689138e-01,3.860844629293793560e+02
3.042469510734972626e+00,7.110852670733450509e+00,-1.695956998942951932e+00,-1.390847842230772059e-07,-3.469881789896802509e-07,9.999999999999302780e-01,3.878638037496088486e+02
3.082141189434477013e+00,6.761347486480303814e+00,-1.772282726310305589e+00,-1.854463789640928474e-07,-4.626509053195485569e-07,9.999999999998758771e-01,3.896431445698383413e+02
3.121457325997160304e+00,6.411167572028508843e+00,-1.848476736846907942e+00,-2.318079737050998333e-07,-5.783136316493952106e-07,9.999999999998059330e-01,3.914224853900678340e+02
3.160850652031808927e+00,6.060728742693140880e+00,-1.924619744716338676e+00,-2.781695684460960724e-07,-6.939763579792150240e-07,9.999999999997206679e-01,3.932018262102973267e+02
3.201040332342135031e+00,5.709706378509935121e+00,-2.000508786025923413e+00,-3.245311631870792884e-07,-8.096390843090023324e-07,9.999999999996196376e-01,3.949811670305268194e+02
3.245691922074610325e+00,5.356103733870789085e+00,-2.074527508854208779e+00,-3.708927579280475226e-07,-9.253018106387523714e-07,9.999999999995032862e-01,3.967605078507563121e+02
3.314983405000466288e+00,4.990521896512262856e+00,-2.134649364627103196e+00,-4.172543526689983396e-07,-1.040964536968458894e-06,9.999999999993711697e-01,3.985398486709858048e+02
3.384617650297794267e+00,4.770443012550727779e+00,-2.145206571831017595e+00,-4.636159474099297807e-07,-1.156627263298117030e-06,9.999999999992237321e-01,3.996077644135253877e+02
3.557788296363438629e+00,4.442100172885506737e+00,-2.094265202596923725e+00,-4.121030643644492017e-07,-1.028113122931826989e-06,9.999999999993867128e-01,4.013871052337548804e+02
3.767925859176532999e+00,4.149678733429969846e+00,-1.999928503289071235e+00,-3.605901813189448529e-07,-8.995989825654780790e-07,9.999999999995303757e-01,4.031664460539843731e+02
3.984762336852703424e+00,3.864990718398889413e+00,-1.899752762421223817e+00,-3.090772982734198046e-07,-7.710848421990771824e-07,9.999999999996549427e-01,4.049457868742138658e+02
4.202776379543219143e+00,3.581967573375887337e+00,-1.798793620022772544e+00,-2.575644152278770217e-07,-6.425707018326321343e-07,9.999999999997604139e-01,4.067251276944433585e+02
4.420793259627383343e+00,3.299300796331305907e+00,-1.697746400436958236e+00,-2.060515321823193891e-07,-5.140565614661500284e-07,9.999999999998467892e-01,4.085044685146728511e+02
4.637644708708900332e+00,3.016702454082434315e+00,-1.596816366256548658e+00,-1.545386491367499246e-07,-3.855424210996384352e-07,9.999999999999138467e-01,4.102838093349023438e+02
4.847840906419235374e+00,2.734092053646540066e+00,-1.496861236074772616e+00,-1.030257660911715266e-07,-2.570282807331046604e-07,9.999999999999618083e-01,4.120631501551318365e+02
5.021218359457717995e+00,2.451420541006435361e+00,-1.404165359497721699e+00,-5.151288304558729191e-08,-1.285141403665560624e-07,9.999999999999904521e-01,4.138424909753613292e+02
5.053939814251417140e+00,2.241338788843940222e+00,-1.362143859557447101e+00,-0.000000000000000000e+00,0.000000000000000000e+00,1.000000000000000000e+00,4.152597849002023054e+02
4.878815147896124138e+00,2.026092097871731834e+00,-1.380385021386322464e+00,0.000000000000000000e+00,1.977197878583855650e-02,9.998045153203162227e-01,4.170391257204317981e+02
4.567803905277731502e+00,1.846907587330536282e+00,-1.441121980609153086e+00,0.000000000000000000e+00,3.957506112840549622e-02,9.992166004108834487e-01,4.188184665406612908e+02
4.232188094518677168e+00,1.675773144878714982e+00,-1.507579018024068684e+00,0.000000000000000000e+00,5.938596055158471693e-02,9.982350964023283257e-01,4.205978073608907835e+02
3.891945583446426937e+00,1.507390536878240095e+00,-1.574819274396062729e+00,0.000000000000000000e+00,7.918128038697196114e-02,9.968602333508341795e-01,4.223771481811202761e+02
3.549894229178501170e+00,1.344266769064172973e+00,-1.642265561351762715e+00,0.000000000000000000e+00,9.893765151577713080e-02,9.950936343442976506e-01,4.241564890013497688e+02
3.202197706533175481e+00,1.203907263130116645e+00,-1.710487662610468806e+00,0.000000000000000000e+00,1.186318701107082901e-01,9.929383059354875973e-01,4.259358298215792615e+02
2.899617079381758611e+00,1.154404838135179912e+00,-1.767704999053215209e+00,-0.000000000000000000e+00,1.382410334876689184e-01,9.903986150334931349e-01,4.274973133546901636e+02
2.577155682392017866e+00,1.235128338442479823e+00,-1.824018895406321006e+00,9.691276332308377400e-03,1.153816378862233677e-01,9.932739585843088914e-01,4.292766541749196563e+02
2.272230911858267088e+00,1.403454944370283508e+00,-1.874471919038372070e+00,1.940084227217074922e-02,9.239241069920658966e-02,9.955336507443229843e-01,4.310559949951491490e+02
1.970789855289243331e+00,1.592107841146245262e+00,-1.924381258878832490e+00,2.911042554533118179e-02,6.931612439504609979e-02,9.971699243476109809e-01,4.328353358153786417e+02
1.671496782842660123e+00,1.791802868715008712e+00,-1.976038065262289090e+00,3.880168478619088618e-02,4.619620563754243958e-02,9.981785110101534242e-01,4.346146766356081343e+02
1.381012714648281570e+00,2.024734722395927555e+00,-2.041460298066563706e+00,4.845638226445700414e-02,2.307632786437026004e-02,9.985586923712281848e-01,4.363940174558376270e+02
1.238681978824661023e+00,2.180843886844550106e+00,-2.093046430223549859e+00,5.805655498841086337e-02,0.000000000000000000e+00,9.983132957257844220e-01,4.373956810170663516e+02
1.074320468084007496e+00,2.492096624769411850e+00,-2.211673443756721369e+00,1.006082103424875834e-01,-7.870245008199687942e-05,9.949261187734524947e-01,4.391750218372958443e+02
9.787465214260850921e-01,2.823088475844159895e+00,-2.344940065982392685e+00,1.433715315715546057e-01,-1.579948027886944129e-04,9.896689239197464794e-01,4.409543626575253370e+02
8.955381770364867489e-01,3.158124989416567274e+00,-2.480024304928596379e+00,1.861075234797897049e-01,-2.374383785239806593e-04,9.825293549442866148e-01,4.427337034777548297e+02
8.140660792761567066e-01,3.493169634823535041e+00,-2.614221450631780019e+00,2.285735970146406948e-01,-3.165845055656399875e-04,9.735265843940982267e-01,4.445130442979843224e+02
7.301169448955958652e-01,3.824236459326288973e+00,-2.739889299704767023e+00,2.705303564357688928e-01,-3.949870102046890543e-04,9.627113639258642053e-01,4.462923851182138151e+02
6.302442587837133736e-01,4.136028588198453093e+00,-2.801910650035202455e+00,3.117483009345297651e-01,-4.722147068857325005e-04,9.501646035701942772e-01,4.480717259384433078e+02
5.849810139111516483e-01,4.242859450923772258e+00,-2.784179373275207148e+00,3.520140075390099099e-01,-5.478630810373027321e-04,9.359945717483463268e-01,4.487521917509060358e+02
4.556509278779509731e-01,4.445355024200073224e+00,-2.590724414382104879e+00,3.665363630492094460e-01,-7.534260429989664276e-02,9.273481474289833049e-01,4.505315325711355285e+02
3.190857607388077888e-01,4.574583907156619667e+00,-2.289706520121328470e+00,3.793494885047584142e-01,-1.526343760792752413e-01,9.125769626777067156e-01,4.523108733913650212e+02
1.812054668486632880e-01,4.688020981725372849e+00,-1.974203639335299298e+00,3.900000559306960324e-01,-2.310149684661343683e-01,8.913652678440219246e-01,4.540902142115945139e+02
4.323526001106330063e-02,4.798094575884466195e+00,-1.656668592632419612e+00,3.981272110806426956e-01,-3.088927574563487544e-01,8.637592188730391918e-01,4.558695550318240066e+02
-9.389353303401730411e-02,4.907637424975339613e+00,-1.338243108934703107e+00,4.035100377120375836e-01,-3.846413197008021756e-01,8.301991957623515717e-01,4.576488958520534993e+02
-2.261195014181832663e-01,5.017959518680616071e+00,-1.015112851904786062e+00,4.060948018029252871e-01,-4.567639425657511465e-01,7.914882896925474753e-01,4.594282366722829920e+02
-3.311923713910266409e-01,5.132544425702848301e+00,-6.572763335656369721e-01,4.059947703102952943e-01,-5.240368557615919798e-01,7.487012890894438888e-01,4.612075774925124847e+02
-3.461529976022563737e-01,5.155322946089230030e+00,-5.816455997657092869e-01,4.034638481846201108e-01,-5.856005661191168166e-01,7.030568257040307190e-01,4.615510208744721581e+02
-3.825594743853913404e-01,5.268308409168247053e+00,-1.866679793587522063e-01,4.154461062182913111e-01,-6.029920055739161899e-01,6.810324324450388600e-01,4.633303616947016508e+02
-3.756636772170756644e-01,5.375197863135940501e+00,2.079708327685538816e-01,4.288068158336359459e-01,-6.223841745370168876e-01,6.547997052385519101e-01,4.651097025149311435e+02
-3.598810647456150424e-01,5.480762472466930824e+00,6.022717279568015059e-01,4.437012636037000468e-01,-6.440024609966997771e-01,6.232094502706727601e-01,4.668890433351606362e+02
-3.366655521660692485e-01,5.586061635632235678e+00,9.943545353321230351e-01,4.602532013044090542e-01,-6.680264823099260063e-01,5.847286632461838884e-01,4.686683841553901289e+02
-2.799113948724532008e-01,5.691352311037336520e+00,1.369992688502175149e+00,4.784962132442560079e-01,-6.945049838355539240e-01,5.373120148837957633e-01,4.704477249756196215e+02
-1.667435293395942431e-01,5.796629188836792679e+00,1.716643384279083584e+00,4.982603258417173109e-01,-7.231912603829863118e-01,4.782583492190946584e-01,4.722270657958491142e+02
-2.028361532449879032e-02,5.901848245012052629e+00,2.046850054558638110e+00,5.189647693874326340e-01,-7.532423638860792359e-01,4.041058145856851747e-01,4.740064066160786069e+02
1.322006169220369121e-01,6.007041464668328778e+00,2.374843941834841043e+00,5.392703117890937925e-01,-7.827144892803906684e-01,3.107178126426467513e-01,4.757857474363080996e+02
2.857750969670022623e-01,6.112226679134121987e+00,2.702540019798546744e+00,5.565853506831963671e-01,-8.078461005124364380e-01,1.939005551609219169e-01,4.775650882565375923e+02
4.395470111657857060e-01,6.217409712836936109e+00,3.030195967159076353e+00,5.666116635910470878e-01,-8.223986175256535747e-01,5.110515213243874144e-02,4.793444290767670850e+02
5.933547778508145853e-01,6.322592176120623186e+00,3.357846460371345376e+00,5.635589113242708281e-01,-8.179677534874274514e-01,-1.154560856851382933e-01,4.811237698969965777e+02
7.471691129106087237e-01,6.427774504702145286e+00,3.685496172481126376e+00,5.420043011351721729e-01,-7.866826904365310513e-01,-2.955700967934926648e-01,4.829031107172260704e+02
9.009847222613753814e-01,6.532956968997633673e+00,4.013145727493219184e+00,5.003116600372747858e-01,-7.261686336262719310e-01,-4.715584357935923565e-01,4.846824515374555631e+02
1.054800822070672162e+00,6.638140362344088885e+00,4.340795164075510471e+00,4.427962811600091864e-01,-6.426889400115166628e-01,-6.252058699162534872e-01,4.864617923576850558e+02
1.208618265763909294e+00,6.743328194683584798e+00,4.668444171339049653e+00,3.777411011617425318e-01,-5.482657335523011266e-01,-7.461342680144581463e-01,4.882411331779145485e+02
1.362442774573350723e+00,6.848536656873892348e+00,4.996090367786555575e+00,3.130792519862236611e-01,-4.544134202561522784e-01,-8.339603260748391644e-01,4.900204739981440412e+02
1.516306364790039884e+00,6.953840714283336943e+00,5.323716038650383453e+00,2.537742576350266455e-01,-3.683362204722935296e-01,-8.943864124918138314e-01,4.917998148183735339e+02
1.670386931047620926e+00,7.059587557700115923e+00,5.651189513538338538e+00,2.018196271307220180e-01,-2.929275781051381422e-01,-9.345920351095844403e-01,4.935791556386030265e+02
1.825671741287588246e+00,7.167384904436736370e+00,5.977532248722570607e+00,1.573453619322193742e-01,-2.283761815050209254e-01,-9.607740404484317320e-01,4.953584964588325192e+02
1.987635939810088903e+00,7.284675892810975384e+00,6.295472107392788175e+00,1.196240503006675282e-01,-1.736262415895010458e-01,-9.775193168532105847e-01,4.971378372790620119e+02
2.161909779407194865e+00,7.418979345836781647e+00,6.559344705514061680e+00,8.766727434067950187e-02,-1.272431364421284794e-01,-9.879896928804703382e-01,4.989171780992915046e+02
2.344806753253371401e+00,7.566636919157136987e+00,6.731214977581985615e+00,6.050471639358828702e-02,-8.781851541937621408e-02,-9.942972833331429339e-01,5.006965189195209973e+02
2.528674486035948021e+00,7.723603244192482897e+00,6.853263179085342216e+00,3.728754840517317648e-02,-5.412036184533606381e-02,-9.978379754086641462e-01,5.024758597397504900e+02
2.703893996708960579e+00,7.906631873451983594e+00,6.982270299710321204e+00,1.731025407609477346e-02,-2.512466639139451438e-02,-9.995344447504258545e-01,5.042552005599799827e+02
2.798314903207179682e+00,8.062580627910056918e+00,7.088934952420276936e+00,-0.000000000000000000e+00,-0.000000000000000000e+00,-1.000000000000000000e+00,5.054767443781296947e+02
2.862295413197510019e+00,8.335588217458047566e+00,7.269023847899606317e+00,0.000000000000000000e+00,3.654212383384145175e-03,-9.999933233436396618e-01,5.072560851983591874e+02
2.874875663233062095e+00,8.636368358067633366e+00,7.460123701084971692e+00,0.000000000000000000e+00,7.308571192687205419e-03,-9.999732920369029943e-01,5.090354260185886801e+02
2.877850697556565418e+00,8.944394743518014224e+00,7.651862409675353582e+00,0.000000000000000000e+00,1.096293002181265505e-02,-9.999399052769805119e-01,5.108147668388181728e+02
2.877352558548478267e+00,9.259716652672091541e+00,7.837424012188004774e+00,0.000000000000000000e+00,1.461714245292770192e-02,-9.998931638662756916e-01,5.125941076590476086e+02
2.866691090763022309e+00,9.603189006138936890e+00,7.975610138510109692e+00,0.000000000000000000e+00,1.827106208579380719e-02,-9.998330702123515712e-01,5.143734484792770445e+02
2.866046173426023191e+00,9.615605952836908443e+00,7.978864701001594284e+00,0.000000000000000000e+00,2.192454256709130619e-02,-9.997596283273413320e-01,5.144337250064503451e+02
2.838704587052284012e+00,9.999900888407008637e+00,8.028576051458518492e+00,0.000000000000000000e+00,7.929586950723132785e-03,-9.999685603311690985e-01,5.162130658266797809e+02
2.802008122613921515e+00,1.040446676956658933e+01,8.026030957870121441e+00,0.000000000000000000e+00,-6.075158624693500695e-03,-9.999815460535683709e-01,5.179924066469092168e+02
2.766228864804844978e+00,1.080650483471819534e+01,8.016149559126073854e+00,0.000000000000000000e+00,-2.008145964489685756e-02,-9.997983471573306247e-01,5.197717474671386526e+02
2.744902492556845264e+00,1.117596385772611178e+01,8.003017257605907986e+00,0.000000000000000000e+00,-3.408107400549529459e-02,-9.994190714583307544e-01,5.215510882873680885e+02
2.801817199802092428e+00,1.138954923883070691e+01,7.973743091169096076e+00,-0.000000000000000000e+00,-4.806577624515451230e-02,-9.988441726084960059e-01,5.233131214426992983e+02
2.991843605538553774e+00,1.135137800079510129e+01,7.915651170966225614e+00,-5.416285183182596025e-02,-3.506605939432863583e-02,-9.979162073841656433e-01,5.250924622629287342e+02
3.259986855823612473e+00,1.115813008475486257e+01,7.841397465347386131e+00,-1.096295690348214752e-01,-2.159806040062421315e-02,-9.937378333243483963e-01,5.268718030831581700e+02
3.542193342415143054e+00,1.093139894042813687e+01,7.764968921529874279e+00,-1.658853990156143043e-01,-7.775533814735342830e-03,-9.861143825476466063e-01,5.286511439033876059e+02
3.826929651781508568e+00,1.069743383584704510e+01,7.688247127135917403e+00,-2.223579008971104665e-01,6.269455457438444061e-03,-9.749449511828336412e-01,5.304304847236170417e+02
4.112123915184382028e+00,1.046188020250866479e+01,7.611481476106994215e+00,-2.784431939427576275e-01,2.039214662959621532e-02,-9.602361939141812464e-01,5.322098255438464776e+02
4.397419601162923186e+00,1.022585802226482699e+01,7.534677331136911960e+00,-3.335368510283833188e-01,3.444221405302316796e-02,-9.421076917726527444e-01,5.339891663640759134e+02
4.682838560107728476e+00,9.989151801742384151e+00,7.457625877367712874e+00,-3.870659303078055613e-01,4.827163794457094842e-02,-9.207876055666156523e-01,5.357685071843053493e+02
4.968853528837249733e+00,9.749594517186853437e+00,7.378741838535543884e+00,-4.385182749224796894e-01,6.174237503623956208e-02,-8.965989079203123824e-01,5.375478480045347851e+02
5.258114626915102896e+00,9.496883076854965466e+00,7.286239627896656579e+00,-4.874656647255767306e-01,7.473292261606094555e-02,-8.699380529617689595e-01,5.393271888247642210e+02
5.438666636236332508e+00,9.322013735939355783e+00,7.205947589188165026e+00,-5.335785543036569711e-01,8.714309002340615840e-02,-8.412490762243913789e-01,5.405048080766844123e+02
5.655364133766870971e+00,9.066657017116110495e+00,7.053790594279857551e+00,-5.644969119885860920e-01,1.222957609462808626e-01,-8.163252925212599598e-01,5.422841488969138481e+02
5.826659398158827052e+00,8.822130332978471046e+00,6.881656178322971051e+00,-5.939896487862589280e-01,1.573013661994305257e-01,-7.889439633627786108e-01,5.440634897171432840e+02
5.977892587264943991e+00,8.575305341596070718e+00,6.672560829525352233e+00,-6.217925142612454881e-01,1.918594569952667139e-01,-7.593181269864167637e-01,5.458428305373727198e+02
6.014575620360265162e+00,8.507066252814778906e+00,6.604146227821471982e+00,-6.476842007326943929e-01,2.256809567111615344e-01,-7.277178587194255144e-01,5.463314974816321410e+02
6.111543083220892569e+00,8.280467111890448706e+00,6.333479366527399179e+00,-6.704053547940751479e-01,2.496765601378596600e-01,-6.987261806896575278e-01,5.481108383018615768e+02
6.172506094599104820e+00,8.078216206039703806e+00,6.048577718128927749e+00,-6.924918160321344995e-01,2.739303924165552018e-01,-6.673958531778786396e-01,5.498901791220910127e+02
6.226965420470914836e+00,7.881231734317018400e+00,5.761760607619824448e+00,-7.137124849008180671e-01,2.982770907719783371e-01,-6.337548942748327807e-01,5.516695199423204485e+02
6.280250335552176821e+00,7.685385852296438003e+00,5.474685736593241536e+00,-7.338327670271238556e-01,3.225344342487320159e-01,-5.978804301540278088e-01,5.534488607625498844e+02
6.333323249346528350e+00,7.489786031609956929e+00,5.187576167013374651e+00,-7.526232290124016400e-01,3.465082351753545065e-01,-5.599020611737441921e-01,5.552282015827793202e+02
6.386357894748790009e+00,7.294239364776280432e+00,4.900461913828134008e+00,-7.698690853532128564e-01,3.699985903204763837e-01,-5.200025332421640556e-01,5.570075424030087561e+02
6.439385624682960163e+00,7.098704173060794709e+00,4.613347013827513443e+00,-7.853797849648463947e-01,3.928071316600378338e-01,-4.784152492193214923e-01,5.587868832232381919e+02
6.492412129709131285e+00,6.903171463369973893e+00,4.326231991845400415e+00,-7.989978451931057934e-01,4.147447425508969943e-01,-4.354184675724765974e-01,5.605662240434676278e+02
6.545438644425179753e+00,6.707639339105330833e+00,4.039116771607510259e+00,-8.106060793870741854e-01,4.356390905293355820e-01,-3.913264198383361592e-01,5.623455648636970636e+02
6.598466551672212965e+00,6.512107599432433780e+00,3.752000242834812926e+00,-8.201324980873957449e-01,4.553413041451870313e-01,-3.464779680156996333e-01,5.641249056839264995e+02
6.651502520530178764e+00,6.316577157361905392e+00,3.464874071835364777e+00,-8.275524194079828533e-01,4.737312011406050183e-01,-3.012237410926859593e-01,5.659042465041559353e+02
6.704583247814429825e+00,6.121052580553303812e+00,3.177676301458110419e+00,-8.328876564780740566e-01,4.907206477674962430e-01,-2.559128709954048286e-01,5.676835873243853712e+02
6.757911560543300666e+00,5.925554757096435310e+00,2.889946479475335117e+00,-8.362029948120409673e-01,5.062548608600246913e-01,-2.108804574230878914e-01,5.694629281446148070e+02
6.812608603256053996e+00,5.730178461599156670e+00,2.598262714193777079e+00,-8.376004648425986465e-01,5.203117093967175588e-01,-1.664367338063583446e-01,5.712422689648442429e+02
6.874871381830843120e+00,5.535351553817136505e+00,2.277194969663426161e+00,-8.372121058345060041e-01,5.328992850573566198e-01,-1.228586253769353293e-01,5.730216097850736787e+02
6.903009039565286109e+00,5.460200858915844613e+00,2.136953610108935919e+00,-8.351919860094663139e-01,5.440521584196161831e-01,-8.038404956532353707e-02,5.737309341961425844e+02
6.976262890709359787e+00,5.302285101469277784e+00,1.793081597023210350e+00,-8.768079643827809688e-01,4.805462334100302768e-01,1.682590711839147476e-02,5.755102750163720202e+02
7.050142411752323923e+00,5.174521096214389715e+00,1.463672083616790687e+00,-9.066092664915205157e-01,4.043125775145845480e-01,1.207931189067496941e-01,5.772896158366014561e+02
7.122128372784040984e+00,5.053752582818384020e+00,1.136157284765464182e+00,-9.207477097006440125e-01,3.177327599832355243e-01,2.264277993411018264e-01,5.790689566568308919e+02
7.182613379349153782e+00,4.936794696409479322e+00,8.085155990546729621e-01,-9.175257804064551603e-01,2.251622013327039262e-01,3.277932662220751081e-01,5.808482974770603278e+02
7.179363927752612895e+00,4.831443515425508650e+00,4.780191058643045166e-01,-8.980512081174960581e-01,1.319243595649461642e-01,4.196426943866467529e-01,5.826276382972897636e+02
7.145532363098197060e+00,4.798224273559992703e+00,3.587697243481466347e-01,-8.657294076430799290e-01,4.290388604163330316e-02,4.986700806189284796e-01,5.832962897472845043e+02
6.945623207377744635e+00,4.743302662296976280e+00,1.061716047561819531e-01,-8.457337991790526699e-01,1.465135639036920789e-01,5.130965956994885113e-01,5.850756305675139402e+02
6.654744424343737919e+00,4.720015052585009308e+00,-9.080120836519441074e-02,-8.137804863950566236e-01,2.553389685672127762e-01,5.220759821076400575e-01,5.868549713877433760e+02
6.347370173327309573e+00,4.703323511501548815e+00,-2.802966572727087491e-01,-7.692503445711398324e-01,3.652744141441566228e-01,5.242408890470351412e-01,5.886343122079728118e+02
6.036738734845381593e+00,4.686838091451350330e+00,-4.688428210496454196e-01,-7.130187171711204197e-01,4.715382983823888652e-01,5.188987783010198251e-01,5.904136530282022477e+02
5.723981294386679686e+00,4.664730105900695811e+00,-6.576840772270670099e-01,-6.474769109799116684e-01,5.696116419960297605e-01,5.062768284747963810e-01,5.921929938484316835e+02
5.402275627892227483e+00,4.615147559293598434e+00,-8.497074750577686686e-01,-5.760487903947271171e-01,6.561516061183785276e-01,4.874760105615906780e-01,5.939723346686611194e+02
5.335698808651337721e+00,4.599890023490003976e+00,-8.888768591657004725e-01,-5.024143593103287397e-01,7.294795710168736624e-01,4.641544646212399372e-01,5.943333069756550913e+02
5.029190135619427515e+00,4.498953460744498756e+00,-1.063035529408406843e+00,-4.617390577099667048e-01,6.909236340330563442e-01,5.562567523362454969e-01,5.961126477958845271e+02
4.746957295483135830e+00,4.370341588009763356e+00,-1.217731306044937067e+00,-4.112226572522771351e-01,6.396792123758635595e-01,6.493892757172472496e-01,5.978919886161139630e+02
4.469073259296335365e+00,4.235753553315115383e+00,-1.369809663551535994e+00,-3.511722030860638943e-01,5.753742615336715494e-01,7.386626719580882128e-01,5.996713294363433988e+02
4.191801999608417262e+00,4.099890024377729425e+00,-1.521547369714918219e+00,-2.833161039733542164e-01,4.994198563848789019e-01,8.187257124812109543e-01,6.014506702565728347e+02
3.913694291126150748e+00,3.963823911606032535e+00,-1.673325282429715788e+00,-2.107049382858517950e-01,4.150833832570633986e-01,8.850475772103018057e-01,6.032300110768022705e+02
3.630204051336225035e+00,3.828061466481464503e+00,-1.825748256161065397e+00,-1.370768492089711188e-01,3.268442441939857224e-01,9.350843691604535657e-01,6.050093518970317064e+02
3.316835279890782306e+00,3.694028508486932871e+00,-1.983011850875232351e+00,-6.596597923136883479e-02,2.392965996415011565e-01,9.687030644031543458e-01,6.067886927172611422e+02
3.132310347622430768e+00,3.628176081855758905e+00,-2.064083874691851950e+00,-3.620194707002726223e-06,1.561655074799237763e-01,9.877309017442108541e-01,6.077312531025161206e+02
2.776826618171168715e+00,3.532482991629060987e+00,-2.188223724690443905e+00,4.214438309467490040e-02,1.631783167999258932e-01,9.856960423476968103e-01,6.095105939227455565e+02
2.424363886412307600e+00,3.461536722988001635e+00,-2.289193086101368735e+00,8.469247932226968423e-02,1.699670606690842911e-01,9.818036373092934310e-01,6.112899347429749923e+02
2.072494414354896453e+00,3.395891144230855474e+00,-2.387028591360133234e+00,1.274047446409719009e-01,1.764858232190104348e-01,9.760229429914426547e-01,6.130692755632044282e+02
1.720928354280388373e+00,3.331221041904431246e+00,-2.484323633432565792e+00,1.700370128086105825e-01,1.826922430057044133e-01,9.683547689874145714e-01,6.148486163834338640e+02
1.370485511105546284e+00,3.265981953205706390e+00,-2.580663521554848128e+00,2.123436888453894555e-01,1.885488380511466389e-01,9.588323594232178726e-01,6.166279572036632999e+02
1.026137620746544910e+00,3.196996120436696565e+00,-2.670317250119884633e+00,2.540847603584865388e-01,1.940241244551917932e-01,9.475207510566545643e-01,6.184072980238927357e+02
7.154083148390392166e-01,3.110341198768271642e+00,-2.710337964799555799e+00,2.950325453232904294e-01,1.990934518495734440e-01,9.345146305064904180e-01,6.201866388441221716e+02
5.978559526474521713e-01,3.054814754983897984e+00,-2.675799994187633146e+00,3.349777391928526749e-01,2.037395048402665110e-01,9.199348500914007465e-01,6.210814245471706272e+02
5.079301878445953156e-01,2.922634054252898572e+00,-2.454627381120549678e+00,3.437189344948838321e-01,2.242309843611486608e-01,9.119088549422755818e-01,6.228607653674000630e+02
5.305458421462093677e-01,2.775020987237752035e+00,-2.134140478225331261e+00,3.533648855923617882e-01,2.472358800201456264e-01,9.022237401337659390e-01,6.246401061876294989e+02
5.735186272889023495e-01,2.624033985086359433e+00,-1.800289706117705002e+00,3.640278914525285070e-01,2.731846806840822484e-01,8.904233961909144845e-01,6.264194470078589347e+02
6.201734625116243071e-01,2.472311057667626599e+00,-1.464640643153655386e+00,3.758243414136457905e-01,3.025888448148356114e-01,8.758972858701083997e-01,6.281987878280883706e+02
6.674942300951896001e-01,2.320427926185994139e+00,-1.128749564614646372e+00,3.888637158482463052e-01,3.360479920731203052e-01,8.578209355805664904e-01,6.299781286483178064e+02
7.149354345568169622e-01,2.168510005985823330e+00,-7.928258843837592273e-01,4.032264719034400202e-01,3.742467197341654561e-01,8.350735327649423390e-01,6.317574694685472423e+02
7.623984284912740383e-01,2.016584646372649559e+00,-4.568977803985341257e-01,4.189221245250689396e-01,4.179269498871771016e-01,8.061273585119187457e-01,6.335368102887766781e+02
8.098653729353939568e-01,1.864658135116579185e+00,-1.209690416945178454e-01,4.358133948084449982e-01,4.678086410785712301e-01,7.689094616648690650e-01,6.353161511090061140e+02
8.573330290812642973e-01,1.712733436797063691e+00,2.149598462737237758e-01,4.534859794213109141e-01,5.244104566820992908e-01,7.206553540984527162e-01,6.370954919292355498e+02
9.048007530158456158e-01,1.560818595549083421e+00,5.508890032228864753e-01,4.710420545463673281e-01,5.876953903772982324e-01,6.578248330505716002e-01,6.388748327494649857e+02
9.522681921774998060e-01,1.408949649926242165e+00,8.868198259340746015e-01,4.868177605374421346e-01,6.564585384500156717e-01,5.762557204239963093e-01,6.406541735696944215e+02
9.997343822200009944e-01,1.257293378518565152e+00,1.222762777438731518e+00,4.981115618404353684e-01,7.274641734405267179e-01,4.718906105458904876e-01,6.424335143899238574e+02
1.047196065417765221e+00,1.106622882393997642e+00,1.558795590573055723e+00,5.012017508450820058e-01,7.946735540163195610e-01,3.424773678608502014e-01,6.442128552101532932e+02
1.094644434305460434e+00,9.605221801610130949e-01,1.895495814762184983e+00,4.921241093754802898e-01,8.495010880286487653e-01,1.901624631980038116e-01,6.459921960303827291e+02
1.142073452364239738e+00,8.356057808443059232e-01,2.237154613190912578e+00,4.684128368170251133e-01,8.831977624829796536e-01,2.347608677112354020e-02,6.477715368506121649e+02
1.189529588443113406e+00,7.455399309471756331e-01,2.587553985246634269e+00,4.308917990570257928e-01,8.908559665924471460e-01,-1.439024123913024145e-01,6.495508776708416008e+02
1.237037143271118911e+00,6.766579888972079626e-01,2.942911640946424434e+00,3.837830509497146547e-01,8.739754137773860787e-01,-2.981233736498626885e-01,6.513302184910710366e+02
1.284563892722557110e+00,6.123455996018181136e-01,3.298936470211557115e+00,3.327541867192473912e-01,8.391427001320612700e-01,-4.302489744739499966e-01,6.531095593113004725e+02
1.332096274151071347e+00,5.490189639456038995e-01,3.655051043270486577e+00,2.826371026942829379e-01,7.943574080959083794e-01,-5.376918972643457417e-01,6.548889001315299083e+02
1.379630155852609175e+00,4.859050986612829526e-01,4.011177658112099920e+00,2.363892552298066940e-01,7.461744364308672273e-01,-6.223695288403626735e-01,6.566682409517593442e+02
1.427164413292941081e+00,4.228375860719986168e-01,4.367305856014602305e+00,1.952610827317648456e-01,6.988095497913829890e-01,-6.881412083946023550e-01,6.584475817719887800e+02
1.474698704710082131e+00,3.597820471205113724e-01,4.723434203632769446e+00,1.594073413179386278e-01,6.544868652811873799e-01,-7.390779679494923204e-01,6.602269225922182159e+02
1.522232654370190952e+00,2.967381311715634462e-01,5.079562299059179331e+00,1.284326700674397748e-01,6.141167761068393460e-01,-7.786948276208660591e-01,6.620062634124476517e+02
1.569764649641377074e+00,2.337385323434701678e-01,5.435688510596377476e+00,1.017362268268099390e-01,5.778662245501197114e-01,-8.097656245329473146e-01,6.637856042326770876e+02
1.617286286021548891e+00,1.709422479917463988e-01,5.791800875295993301e+00,7.869086861824377277e-02,5.455315248356379376e-01,-8.343878610134558560e-01,6.655649450529065234e+02
1.664753042182569809e+00,1.090880797754999881e-01,6.147810500837818104e+00,5.872166608507023433e-02,5.167526226286820457e-01,-8.541185473566139663e-01,6.673442858731359593e+02
1.711927685384435405e+00,5.160189888563555122e-02,6.503056772698055710e+00,4.133198272467664136e-02,4.911259985223209168e-01,-8.701074191038140615e-01,6.691236266933653951e+02
1.757539978753881238e+00,1.436844132862347655e-02,6.852630281841892490e+00,2.610526254707505600e-02,4.682594245955095658e-01,-8.832053139247015849e-01,6.709029675135948310e+02
1.794759258345899555e+00,7.104184502914433208e-02,7.160046410668548411e+00,1.269706640660146074e-02,4.477954619303023409e-01,-8.940458650311478017e-01,6.726823083338242668e+02
1.800315569905909241e+00,9.874612022414479273e-02,7.209604264585292022e+00,8.242578295552722457e-04,4.294190013449196153e-01,-9.031050004750070803e-01,6.730246356580818201e+02
1.816380713011924497e+00,3.389203185762941772e-01,7.378431561125769811e+00,7.916742417101015018e-04,3.725197844095921584e-01,-9.280239132023085924e-01,6.748039764783112560e+02
1.819053371978486933e+00,6.837975413116514911e-01,7.460911633684714772e+00,7.552778303168953709e-04,3.129792764771740510e-01,-9.497596548870791411e-01,6.765833172985406918e+02
1.819303195568886977e+00,1.051310894179094957e+00,7.531669197941416094e+00,7.153399055184490180e-04,2.514208464927762399e-01,-9.678775987890593235e-01,6.783626581187701277e+02
1.818859641053546028e+00,1.423921238587772198e+00,7.600080100014555029e+00,6.722726029420672761e-04,1.885656348962732598e-01,-9.820603593393395503e-01,6.801419989389995635e+02
1.816828352853925965e+00,1.798622901187008294e+00,7.662458503780246843e+00,6.266090419613109218e-04,1.251917106435937455e-01,-9.921323716859757891e-01,6.819213397592289994e+02
1.806428560056946520e+00,2.178388140417961250e+00,7.681541051368257378e+00,5.789708203358195047e-04,6.208663077780522677e-02,-9.980705962362830252e-01,6.837006805794584352e+02
1.801647720705092270e+00,2.273522600847461828e+00,7.672844919339277148e+00,5.300273656876602468e-04,0.000000000000000000e+00,-9.999998595354860909e-01,6.841449165917065329e+02
1.773082868151096170e+00,2.620681144549857233e+00,7.571285594824625598e+00,4.416894815879876340e-04,0.000000000000000000e+00,-9.999999024551960991e-01,6.859242574119359688e+02
1.735361141934710361e+00,2.930143321252866251e+00,7.411923768692025405e+00,3.533515906582650407e-04,0.000000000000000000e+00,-9.999999375713246597e-01,6.877035982321654046e+02
1.696204311152666788e+00,3.232367838231215984e+00,7.244842704683978063e+00,2.650136949665482630e-04,0.000000000000000000e+00,-9.999999648838701072e-01,6.894829390523948405e+02
1.658117881092943557e+00,3.537154937342718686e+00,7.077159565330676472e+00,1.766757965808939915e-04,0.000000000000000000e+00,-9.999999843928314425e-01,6.912622798726242763e+02
1.627645297798504753e+00,3.861595830764934512e+00,6.912640474386607892e+00,8.833789756935897085e-05,0.000000000000000000e+00,-9.999999960982078884e-01,6.930416206928537122e+02
1.621923723597620492e+00,4.100351454763512038e+00,6.820420713050573625e+00,-0.000000000000000000e+00,-0.000000000000000000e+00,-1.000000000000000000e+00,6.942648291539003367e+02
1.649107022842375647e+00,4.449638495253574355e+00,6.751213268000096690e+00,8.802880121285042599e-08,-5.038474830357331929e-02,-9.987298819692830287e-01,6.960441699741297725e+02
1.699738235942671594e+00,4.793458515307770007e+00,6.724511914694201842e+00,1.777573790615404574e-07,-1.017423920321563618e-01,-9.948107788235627247e-01,6.978235107943592084e+02
1.754609874491863009e+00,5.136091311291241190e+00,6.703530188559926550e+00,2.685031460049778860e-07,-1.536822408550932995e-01,-9.881203210367069945e-01,6.996028516145886442e+02
1.810248697831868148e+00,5.478472961124302820e+00,6.683318027702920716e+00,3.595231940865533983e-07,-2.057790790487714072e-01,-9.785984726258825095e-01,7.013821924348180801e+02
1.866028672456705451e+00,5.820830919562759220e+00,6.663209084593725073e+00,4.500422980679895842e-07,-2.575891935559750379e-01,-9.662545251448916295e-01,7.031615332550475159e+02
1.921848036474247845e+00,6.163326430698898406e+00,6.643111746278261620e+00,5.392847833306572392e-07,-3.086686141091707913e-01,-9.511696413698415009e-01,7.049408740752769518e+02
1.977752874647181969e+00,6.506513111333514843e+00,6.622999194564931358e+00,6.265073227099016381e-07,-3.585918850440498740e-01,-9.334944348951216275e-01,7.067202148955063876e+02
2.034114081097083471e+00,6.852914820816786268e+00,6.602760124432975886e+00,7.110294860813456262e-07,-4.069695508632912850e-01,-9.134417248350468199e-01,7.084995557157358235e+02
2.093031209763637435e+00,7.214219122016159780e+00,6.581579205761932450e+00,7.922591669540661684e-07,-4.534627095700141108e-01,-8.912752498688569780e-01,7.102788965359652593e+02
2.144509832565153928e+00,7.526865420558451980e+00,6.563017776913212309e+00,8.697107866803648843e-07,-4.977934321499777326e-01,-8.672956237106175248e-01,7.117363280917875272e+02
