8.267978585935477076e-01,1.781870573729147367e+00,1.103999934846032538e+00,1.216260790824890137e-01,4.262311458587646484e-01,-8.964006304740905762e-01,0.000000000000000000e+00
8.095159814046758440e-01,2.056168546993003776e+00,7.120785600834564910e-01,1.080556525279443569e-01,4.226136010905737206e-01,-8.998453867915406912e-01,1.504803737921317941e+00
7.958632526571561838e-01,2.330955411072276995e+00,3.308296458697360665e-01,9.426863529895083971e-02,4.188541962284918485e-01,-9.031470460011798984e-01,3.009607475842635882e+00
7.885082072789240115e-01,2.606641562107947507e+00,-2.902611277563213465e-02,8.026896304544768601e-02,4.149504580562334843e-01,-9.062963151919632976e-01,4.514411213763954045e+00
7.901490538333745262e-01,2.883622610893055604e+00,-3.566782760376328021e-01,6.606121916593843402e-02,4.109001095824488803e-01,-9.092837924803461869e-01,6.019214951685271764e+00
8.035250176388892829e-01,3.162280691034622393e+00,-6.411813092439224704e-01,5.165065702267129105e-02,4.067010964975623644e-01,-9.121000097230603787e-01,7.524018689606589483e+00
8.302668181695477267e-01,3.441890607043773365e+00,-8.779806572783824814e-01,3.704321824806761088e-02,4.023516103137661504e-01,-9.147354708656187938e-01,9.028822427527908090e+00
8.697317220630218504e-01,3.719532176795404599e+00,-1.075465629310316862e+00,2.224554773078179018e-02,3.978501115773634966e-01,-9.171806933881877510e-01,1.053362616544922581e+01
9.203707012252043684e-01,3.992116032344768861e+00,-1.245080088671844054e+00,7.265004844571744391e-03,3.931953529242736001e-01,-9.194262526942355018e-01,1.203842990337054353e+01
9.811115722260014271e-01,4.258396232562277284e+00,-1.391445956661768069e+00,-7.890329507911518145e-03,3.883864017285034165e-01,-9.214628292300466317e-01,1.354323364129186125e+01
1.051143011617834189e+00,4.518035470128237918e+00,-1.515735113892204167e+00,-2.321165044650260259e-02,3.834226620746660763e-01,-9.232812580633952271e-01,1.504803737921317897e+01
1.129690544814035524e+00,4.770675845572301732e+00,-1.619026828632007087e+00,-3.868943164280690128e-02,3.783038957698958149e-01,-9.248725805885242846e-01,1.655284111713449846e+01
1.216013103069864210e+00,5.015937226511661073e+00,-1.702312284361554795e+00,-5.431343317275916932e-02,3.730302420985181500e-01,-9.262280979634061051e-01,1.805764485505581618e+01
1.220110675358201613e+00,5.026687070509260558e+00,-1.705425013041784510e+00,-7.007271499018884187e-02,3.676022360153097801e-01,-9.273394258255432954e-01,1.812466497913372621e+01
1.317430616650659525e+00,5.263918375190926646e+00,-1.762358101648829223e+00,-8.595565626126983050e-02,3.620208244707960876e-01,-9.281985497759515091e-01,1.962946871705504392e+01
1.421099976437349754e+00,5.492864564168282726e+00,-1.801014284440540347e+00,-1.019499807320062429e-01,3.562873805653932746e-01,-9.287978810691775999e-01,2.113427245497636164e+01
1.530474454538415685e+00,5.713067187711329709e+00,-1.822113577146451391e+00,-1.180427882240089321e-01,3.504037152388049248e-01,-9.291303119020195567e-01,2.263907619289767936e+01
1.644930464083009802e+00,5.924037887826910875e+00,-1.826302343904940173e+00,-1.342205922688001762e-01,3.443720862172792163e-01,-9.291892696568182508e-01,2.414387993081899708e+01
1.763862258675714223e+00,6.125256354697345529e+00,-1.814156008776642182e+00,-1.504693637991606214e-01,3.381952039643199570e-01,-9.289687694284495256e-01,2.564868366874031480e+01
1.886679119842987307e+00,6.316168177382145643e+00,-1.786181469662359689e+00,-1.667745807193588004e-01,3.318762344102070827e-01,-9.284634641490118190e-01,2.715348740666163252e+01
2.012802592018477110e+00,6.496182579999786988e+00,-1.742819224751928076e+00,-1.831212830765475974e-01,3.254187982720038175e-01,-9.276686916219625267e-01,2.865829114458295024e+01
2.141663752461944625e+00,6.664670034244640995e+00,-1.684445220424735989e+00,-1.994941334555087875e-01,3.188269668181614724e-01,-9.265805177891269784e-01,3.016309488250426796e+01
2.272700503585791232e+00,6.820959738695351326e+00,-1.611372428353859521e+00,-2.158774821207960493e-01,3.121052539796953518e-01,-9.251957755802040495e-01,3.166789862042558568e+01
2.405354875186190178e+00,6.964336954934307933e+00,-1.523852158430226256e+00,-2.322554363368238839e-01,3.052586047623070398e-01,-9.235120987353446775e-01,3.317270235834690340e+01
2.539070324043111615e+00,7.094040190022893100e+00,-1.422075113014606318e+00,-2.486119332102214863e-01,2.982923799696579614e-01,-9.215279500468304130e-01,3.467750609626822467e+01
2.673289018263768302e+00,7.209258214361504713e+00,-1.306172186939753121e+00,-2.649308153224155249e-01,2.912123373059793408e-01,-9.192426435350944391e-01,3.618230983418954594e+01
2.807449093596567025e+00,7.309126903405126718e+00,-1.176215016618722631e+00,-2.811959083563071449e-01,2.840246089849327582e-01,-9.166563601560987484e-01,3.768711357211086721e+01
2.940981868736767701e+00,7.392725891103473224e+00,-1.032216280562595623e+00,-2.973910998711786768e-01,2.767356760295924811e-01,-9.137701567297188410e-01,3.919191731003218848e+01
3.068869882187896803e+00,7.456908728368977890e+00,-8.794354482642645632e-01,-3.135004183463324656e-01,2.693523395040891000e-01,-9.105859678802153967e-01,4.064628975836780000e+01
3.199391918487766606e+00,7.505096468209317528e+00,-7.071841970413192957e-01,-3.295081115976730701e-01,2.618816889693195704e-01,-9.071066008876311759e-01,4.215109349628912128e+01
3.327511230944544263e+00,7.533906926420021577e+00,-5.206001541927283149e-01,-3.453987236732450339e-01,2.543310685017651229e-01,-9.033357234603555108e-01,4.365589723421044255e+01
3.452602902332778445e+00,7.542157700385540231e+00,-3.194584456430524799e-01,-3.611571693537755090e-01,2.467080406545875126e-01,-8.992778445512502605e-01,4.516070097213176382e+01
3.573787949355586857e+00,7.529134170202874898e+00,-1.029910021997445801e-01,-3.767688054221454141e-01,2.390203487727138865e-01,-8.949382884497341095e-01,4.666550471005308509e+01
3.689709460086513015e+00,7.495130049219880242e+00,1.289698013850852920e-01,-3.922194979204199905e-01,2.312758780977143824e-01,-8.903231624871863481e-01,4.817030844797440636e+01
3.799117846496929740e+00,7.440770977134725683e+00,3.738309290353366565e-01,-4.074956846831083723e-01,2.234826161133544875e-01,-8.854393187902690476e-01,4.967511218589572763e+01
3.869056822825894137e+00,7.390477718638532423e+00,5.472369451878605906e-01,-4.225844325186900452e-01,2.156486125884777005e-01,-8.802943106038579879e-01,5.070340526806605652e+01
3.964074521830857289e+00,7.297736881262456343e+00,8.061828099072436693e-01,-4.374734885057767197e-01,2.077819397703546400e-01,-8.748963437801386966e-01,5.220820900598737779e+01
4.051419443396962805e+00,7.185050533769837600e+00,1.066347853179788752e+00,-4.521513249729201545e-01,1.998906531691307942e-01,-8.692542240914628016e-01,5.371301274390869906e+01
4.130766021821580480e+00,7.052346652051847187e+00,1.323478950613053762e+00,-4.666071778391676639e-01,1.919827533530849561e-01,-8.633773010705897422e-01,5.521781648183002034e+01
4.201595819196121795e+00,6.899782003424176580e+00,1.573869201987427413e+00,-4.808310781031354675e-01,1.840661491459021082e-01,-8.572754091123662157e-01,5.672262021975134161e+01
4.263039632231558684e+00,6.728049267499261354e+00,1.814901332385406629e+00,-4.948138763787268135e-01,1.761486225820701745e-01,-8.509588065855465677e-01,5.822742395767266288e+01
4.284642510307570262e+00,6.649059194960200259e+00,1.911644875430668078e+00,-5.085472604829829324e-01,1.682377959360125130e-01,-8.444381137027422435e-01,5.886060462521210468e+01
4.325071674430356339e+00,6.446482952208297590e+00,2.128984739844493657e+00,-5.220237661834351561e-01,1.603411010959301386e-01,-8.377242498811926508e-01,6.036540836313342595e+01
4.353832070781190389e+00,6.228764617089352029e+00,2.332452924789372162e+00,-5.352367813065821434e-01,1.524657515058647494e-01,-8.308283712983818292e-01,6.187021210105474722e+01
4.371096613176732149e+00,5.998377868216458353e+00,2.521146042476357874e+00,-5.481805434939609478e-01,1.446187168505385368e-01,-8.237618093060452562e-01,6.337501583897606849e+01
4.377440791004945986e+00,5.757941795852923761e+00,2.694750247248486108e+00,-5.608501319663315998e-01,1.368067006083219239e-01,-8.165360103155361315e-01,6.487981957689738977e+01
4.373388194646129712e+00,5.510428574275215929e+00,2.853758313362707355e+00,-5.732414537188096348e-01,1.290361205494310881e-01,-8.091624777088334275e-01,6.638462331481871104e+01
4.359427965926577997e+00,5.258977317634354165e+00,2.999036743042247544e+00,-5.853512246198078195e-01,1.213130922101934156e-01,-8.016527162646506222e-01,6.788942705274003231e+01
4.336030248310106749e+00,5.006708447816953012e+00,3.131394442327541494e+00,-5.971769459242565192e-01,1.136434153308635703e-01,-7.940181795201634030e-01,6.939423079066135358e+01
4.303648089430542001e+00,4.756736035621813130e+00,3.251586114455600640e+00,-6.087168767369843803e-01,1.060325632047580402e-01,-7.862702204177645093e-01,7.089903452858267485e+01
4.262719361651723382e+00,4.512180104042025519e+00,3.360315425857753002e+00,-6.199700029758935527e-01,9.848567485096804131e-02,-7.784200455147721742e-01,7.240383826650399612e+01
4.213668708700771148e+00,4.276178941675641276e+00,3.458237958057670092e+00,-6.309360033874734652e-01,9.100754989201320644e-02,-7.704786729638237741e-01,7.390864200442531740e+01
4.156909526883426409e+00,4.051901474272123771e+00,3.545963957852276138e+00,-6.416152131602670394e-01,8.360264599172427535e-02,-7.624568944041935081e-01,7.541344574234663867e+01
4.092845989889594804e+00,3.842559742590811123e+00,3.624060897312648244e+00,-6.520085856663149215e-01,7.627507868748120701e-02,-7.543652408406886778e-01,7.691824948026795994e+01
4.021875126738539308e+00,3.651421535099753868e+00,3.693055854344742261e+00,-6.621176528375990467e-01,6.902862343460193506e-02,-7.462139525280617747e-01,7.842305321818928121e+01
3.957573281110644992e+00,3.510170287484770668e+00,3.743177517750805983e+00,-6.719444846554137873e-01,6.186671966900760683e-02,-7.380129528257393101e-01,7.967259265405454016e+01
3.874049063114212821e+00,3.364268658639975484e+00,3.795300694847070222e+00,-6.814916481966857287e-01,5.479247668699065849e-02,-7.297718259405950869e-01,8.117739639197586143e+01
3.784773997223862096e+00,3.246348790601978340e+00,3.839569060737537232e+00,-6.297136170535573285e-01,6.972613178488686059e-02,-7.736918165805053427e-01,8.268220012989718271e+01
3.690074172201172509e+00,3.160103005851336189e+00,3.876375026898221332e+00,-5.723370176578114199e-01,8.497591883916866262e-02,-8.156037220586974668e-01,8.418700386781850398e+01
3.591158073827653396e+00,3.108603156405564061e+00,3.906426897436567902e+00,-5.097592289255528097e-01,1.002890814977382000e-01,-8.544516537859622174e-01,8.569180760573982525e+01
3.491176385243704772e+00,3.093330556408779852e+00,3.931077288751920307e+00,-4.426900142914617642e-01,1.153814806466961496e-01,-8.892202568376417204e-01,8.719661134366114652e+01
3.394284555139445381e+00,3.114987914899133958e+00,3.951988855973694204e+00,-3.721310063995036388e-01,1.299598205280385610e-01,-9.190369737526411509e-01,8.870141508158246779e+01
3.304656737971780167e+00,3.174394128449364416e+00,3.970808569781000053e+00,-2.993093906591772213e-01,1.437479867229810582e-01,-9.432658188317446513e-01,9.020621881950378906e+01
3.247625237819951494e+00,3.243653732480843210e+00,3.983655940216356051e+00,-2.255741914617515054e-01,1.565124148125745240e-01,-9.615717072355621786e-01,9.129084114385598525e+01
3.180517573119039820e+00,3.375020230431408752e+00,4.000438380107623537e+00,-1.522748281310200291e-01,1.680812670722545699e-01,-9.739409963529894743e-01,9.279564488177730652e+01
3.126177929718554793e+00,3.540513494136899197e+00,4.015485659539951513e+00,-8.064647613925411684e-02,1.783538947750006876e-01,-9.806559203435774030e-01,9.430044861969862779e+01
3.085354800326490565e+00,3.737716125229431086e+00,4.028052702365529925e+00,-1.172313510397501000e-02,1.872998695120954571e-01,-9.822328272787903547e-01,9.580525235761994907e+01
3.058836667157861289e+00,3.964329642678603438e+00,4.037384028475081266e+00,-8.266509269162539489e-03,9.007042320495289855e-02,-9.959010913178996116e-01,9.731005609554127034e+01
3.047137297550619905e+00,4.217998451486106859e+00,4.042893776981359544e+00,-4.730092251022989698e-03,-8.028414844100014922e-03,-9.999565844487389166e-01,9.881485983346259161e+01
3.047994295595559233e+00,4.303474124462437267e+00,4.043412912092752443e+00,-9.551403845663906933e-02,-8.026584320019092625e-03,-9.953957215107251955e-01,9.928483871357509827e+01
3.065192889846741320e+00,4.595281679278452103e+00,4.041904592194131673e+00,-2.022083382890838832e-01,-7.938342415855696374e-03,-9.793103546098427259e-01,1.007896424514964195e+02
3.080721031591492132e+00,4.746284967967866031e+00,4.040184874016233607e+00,-3.245644573463517535e-01,-7.716488719528638573e-03,-9.458321039324629753e-01,1.015205325742305291e+02
3.127034987778342767e+00,5.073731567000703713e+00,4.035008883265609470e+00,-4.588876275041088304e-01,-7.307459019249416821e-03,-8.884642628526665531e-01,1.030253363121518504e+02
3.186343044617041542e+00,5.415939749285135996e+00,4.027074307062031622e+00,-5.966716924959724055e-01,-6.669873782767034992e-03,-8.024577273337916150e-01,1.045301400500731717e+02
3.256379706933833162e+00,5.768553443862431074e+00,4.014613501884619851e+00,-7.253946834780004016e-01,-5.802918916891413280e-03,-6.883087093113784416e-01,1.060349437879944929e+02
3.334893141250508730e+00,6.127272734572323465e+00,3.995839836568006120e+00,-8.326457321015283686e-01,-4.764195569291222385e-03,-5.537855065399304166e-01,1.075397475259158142e+02
3.419635973114148353e+00,6.487836961740950592e+00,3.968940197349086763e+00,-9.113172673210194752e-01,-3.653729523962856267e-03,-4.116885819926457413e-01,1.090445512638371355e+02
3.508355979962743287e+00,6.846008040651889281e+00,3.932067381821072072e+00,-9.615698701382725533e-01,-2.572162919849306333e-03,-2.745482996126169528e-01,1.105493550017584568e+02
3.598786641386581220e+00,7.197553932324863624e+00,3.883332349878651168e+00,-9.885919802884124419e-01,-1.587668492582520758e-03,-1.506100123437772442e-01,1.120541587396797780e+02
3.688637507589657805e+00,7.538232202983335739e+00,3.820796299152684483e+00,-9.990651882249126370e-01,-7.296894882064368110e-04,-4.322287855257597039e-02,1.135589624776010993e+02
3.775584345718817403e+00,7.863773609180476853e+00,3.742462531729094710e+00,-9.988630243651323015e-01,0.000000000000000000e+00,4.767240875119570925e-02,1.150637662155224206e+02
3.857547452961759049e+00,8.171017657176591342e+00,3.647290311844947119e+00,-9.947032700648114067e-01,-1.541475944858275654e-03,1.027765944866945447e-01,1.165685699534437418e+02
3.932982198531935314e+00,8.459049914900889533e+00,3.536212733783333562e+00,-9.865808186356793685e-01,-3.237646680390261333e-03,1.632415570378014935e-01,1.180733736913650631e+02
4.000600538123615380e+00,8.728042734101119748e+00,3.411118402309310405e+00,-9.733886858962188526e-01,-5.091002112824630568e-03,2.291037927811743757e-01,1.195781774292863844e+02
4.059082283332859475e+00,8.978102814560681821e+00,3.273837121542309880e+00,-9.538857599942265342e-01,-7.095464132509703842e-03,3.000860064531185589e-01,1.210829811672077057e+02
4.059730713859663886e+00,8.981050891586216167e+00,3.272083011549164588e+00,-9.267862743496320110e-01,-9.232881746429383654e-03,3.754756391189514320e-01,1.211014199302683068e+02
4.106397603764864179e+00,9.212176094475884369e+00,3.123946692322298269e+00,-8.909170407871702668e-01,-1.146993284601982230e-02,4.540212187503349095e-01,1.226062236681896280e+02
4.141142014780901270e+00,9.424380329565604342e+00,2.967164016646815394e+00,-8.454400685577525554e-01,-1.375673375274018111e-02,5.338931004925223656e-01,1.241110274061109493e+02
4.162504435594919450e+00,9.617576426903601927e+00,2.803431854160591818e+00,-7.901051350292201958e-01,-1.602868512323596742e-02,6.127617455860621121e-01,1.256158311440322706e+02
4.168967697175697040e+00,9.791612942575170564e+00,2.634417921222223402e+00,-7.254580536952029979e-01,-1.821254035585138237e-02,6.880253743159145952e-01,1.271206348819535918e+02
4.159735556749495800e+00,9.946247400926237603e+00,2.461709962955110242e+00,-6.529122473106464541e-01,-2.023615591948626363e-02,7.571631893491411747e-01,1.286254386198748989e+02
4.135514056346073275e+00,1.008111207087785921e+01,2.286764599727928893e+00,-5.746219137577066594e-01,-2.203944194368476564e-02,8.181221908909707130e-01,1.301302423577962202e+02
4.097728060347022527e+00,1.019572885115295158e+01,2.110971251676614813e+00,-4.931733697098011349e-01,-2.358297197466302161e-02,8.696113332069229651e-01,1.316350460957175414e+02
4.047741037967225175e+00,1.028953084548621710e+01,1.935715781443527295e+00,-4.111924763699981167e-01,-2.485152092502979776e-02,9.112097175098723412e-01,1.331398498336388627e+02
3.987101224793744958e+00,1.036185205858033953e+01,1.762321602938393461e+00,-3.309950941257248092e-01,-2.585206858881053393e-02,9.432782824884616835e-01,1.346446535715601840e+02
3.917988018275071926e+00,1.041190395829108262e+01,1.591725393972939884e+00,-2.543695326559703429e-01,-2.660799014727461761e-02,9.667409972255783801e-01,1.361494573094815053e+02
3.843178786731372476e+00,1.043876556920801235e+01,1.424280596587944814e+00,-1.825103760115667773e-01,-2.715201088249329792e-02,9.828289428751849632e-01,1.376542610474028265e+02
3.765619080270213637e+00,1.044139529937887545e+01,1.260088738920647655e+00,-1.160683298720909945e-01,-2.751999637263182613e-02,9.928599058277828293e-01,1.391590647853241478e+02
3.758746909030425076e+00,1.044042885297033685e+01,1.245886919762186240e+00,-5.526129193392820271e-02,-2.774656658194619638e-02,9.980863277576277337e-01,1.392915274688079137e+02
3.681783837189198216e+00,1.041517840753822988e+01,1.087503816007579172e+00,0.000000000000000000e+00,-2.786260007479053613e-02,9.996117623943168162e-01,1.407963312067292350e+02
3.607364052192538306e+00,1.036391978635699473e+01,9.329267641301582925e-01,0.000000000000000000e+00,-3.471919355421532183e-02,9.993971070595236705e-01,1.423011349446505562e+02
3.535914969539350583e+00,1.028756922907056470e+01,7.830096249799691766e-01,0.000000000000000000e+00,-4.157770905377086712e-02,9.991352731786822261e-01,1.438059386825718775e+02
3.467051671423733161e+00,1.018771629398603729e+01,6.388585897297304195e-01,0.000000000000000000e+00,-4.843717711878486876e-02,9.988262310696308655e-01,1.453107424204931988e+02
3.400411578573234728e+00,1.006586106085343424e+01,5.016040384870197322e-01,0.000000000000000000e+00,-5.529662665417265505e-02,9.984699710460345212e-01,1.468155461584145201e+02
3.335652275525579302e+00,9.923419859690028488e+00,3.724052822681215291e-01,0.000000000000000000e+00,-6.215508560963305118e-02,9.980665034619983222e-01,1.483203498963358413e+02
3.272449462396814113e+00,9.761730686067050300e+00,2.524554263373524621e-01,0.000000000000000000e+00,-6.901158166710423536e-02,9.976158587331120930e-01,1.498251536342571626e+02
3.210495022222293215e+00,9.582058323237600206e+00,1.429863753133862880e-01,0.000000000000000000e+00,-7.586514292934731785e-02,9.971180873338472139e-01,1.513299573721784839e+02
3.149495193588128128e+00,9.385599190409926962e+00,4.527400103964102779e-02,0.000000000000000000e+00,-8.271479860852098964e-02,9.965732597712784191e-01,1.528347611100998051e+02
3.093608192133381340e+00,9.189055842799243479e+00,-3.319432703790441835e-02,0.000000000000000000e+00,-8.955957971360946346e-02,9.959814665351568452e-01,1.542296199443074727e+02
3.034258507106987413e+00,8.963567194240798841e+00,-1.036033755145140678e-01,0.000000000000000000e+00,-9.639851973556823328e-02,9.953428180244188184e-01,1.557344236822287940e+02
3.020034879476789502e+00,8.905615489851459898e+00,-1.174672214621196031e-01,0.000000000000000000e+00,-1.032306553290576467e-01,9.946574444502656043e-01,1.561077779158225098e+02
2.965401771302308198e+00,8.666566907154670929e+00,-1.592266391504492951e-01,0.000000000000000000e+00,-1.100550269896437006e-01,9.939254957160063020e-01,1.576125816537438311e+02
2.913701674556464116e+00,8.422393766625795308e+00,-1.878615915425334570e-01,0.000000000000000000e+00,-1.168706797253571267e-01,9.931471412739065752e-01,1.591173853916651524e+02
2.865584881638107984e+00,8.176315945130770757e+00,-2.050027305574684267e-01,0.000000000000000000e+00,0.000000000000000000e+00,1.000000000000000000e+00,1.606221891295864737e+02
2.821748506674796708e+00,7.931467408691260879e+00,-2.118934301475047244e-01,-1.177652196089313680e-01,0.000000000000000000e+00,9.930414659270077049e-01,1.621269928675077949e+02
2.782946639732901684e+00,7.690834256041720884e+00,-2.090559411076526597e-01,1.166485428797343071e-01,-1.371546479450316434e-03,9.931723094731795820e-01,1.636317966054291162e+02
2.749984533348288185e+00,7.457339897652731864e+00,-1.966326430981813200e-01,7.546852309089520372e-02,2.603097318258448811e-02,9.968083519200903186e-01,1.651366003433504375e+02
2.723713813367150571e+00,7.233930043918045172e+00,-1.747257031006044237e-01,2.912047605846248069e-02,5.664972151162785130e-02,9.979693416767789760e-01,1.666414040812717587e+02
2.705036296964151266e+00,7.023583910214371784e+00,-1.433975040142633495e-01,-2.291458252377510593e-02,9.074716152632113231e-02,9.956103025695730580e-01,1.681462078191930800e+02
2.694908106319903851e+00,6.829325526124836898e+00,-1.026709063643105463e-01,-8.102623991084541288e-02,1.284785162666903513e-01,9.883966912651113157e-01,1.696510115571144013e+02
2.694344183984322960e+00,6.654234647586417140e+00,-5.265103026534446312e-02,-1.453404396753903982e-01,1.698031189718766376e-01,9.747015222017388902e-01,1.711558152950357226e+02
2.704423137319200698e+00,6.501457855130180263e+00,6.352617552859015151e-03,-2.155402289156066742e-01,2.143715305649538105e-01,9.526737409009692348e-01,1.726606190329570438e+02
2.726292261450141030e+00,6.374220966648231901e+00,7.394653143005783247e-02,-2.906660841801071982e-01,2.614080728076818572e-01,9.204232977159891860e-01,1.741654227708783651e+02
2.761172947185619897e+00,6.275841725099176927e+00,1.497732420709241563e-01,-3.689596966889253649e-01,3.096332046906717372e-01,8.763538216794634073e-01,1.756702265087996864e+02
2.778475514783980582e+00,6.250324879760355223e+00,1.793269519609649032e-01,-4.478535183812984988e-01,3.572910831443719681e-01,8.196159515157165343e-01,1.762017060585141053e+02
2.842486101467907478e+00,6.206611539894145047e+00,2.706176110643674360e-01,-5.242054351155249758e-01,4.023381570493663739e-01,7.505549075034165796e-01,1.777065097964354266e+02
2.921661487603464114e+00,6.198159364813852434e+00,3.696091948565561336e-01,-5.947918103975918802e-01,4.427855650978294033e-01,6.709423564099608051e-01,1.792113135343567478e+02
3.014282670081255056e+00,6.222982218803540633e+00,4.767714803639184207e-01,-6.569211656766326124e-01,4.770910361323587590e-01,5.838139475279832125e-01,1.807161172722780691e+02
3.117584938764712987e+00,6.277322525243812734e+00,5.928403599151775838e-01,-7.089245183548331664e-01,5.044398626527153429e-01,4.929162730548438121e-01,1.822209210101993904e+02
3.228821744971022145e+00,6.357557088607018514e+00,7.185890891997659402e-01,-7.503273232504878987e-01,5.248031774900430158e-01,4.019832495019068919e-01,1.837257247481207116e+02
3.345253984507100764e+00,6.460182820380034663e+00,8.548315310916603238e-01,-7.816853947734471175e-01,5.387840600026375659e-01,3.141332206006782202e-01,1.852305284860420329e+02
3.464139209387834928e+00,6.581803008550010325e+00,1.002425569820920348e+00,-8.042255912339807411e-01,5.473575194215591910e-01,2.315619665165931929e-01,1.867353322239633542e+02
3.582720726267267342e+00,6.719114077519583006e+00,1.162276709814104247e+00,-8.194671353528769631e-01,5.516199528793067630e-01,1.555282664404809834e-01,1.882401359618846755e+02
3.698216538532930198e+00,6.868892787399645705e+00,1.334440099017671910e+00,-8.289348992309820696e-01,5.526129613617429825e-01,8.652079387018123124e-02,1.897449396998059967e+02
3.807809093806223899e+00,7.028394258362319569e+00,1.517387209704125217e+00,-8.339931998858211015e-01,5.512311608172275612e-01,2.448570783744718690e-02,1.912497434377273180e+02
3.908638824352561603e+00,7.195751925862278853e+00,1.709069426294134386e+00,-8.357781309719239937e-01,5.481935739480070513e-01,-3.096322449597641371e-02,1.927545471756486393e+02
3.997797446213934514e+00,7.369560102783526467e+00,1.907643001907746383e+00,-8.351919860094663139e-01,5.440521584196161831e-01,-8.038404956532353707e-02,1.942593509135699605e+02
4.072316979420278926e+00,7.548458406907597507e+00,2.111293099054062150e+00,-8.928223883456731791e-01,4.497149011032803290e-01,-2.499381112185091250e-02,1.957641546514912818e+02
4.129157471563916104e+00,7.731126882905654085e+00,2.318226176335739908e+00,-9.386830009386948337e-01,3.431360831232216912e-01,3.364301127395964014e-02,1.972689583894126031e+02
4.165902543998718954e+00,7.916222018719976994e+00,2.526517243637765642e+00,-9.690584585963900599e-01,2.287573884080899289e-01,9.271332736720729051e-02,1.987737621273339244e+02
4.182416006834174915e+00,8.102687281905847527e+00,2.733760107979513965e+00,-9.823952061691577642e-01,1.124287247904297155e-01,1.491959809708554296e-01,2.002785658652552456e+02
4.181567496313545185e+00,8.184862221275475136e+00,2.823101027324579348e+00,-9.796754793915599668e-01,0.000000000000000000e+00,2.005890203349053880e-01,2.009386521292505563e+02
4.163192643875337495e+00,8.372842111723871383e+00,3.020962952696226278e+00,-9.958132143540721071e-01,1.036655380873300128e-02,9.082167516590655687e-02,2.024434558671718776e+02
4.130226559868888536e+00,8.561069497634276715e+00,3.210610025715129101e+00,-9.991423326693117390e-01,2.197340252017765741e-02,-3.509656179474835574e-02,2.039482596050931988e+02
4.095592722413932130e+00,8.701727040873876717e+00,3.345201908623444798e+00,-9.841909766051635255e-01,3.440347647937001124e-02,-1.737369344011452654e-01,2.050773738839151292e+02
4.037192747286005634e+00,8.886428013119591185e+00,3.513370019393746269e+00,-9.469155687403778554e-01,4.693346577404285819e-02,-3.180379780270327639e-01,2.065821776218364505e+02
3.967342007074781574e+00,9.065661424185931239e+00,3.669951206780699859e+00,-8.868509247929241557e-01,5.866683236045475841e-02,-4.583160917693435699e-01,2.080869813597577718e+02
3.886723844158680219e+00,9.236570834019559584e+00,3.814547953874102060e+00,-8.080750610773754783e-01,6.880695343904123795e-02,-5.850472620423359249e-01,2.095917850976790930e+02
3.795954762067754729e+00,9.396262772855020984e+00,3.946712468716366384e+00,-7.179304962093472353e-01,7.690690964185771528e-02,-6.918534020021435138e-01,2.110965888356004143e+02
3.695586728855068337e+00,9.541795859317341311e+00,4.065944805803592743e+00,-6.243389554850579115e-01,8.293243157366098073e-02,-7.767387465918685896e-01,2.126013925735217356e+02
3.615338328590852246e+00,9.636340062136374840e+00,4.143436080985603454e+00,-5.335785543036569711e-01,8.714309002340615840e-02,-8.412490762243913789e-01,2.137037059260192962e+02
3.496975457894870409e+00,9.746224840343295170e+00,4.235327172213340319e+00,-4.783031609876214341e-01,7.174047281480644411e-02,-8.752596133431255199e-01,2.152085096639406174e+02
3.370082700331407111e+00,9.833432107672582134e+00,4.313025343963881930e+00,-4.125333546135119822e-01,5.374883797059244045e-02,-9.093554276233982714e-01,2.167133134018619387e+02
3.234787683776700895e+00,9.894690647562430996e+00,4.376298880026292082e+00,-3.346825640379316180e-01,3.287106161887481948e-02,-9.417574393850275394e-01,2.182181171397832600e+02
3.095235616117439914e+00,9.926727818112938806e+00,4.423519051649450695e+00,-2.435776839709135611e-01,8.956389908452436904e-03,-9.698400357539244121e-01,2.196838104560839611e+02
2.945070387313701410e+00,9.930476172726956818e+00,4.456614565207829060e+00,-1.390251442026657624e-01,-1.785997838087627354e-02,-9.901277849104441753e-01,2.211886141940052823e+02
2.789443296187074761e+00,9.905035176845487399e+00,4.473583820235057296e+00,-2.249679040148675618e-02,-4.700617054035308856e-02,-9.986412340539333465e-01,2.226934179319266036e+02
2.681751736202219405e+00,9.869270186653139376e+00,4.473685479293266098e+00,1.023600670832083420e-01,-7.739198189846170639e-02,-9.917322712327906187e-01,2.237079566225641827e+02
2.519169071777766611e+00,9.790501717448766072e+00,4.456319537902780681e+00,2.298465740832462134e-01,-1.075018651671116460e-01,-9.672713690416909760e-01,2.252127603604855040e+02
2.355049945791587884e+00,9.687845478703621893e+00,4.420580244697402073e+00,3.532515223222918443e-01,-1.357027570036899444e-01,-9.256339037214340593e-01,2.267175640984068252e+02
2.190841139104985125e+00,9.564360398568744870e+00,4.365503147764257186e+00,4.664865949293151015e-01,-1.606529274322177070e-01,-8.698165862172966278e-01,2.282223678363281465e+02
2.028011224577622063e+00,9.423013898064882099e+00,4.290042672606608321e+00,5.654768582291214152e-01,-1.815963551846217772e-01,-8.045238881419140009e-01,2.297271715742494678e+02
1.868056167009796820e+00,9.266693342598529171e+00,4.193067735937897389e+00,6.486363745723817686e-01,-1.984069629863579043e-01,-7.347826417520536557e-01,2.312319753121707890e+02
1.712505122150150827e+00,9.098217141175377165e+00,4.073357000774387338e+00,7.164465287858773346e-01,-2.114264262180035880e-01,-6.648332405102426179e-01,2.327367790500921103e+02
1.562191040094901950e+00,8.920311700205777683e+00,3.930418721955342143e+00,7.706324639227156714e-01,-2.212358801434534950e-01,-5.976456231627199633e-01,2.342415827880134316e+02
1.416518080379556288e+00,8.735594677937324803e+00,3.765313652331644612e+00,8.134033598836125645e-01,-2.284706625198623942e-01,-5.349543256183516560e-01,2.357463865259347529e+02
1.274193775643380100e+00,8.546628827991929356e+00,3.579834523627549725e+00,8.469545333967970491e-01,-2.337126144865030175e-01,-4.775420737364376444e-01,2.372511902638560741e+02
1.134522670770345520e+00,8.355293359164175371e+00,3.375910789504696030e+00,9.121272411336950325e-01,-1.183236049816276947e-01,-3.924581767347774530e-01,2.387559940017773954e+02
1.055379826984159664e+00,8.243346490306034724e+00,3.248225597567197642e+00,9.546779411463374165e-01,0.000000000000000000e+00,-2.976407712135392125e-01,2.396284818950448141e+02
9.229393527593783286e-01,8.048486446424668372e+00,3.013753145128137412e+00,9.633153964296832239e-01,-4.412341624904246584e-02,-2.647197974085730432e-01,2.411332856329661354e+02
7.953997663197683865e-01,7.851684519602242673e+00,2.767169112545466270e+00,9.690737103053738144e-01,-8.930970537698412759e-02,-2.300433014031334489e-01,2.426380893708874567e+02
6.738337642979919107e-01,7.652748969835752035e+00,2.510813171765553520e+00,9.716760099461684286e-01,-1.351392797091374720e-01,-1.938636293242990694e-01,2.441428931088087779e+02
5.593379240481507475e-01,7.451472299323249615e+00,2.246984001317299473e+00,9.709249909015438273e-01,-1.811454953278554270e-01,-1.564959154906701566e-01,2.456476968467300992e+02
4.530372363769343269e-01,7.247630261805527496e+00,1.977948929325073824e+00,9.667207487595705917e-01,-2.268360614447142432e-01,-1.183063613927211738e-01,2.471525005846514205e+02
3.560897511785563463e-01,7.040980775054777041e+00,1.705953445006990643e+00,9.590713599330257244e-01,-2.717182412826346094e-01,-7.969519377282828498e-02,2.486573043225727417e+02
2.696913549517063746e-01,6.831262731418779488e+00,1.433230618559209191e+00,9.480943597811362089e-01,-3.153249820630296130e-01,-4.107603483964257507e-02,2.501621080604940630e+02
1.950822958439041022e-01,6.618846303731430680e+00,1.162277541390106972e+00,9.340087168491457703e-01,-3.572388149533827217e-01,-2.854109408383140312e-03,2.516669117984153843e+02
1.335602899317705483e-01,6.405385657020610246e+00,8.954003937158473425e-01,9.171184828020364499e-01,-3.971107367564157831e-01,3.459409278572529028e-02,2.531717155363367056e+02
8.649389945912105970e-02,6.193173378803680684e+00,6.337245663813150243e-01,8.977905864051844986e-01,-4.346722246363473596e-01,7.093743787256295841e-02,2.546765192742580268e+02
5.642422893974195081e-02,5.983234625437449772e+00,3.786563714769290434e-01,8.877836376351389003e-01,-4.247145746707266523e-01,1.773633073935647064e-01,2.561813230121793481e+02
4.815762200668027154e-02,5.774057928689503960e+00,1.336130038774108464e-01,8.630790147443154758e-01,-4.068467148594844263e-01,2.992830849146456695e-01,2.576861267501006409e+02
5.706116921372508810e-02,5.674591434226832654e+00,2.438734688303907661e-02,8.180072834137693816e-01,-3.784712571612983689e-01,4.331553898830897698e-01,2.583970744364365828e+02
1.074837623825243005e-01,5.460694437737104501e+00,-1.895064170447471608e-01,7.482750090363332607e-01,-3.378788208965939344e-01,5.708961492611444033e-01,2.599018781743578757e+02
1.947356616483417735e-01,5.240673042765709333e+00,-3.819706376966775507e-01,6.538725183322133816e-01,-2.856315528577238472e-01,7.006178314758871872e-01,2.614066819122791685e+02
2.641628815133746366e-01,5.118729946906634964e+00,-4.713259717764079482e-01,5.408547199190595345e-01,-2.252525479428346133e-01,8.103933992737950565e-01,2.622119174383281006e+02
4.413152072546879245e-01,4.880753088928190486e+00,-6.090768849470948876e-01,4.197108889583261448e-01,-1.622019682555362607e-01,8.930471942645817895e-01,2.637167211762493935e+02
6.681764099886183805e-01,4.631540340538965239e+00,-7.138813228918016174e-01,3.011213504895481341e-01,-1.017116794644117722e-01,9.481459099420719294e-01,2.652215249141706863e+02
9.414289933475076255e-01,4.374869464926762319e+00,-7.823601359000100786e-01,1.925093565797683648e-01,-4.719050869599786951e-02,9.801597846873012498e-01,2.667263286520919792e+02
1.254887777967513385e+00,4.116375025877826666e+00,-8.103671798626651546e-01,9.726832630145992864e-02,0.000000000000000000e+00,9.952581939871244510e-01,2.682311323900132720e+02
1.602762562316358386e+00,3.861454140266013635e+00,-7.928857560141936434e-01,-7.069497921097834560e-05,-5.956837023416438096e-05,9.999999957269145590e-01,2.697359361279345649e+02
1.979449937283007888e+00,3.615555954126121296e+00,-7.257087053356777728e-01,3.520140075390099099e-01,-5.478630810373027321e-04,9.359945717483463268e-01,2.712407398658558577e+02
2.320893933211610083e+00,3.417795357255635658e+00,-6.271679019454970971e-01,-5.853361346762493422e-01,2.308247148017714546e-04,8.107906981226526977e-01,2.725230262649737369e+02
2.741965364152361584e+00,3.203484544379947785e+00,-4.728425262166141563e-01,-4.701982455403870831e-01,1.108913077735862313e-01,8.755665181760924343e-01,2.740278300028950298e+02
3.179300101665810008e+00,3.009835618817871428e+00,-2.921662094184120928e-01,-3.410962246890796856e-01,2.182585015634783132e-01,9.143394293139293083e-01,2.755326337408163226e+02
3.626880439747877993e+00,2.838020525958311779e+00,-9.402077322052722341e-02,-2.600302142168221531e-01,1.663882248627800708e-01,9.511567937629245018e-01,2.770374374787376155e+02
4.077749076230690051e+00,2.688434542239735325e+00,1.147400832354441291e-01,-1.743168216641154122e-01,1.115442299297686735e-01,9.783514350448390129e-01,2.785422412166589083e+02
4.524378539363337559e+00,2.561174667736698218e+00,3.286288105533275994e-01,-8.666952409426967319e-02,5.546274142707845189e-02,9.946920517962661856e-01,2.800470449545802012e+02
4.831092508472670133e+00,2.486295684992109400e+00,4.813429486159455095e-01,1.064529442313578632e-05,0.000000000000000000e+00,9.999999999433388798e-01,2.811097082650931611e+02
5.244945552534872490e+00,2.400747323727039806e+00,6.985951133321507411e-01,-3.942763369087667717e-03,0.000000000000000000e+00,9.999922272783001720e-01,2.826145120030144540e+02
5.629409771665997653e+00,2.335557371591380438e+00,9.154236588163162658e-01,-7.896110403326194946e-03,0.000000000000000000e+00,9.999688252343162942e-01,2.841193157409357468e+02
5.917093095493589416e+00,2.297396343612544634e+00,1.095117239884455751e+00,-8.150815180565526563e-03,0.000000000000000000e+00,9.999667815542135907e-01,2.853749760984376280e+02
6.209581227030562367e+00,2.270454494775578258e+00,1.308828051631049538e+00,-8.440650341817382621e-03,0.000000000000000000e+00,9.999643770764071737e-01,2.868797798363589209e+02
6.441627295380376594e+00,2.261879655243651754e+00,1.521240607908449061e+00,-8.773422235672550390e-03,0.000000000000000000e+00,9.999615127905044920e-01,2.883845835742802137e+02
6.536080940775253367e+00,2.266254300227289686e+00,1.636059539735358781e+00,-9.159435068934294530e-03,0.000000000000000000e+00,9.999580514947704613e-01,2.892023603810393979e+02
6.656739155725944102e+00,2.290481789705901328e+00,1.846008249013921798e+00,-9.612576832590598308e-03,0.000000000000000000e+00,9.999537981160115940e-01,2.907071641189606908e+02
6.728301021249238012e+00,2.331610441052916372e+00,2.054278605237339850e+00,-1.015202568280417460e-02,0.000000000000000000e+00,9.999484668594355030e-01,2.922119678568819836e+02
6.755260754652382182e+00,2.389074298652951622e+00,2.260541070892427395e+00,-1.080503388320288097e-02,0.000000000000000000e+00,9.999416239175079602e-01,2.937167715948032765e+02
6.741919307892074720e+00,2.462341369882286468e+00,2.464457685294238587e+00,-1.161167654501455045e-02,0.000000000000000000e+00,9.999325822113277473e-01,2.952215753327245693e+02
6.692402860612968851e+00,2.550912796118034898e+00,2.665680646830510536e+00,-1.263339854982352406e-02,0.000000000000000000e+00,9.999201954361565114e-01,2.967263790706458622e+02
6.610680565661649410e+00,2.654322030005712652e+00,2.863850853923788797e+00,-1.396944879433033825e-02,0.000000000000000000e+00,9.999024224895060042e-01,2.982311828085671550e+02
6.500581622411729654e+00,2.772134020601277005e+00,3.058596398590883503e+00,-1.579123623690488476e-02,0.000000000000000000e+00,9.998753106553387449e-01,2.997359865464884479e+02
6.365811750393819857e+00,2.903944407531217298e+00,3.249531006278854495e+00,-1.842247089511160965e-02,0.000000000000000000e+00,9.998302918826368346e-01,3.012407902844097407e+02
6.209969133188269375e+00,3.049378724863899937e+00,3.436252415432289098e+00,-2.255658443695465407e-02,0.000000000000000000e+00,9.997455678814178848e-01,3.027455940223310336e+02
6.037047644946166969e+00,3.208091632121411241e+00,3.618342033573884731e+00,-2.999527163640158811e-02,0.000000000000000000e+00,9.995500406080018996e-01,3.042503977602523264e+02
5.948932170827404775e+00,3.288839828482046368e+00,3.702332456324746612e+00,-4.733241542893024817e-02,0.000000000000000000e+00,9.988791931208014230e-01,3.049636566864951988e+02
5.754075252344374114e+00,3.471005945339055376e+00,3.874761096542586269e+00,-1.331099086321061720e-01,0.000000000000000000e+00,9.911012825256318992e-01,3.064684604244164916e+02
5.555060706466763421e+00,3.666946629892003262e+00,4.042902732313208070e+00,-1.252799202530698042e-01,0.000000000000000000e+00,-9.921214348966483909e-01,3.079732641623377845e+02
5.357167393166779590e+00,3.877338463458823714e+00,4.207388127989098336e+00,-3.944368018952741639e-02,0.000000000000000000e+00,-9.992217952452330243e-01,3.094780679002590773e+02
5.165683975340401801e+00,4.102878559862515040e+00,4.368832709873213815e+00,-2.210177932449182078e-02,0.000000000000000000e+00,-9.997557258404131675e-01,3.109828716381803702e+02
4.984479519769471345e+00,4.343609732347785801e+00,4.527423604262297729e+00,-1.466177999018897921e-02,0.000000000000000000e+00,-9.998925103267446435e-01,3.124876753761016630e+02
4.814561476025684073e+00,4.598256193909572964e+00,4.682504878761827527e+00,-1.052712628507517824e-02,0.000000000000000000e+00,-9.999445882708591915e-01,3.139924791140229559e+02
4.655522300353439391e+00,4.864915522640875345e+00,4.832990334315756087e+00,-7.895618154843096759e-03,0.000000000000000000e+00,-9.999688291211646929e-01,3.154972828519442487e+02
4.506986779483847627e+00,5.141734999285000995e+00,4.977774492257236005e+00,-6.073673412526912722e-03,0.000000000000000000e+00,-9.999815550755314364e-01,3.170020865898655416e+02
4.368610776636242754e+00,5.426904136754617802e+00,5.115727956797641696e+00,-4.737524472197262963e-03,0.000000000000000000e+00,-9.999887778679694694e-01,3.185068903277868344e+02
4.240080055098136569e+00,5.718647383294936937e+00,5.245692677182236530e+00,-3.715736505486901767e-03,0.000000000000000000e+00,-9.999930966272826405e-01,3.200116940657081273e+02
4.121109175561898041e+00,6.015216970203896452e+00,5.366477089637324838e+00,-2.909047591702317893e-03,0.000000000000000000e+00,-9.999957687121026062e-01,3.215164978036294201e+02
4.011440463497283559e+00,6.314885875614248079e+00,5.476851118729493706e+00,-2.256005712736867518e-03,0.000000000000000000e+00,-9.999974552158741314e-01,3.230213015415507130e+02
3.910843042928768831e+00,6.615940876321926289e+00,5.575541017167673807e+00,-1.716531581032461600e-03,0.000000000000000000e+00,-9.999985267585804749e-01,3.245261052794720058e+02
3.819111933064212039e+00,6.916675660014250049e+00,5.661224022401154521e+00,-1.263370356898101338e-03,0.000000000000000000e+00,-9.999992019473522564e-01,3.260309090173932987e+02
3.736067204286088295e+00,7.215383970512264433e+00,5.732522807597657533e+00,-8.773422252148573193e-04,0.000000000000000000e+00,-9.999996151352359419e-01,3.275357127553145915e+02
3.661553190067448060e+00,7.510352758793987782e+00,5.787999703722814360e+00,-5.445580875209895871e-04,0.000000000000000000e+00,-9.999998517282336907e-01,3.290405164932358844e+02
3.595437751412162264e+00,7.799855312611441605e+00,5.826150668482616979e+00,-2.547129748092908882e-04,0.000000000000000000e+00,-9.999999675606496830e-01,3.305453202311571772e+02
3.539444142216400468e+00,8.073151739622316470e+00,5.844798858503446048e+00,-0.000000000000000000e+00,-0.000000000000000000e+00,-1.000000000000000000e+00,3.320020709098158136e+02
3.489027316957273861e+00,8.346488819027960915e+00,5.844296993317338540e+00,0.000000000000000000e+00,-5.662998540559604273e-04,-9.999998396522248312e-01,3.335068746477371064e+02
3.444520172954078863e+00,8.609301132302457304e+00,5.824679994902026259e+00,0.000000000000000000e+00,-1.132601704491400336e-03,-9.999993586064838125e-01,3.350116783856583993e+02
3.405319442381622874e+00,8.860645142724973056e+00,5.787499030425264479e+00,0.000000000000000000e+00,-1.698905006478615941e-03,-9.999985568598481755e-01,3.365164821235796921e+02
3.371680253608232647e+00,9.099857372189070759e+00,5.734350710959478015e+00,0.000000000000000000e+00,-2.265209215180475234e-03,-9.999974344103146340e-01,3.380212858615009850e+02
3.343876258509594912e+00,9.326225034448937024e+00,5.666764664082685421e+00,0.000000000000000000e+00,-2.831513785753041971e-03,-9.999959912568054943e-01,3.395260895994222778e+02
3.322200420329788351e+00,9.538983115241736144e+00,5.586209950703129756e+00,0.000000000000000000e+00,-3.397818173348189467e-03,-9.999942273991691000e-01,3.410308933373435707e+02
3.306965861243944538e+00,9.737311242338183348e+00,5.494101227806035048e+00,0.000000000000000000e+00,-3.964121833116230655e-03,-9.999921428381786104e-01,3.425356970752648635e+02
3.298506771624770462e+00,9.920330332850157973e+00,5.391804682974853158e+00,0.000000000000000000e+00,-4.530424220208533609e-03,-9.999897375755337769e-01,3.440405008131861564e+02
3.297179383182957224e+00,1.008709900423950856e+01,5.280643765582389015e+00,0.000000000000000000e+00,-5.096724789780142720e-03,-9.999870116138596110e-01,3.455453045511074492e+02
3.303363008319800009e+00,1.023660973453213963e+01,5.161904738693960937e+00,0.000000000000000000e+00,-5.663022996992400290e-03,-9.999839649567064948e-01,3.470501082890287421e+02
3.317461148201132026e+00,1.036778475624268125e+01,5.036842074972858185e+00,0.000000000000000000e+00,-6.229318297015568572e-03,-9.999805976085507364e-01,3.485549120269500349e+02
3.339902672235787850e+00,1.047947166745393943e+01,4.906683719224756324e+00,0.000000000000000000e+00,-6.795610145031452665e-03,-9.999769095747944592e-01,3.500597157648713278e+02
3.358791635172104328e+00,1.053551617976777877e+01,4.825221354162490428e+00,0.000000000000000000e+00,-7.361897996236015616e-03,-9.999729008617648240e-01,3.509737220459502396e+02
3.398915971540811043e+00,1.060727095498533501e+01,4.688166824500458851e+00,-0.000000000000000000e+00,-7.928181305841998719e-03,-9.999685714767146960e-01,3.524785257838715324e+02
3.448595474283565387e+00,1.065601933903177745e+01,4.549257943529700476e+00,-0.000000000000000000e+00,-4.806577624515451230e-02,-9.988441726084960059e-01,3.539833295217928253e+02
3.507694591132783479e+00,1.068082850203425771e+01,4.409589569449782864e+00,-2.601979955549516554e-01,-3.929453558664818685e-02,-9.647553796596394227e-01,3.554881332597141181e+02
3.574752410642879408e+00,1.068178204920845609e+01,4.270103380221965672e+00,-5.024574301261119924e-01,-2.781425176103374808e-02,-8.641544412372345052e-01,3.569929369976354110e+02
3.647663716802444167e+00,1.065943547975910377e+01,4.131666820988026956e+00,-6.120319679788964740e-01,-2.550549118151337197e-02,-7.904216217256894161e-01,3.584977407355567038e+02
3.724351930862961346e+00,1.061426732522980565e+01,3.995151740080280955e+00,-7.220871649056389563e-01,-2.239045486503730628e-02,-6.914396530496882409e-01,3.600025444734779967e+02
3.802759742254561370e+00,1.054668085998668481e+01,3.861438046449774397e+00,-8.229521306958378357e-01,-1.848426324493805326e-02,-5.678099352736551975e-01,3.615073482113992895e+02
3.860618369916291925e+00,1.048084392389204389e+01,3.765246092632652974e+00,-9.046821866700625048e-01,-1.398473700320311021e-02,-4.258574506250014102e-01,3.626203195284562639e+02
3.936852046319484710e+00,1.037065750548232401e+01,3.639686744954342856e+00,-9.609476623792850836e-01,-9.240346717288698900e-03,-2.765758596847017192e-01,3.641251232663775568e+02
4.009113072234228525e+00,1.023882834303187828e+01,3.519522377090514631e+00,-9.912739135091123144e-01,-4.626892005294460687e-03,-1.317369358483045649e-01,3.656299270042988496e+02
4.075545854215473440e+00,1.008546350546630599e+01,3.405897937883605398e+00,-9.999999106229038315e-01,-4.227933115178471378e-04,-0.000000000000000000e+00,3.671347307422201425e+02
4.135081093720654799e+00,9.911086266567791014e+00,3.299890151857711285e+00,-9.999998313858358134e-01,5.807136126889550802e-04,0.000000000000000000e+00,3.686395344801414353e+02
4.187607460148405458e+00,9.717149559062244535e+00,3.201827041680388231e+00,-9.999987451019707319e-01,1.584233090100973552e-03,0.000000000000000000e+00,3.701443382180627282e+02
4.233380331210158332e+00,9.505537529233361482e+00,3.111581408673595561e+00,-9.999966517380797226e-01,2.587762089112647344e-03,0.000000000000000000e+00,3.716491419559840210e+02
4.272640040855835153e+00,9.278063424317689822e+00,3.029058848641706714e+00,-9.999935512700602880e-01,3.591297577931357090e-03,0.000000000000000000e+00,3.731539456939053139e+02
4.305612404299171025e+00,9.036476793108205285e+00,2.954197355842345107e+00,-9.999894436829380728e-01,4.594836524623221313e-03,0.000000000000000000e+00,3.746587494318266067e+02
4.332509233438112339e+00,8.782470433598062343e+00,2.886967062870222644e+00,-9.999843289708665317e-01,5.598375897158892368e-03,0.000000000000000000e+00,3.761635531697478996e+02
4.353528843097258516e+00,8.517687114932153136e+00,2.827370115362726644e+00,-9.999782071371275949e-01,6.601912663459356609e-03,0.000000000000000000e+00,3.776683569076691924e+02
4.368856548677232610e+00,8.243726100047227945e+00,2.775440681001192456e+00,-9.999710781941321125e-01,7.605443791441744532e-03,0.000000000000000000e+00,3.791731606455904853e+02
4.378665155951183330e+00,7.962149494596548749e+00,2.731245092845625777e+00,-9.999629421634196325e-01,8.608966249065127044e-03,0.000000000000000000e+00,3.806779643835117781e+02
4.383115443901775876e+00,7.674488447069250263e+00,2.694882127603866806e+00,-9.999537990756574013e-01,9.612477004376332110e-03,0.000000000000000000e+00,3.821827681214330710e+02
4.382356641642135564e+00,7.382249224423848233e+00,2.666483420002645044e+00,-9.999436489706410303e-01,1.061597302555573191e-02,0.000000000000000000e+00,3.836875718593543638e+02
4.376526900614924998e+00,7.086919187061301528e+00,2.646214014998810260e+00,-9.999324918972927190e-01,1.161945128096305950e-02,0.000000000000000000e+00,3.851923755972756567e+02
4.365753763419533584e+00,6.789972686563148230e+00,2.634273060146791412e+00,-9.999203279136604783e-01,1.262290873918317860e-02,0.000000000000000000e+00,3.866971793351969495e+02
4.350154630775583620e+00,6.492876909305872246e+00,2.630894641027530678e+00,-9.999071570869171310e-01,1.362634236907188552e-02,0.000000000000000000e+00,3.882019830731182424e+02
4.329837228292523044e+00,6.197097688836135987e+00,2.636348763244024784e+00,-9.998929794933587578e-01,1.462974913980168157e-02,0.000000000000000000e+00,3.897067868110395352e+02
4.304900074878674765e+00,5.904105309760216969e+00,2.650942485102306012e+00,-9.957290592873111468e-01,1.863593246504163456e-02,9.042313040347997599e-02,3.912115905489608281e+02
4.275432954793199514e+00,5.615380325858150279e+00,2.675021205728971729e+00,-9.821737201370521753e-01,2.276314815545026765e-02,1.865921288752460938e-01,3.927163942868821209e+02
4.241517395532101276e+00,5.332419415171866461e+00,2.708970114028959486e+00,-9.578188628688631967e-01,2.688308985930471309e-02,2.861124349136442979e-01,3.942211980248034138e+02
4.203227153934045113e+00,5.056741294944704812e+00,2.753215804563466040e+00,-9.220474468260413392e-01,3.084557974610136269e-02,3.858458967148744034e-01,3.957260017627247066e+02
4.160628713092997089e+00,4.789892719507813368e+00,2.808228067126874450e+00,-8.753223997845396287e-01,3.450063426740220679e-02,4.823073736431794933e-01,3.972308055006459995e+02
4.113781792882050148e+00,4.533454584515228092e+00,2.874521857527733815e+00,-8.192286412189958567e-01,3.772427347481048521e-02,5.722248793938232714e-01,3.987356092385672923e+02
4.093140850271272058e+00,4.433319621003981581e+00,2.906204492184556010e+00,-7.562149571542903237e-01,4.043871280434917920e-02,6.530724684771685995e-01,3.993473596448424701e+02
4.038501377383887814e+00,4.198412818643119770e+00,2.996168990800577969e+00,-6.891281470418914035e-01,4.261970775613615342e-02,7.233850685944457348e-01,4.008521633827637629e+02
3.979790719217284334e+00,3.978156346575609792e+00,3.098808347830737997e+00,-6.207223010171788458e-01,4.429027489276759350e-02,7.827785105442419678e-01,4.023569671206850558e+02
3.916657763807925630e+00,3.773764135399476416e+00,3.213356980878188995e+00,-6.717742433189834994e-01,5.120739313660462033e-02,7.389838759413903668e-01,4.038617708586063486e+02
3.847968444762042584e+00,3.585419811626937125e+00,3.336138554080902097e+00,-7.407229549939131630e-01,6.087597954185659105e-02,6.690467988563317814e-01,4.053665745965276415e+02
3.772179384283492976e+00,3.412830664944906722e+00,3.462030912489820977e+00,-8.333420252583481069e-01,7.469358747967777545e-02,5.476878097308086613e-01,4.068713783344489343e+02
3.687812754238741331e+00,3.255775438431152580e+00,3.585989029379145876e+00,-9.423640804105678503e-01,9.348803771487625147e-02,3.212630180337703312e-01,4.083761820723702272e+02
3.593548076087391241e+00,3.114101938560623228e+00,3.703087920450682802e+00,-9.905986262026920119e-01,1.109191541327492342e-01,-8.007061266041862191e-02,4.098809858102915200e+02
3.488121685204464750e+00,2.988589929262822409e+00,3.809468747678111722e+00,-8.254988558137065224e-01,1.071862565638934672e-01,-5.541324259182822676e-01,4.113857895482128129e+02
3.370234923764206414e+00,2.881818554535975352e+00,3.903289395569462528e+00,-5.384937610735998081e-01,8.435654989395398318e-02,-8.383963512413431518e-01,4.128905932861341057e+02
3.315562404491428250e+00,2.844967763360287449e+00,3.937003386444061448e+00,-3.125032599577330927e-01,6.291744885845131086e-02,-9.478307376029402320e-01,4.135189328244147760e+02
3.172357669356266729e+00,2.776688025396688353e+00,4.004531492761667089e+00,-1.646051013334148827e-01,4.784998344160290573e-02,-9.851982235568912394e-01,4.150237365623360688e+02
3.018721930485309901e+00,2.732416543307921941e+00,4.058921186605669362e+00,-6.717742441008389687e-02,3.753748902341980109e-02,-9.970346686888295062e-01,4.165285403002573617e+02
2.856864555954840679e+00,2.713406131276358213e+00,4.100360784701093664e+00,0.000000000000000000e+00,3.025577441558382347e-02,-9.995421892619207327e-01,4.180333440381786545e+02
2.689002619716978071e+00,2.721008748898058105e+00,4.129145033064594905e+00,9.303609119956803841e-01,-2.358487803966914133e-03,-3.666374380308758951e-01,4.195381477760999474e+02
2.517404151640537879e+00,2.756695856073319462e+00,4.145837098371804252e+00,5.347151082472733075e-01,-1.460722977844293837e-03,-8.450311351071561061e-01,4.210429515140212402e+02
2.344365598507037518e+00,2.822048567133347508e+00,4.151110175521798062e+00,-6.700825643701949219e-02,-0.000000000000000000e+00,-9.977524209789072618e-01,4.225477552519425331e+02
2.199940365109865681e+00,2.902162892769572622e+00,4.146484193881311064e+00,-1.403464077947989275e-01,-4.257102307760083360e-01,-8.939092153187222500e-01,4.238082737747006377e+02
2.029865594365234838e+00,3.028235332631343812e+00,4.130740939657123079e+00,5.300273656876602468e-04,0.000000000000000000e+00,-9.999998595354860909e-01,4.253130775126219305e+02
1.986974313261729685e+00,3.066563514893373643e+00,4.124231163857661642e+00,4.416894815879876340e-04,0.000000000000000000e+00,-9.999999024551960991e-01,4.257004907555315754e+02
1.824752507255202438e+00,3.237269672296950063e+00,4.089815287247443365e+00,3.533515906582650407e-04,0.000000000000000000e+00,-9.999999375713246597e-01,4.272052944934528682e+02
1.667952595807541183e+00,3.435203093173028854e+00,4.046630586660047157e+00,2.650136949665482630e-04,0.000000000000000000e+00,-9.999999648838701072e-01,4.287100982313741611e+02
1.517452521507068663e+00,3.657225259783138060e+00,3.995364527322603720e+00,1.766757965808939915e-04,0.000000000000000000e+00,-9.999999843928314425e-01,4.302149019692954539e+02
1.374134180560704133e+00,3.900285968867227560e+00,3.936670672955212780e+00,8.833789756935897085e-05,0.000000000000000000e+00,-9.999999960982078884e-01,4.317197057072167468e+02
1.238887769161299390e+00,4.161411346645651044e+00,3.871171427484461525e+00,-0.000000000000000000e+00,-0.000000000000000000e+00,-1.000000000000000000e+00,4.332245094451380396e+02
1.113018985994210341e+00,4.437631581177367224e+00,3.798882023539445818e+00,2.791897246001602828e-01,-8.018410316181696917e-02,-9.568822327109128834e-01,4.347293131830593325e+02
1.029821230011344513e+00,4.646643155935457514e+00,3.740761876061271973e+00,6.016786475589728234e-01,-1.728038623743228530e-01,-7.798215374174539694e-01,4.358212313065144485e+02
9.286341375927709141e-01,4.943748936781148018e+00,3.651353246446267242e+00,8.375691521988487542e-01,-2.405523032813991768e-01,-4.905226851746161132e-01,4.373260350444357414e+02
8.435121061484783800e-01,5.247396106298393370e+00,3.550937048101892035e+00,9.384039298646729144e-01,-2.695123455115875921e-01,-2.162432889857639207e-01,4.388308387823570342e+02
7.770970353437720579e-01,5.554543168705187384e+00,3.438282787226272674e+00,9.268254999545832984e-01,-3.047436790427670572e-01,-2.193758936561070461e-01,4.403356425202783271e+02
7.308171846740787458e-01,5.862148116192868130e+00,3.313387683030381670e+00,9.137648066299647320e-01,-3.400610506070971262e-01,-2.222439201069416614e-01,4.418404462581996199e+02
7.036239467358913480e-01,6.167170805761911012e+00,3.176845830473958188e+00,8.992223369322774884e-01,-3.753046985880260644e-01,-2.248234240016030450e-01,4.433452499961209128e+02
6.932581647287477944e-01,6.466807952878238730e+00,3.029304061523471425e+00,8.832181462343903222e-01,-4.103100008369892637e-01,-2.270933935090076738e-01,4.448500537340422056e+02
6.975131352625989489e-01,6.758717822402640962e+00,2.871554653497819576e+00,8.657924199316038294e-01,-4.449110230378803821e-01,-2.290363883062341566e-01,4.463548574719634985e+02
7.142280346354161757e-01,7.040777021989958584e+00,2.704442857540831024e+00,8.470053094983250874e-01,-4.789442795451398505e-01,-2.306390746873425435e-01,4.478596612098847913e+02
7.412791800134981290e-01,7.310838202945688202e+00,2.528774649325920887e+00,8.269360136511343384e-01,-5.122525166918712181e-01,-2.318926227149436248e-01,4.493644649478060842e+02
7.765708120876045895e-01,7.566721430457167052e+00,2.345320110143517489e+00,8.056811294865136031e-01,-5.446883188265296827e-01,-2.327929400202347066e-01,4.508692686857273770e+02
8.180259325341456833e-01,7.806205488860191721e+00,2.154816657411306124e+00,7.833523524097610879e-01,-5.761173461198625390e-01,-2.333407282792695214e-01,4.523740724236486699e+02
8.635771568069414705e-01,8.027019087657826901e+00,1.957972138158892150e+00,7.600736509732701762e-01,-6.064210399307649046e-01,-2.335413612734432987e-01,4.538788761615699627e+02
9.111575425982755272e-01,8.226831933889309667e+00,1.755467798463712592e+00,7.359780777897496629e-01,-6.354986730596754452e-01,-2.334045962535803709e-01,4.553836798994912556e+02
9.586913539513067795e-01,8.403245636194245805e+00,1.547961141295107534e+00,7.112043967090111440e-01,-6.632686733194039785e-01,-2.329441415766644874e-01,4.568884836374125484e+02
1.005006366405938545e+00,8.554248662090991218e+00,1.336702694070159847e+00,7.395812340430689691e-01,-6.620437611443626968e-01,-1.213163491915135173e-01,4.583932873753338413e+02
1.050754473687955715e+00,8.678664462983284977e+00,1.124155263962280271e+00,7.589654633900243530e-01,-6.511300260259028638e-01,-1.055740817040331982e-03,4.598980911132551341e+02
1.068508805733297429e+00,8.717456278990670882e+00,1.043272673816258544e+00,7.670650633544262575e-01,-6.296609748554544694e-01,1.230375768826294514e-01,4.604743563196223590e+02
1.116537516233206073e+00,8.794951239992261804e+00,8.356344466747627209e-01,7.629486343689635408e-01,-5.981641478403084689e-01,2.451714370660073306e-01,4.619791600575436519e+02
1.167646193598107285e+00,8.843567342822723276e+00,6.342586826648242138e-01,7.473645375707879124e-01,-5.585459508977186349e-01,3.598231075366974396e-01,4.634839637954649447e+02
1.223402735887641812e+00,8.862159990179028668e+00,4.422636609628705640e-01,7.224610153023316439e-01,-5.135847716528860740e-01,4.629047026058139558e-01,4.649887675333862376e+02
1.286137598466755128e+00,8.849414677106921090e+00,2.631164512746198003e-01,7.323273021492753276e-01,-4.933489900849338805e-01,4.693649928455890796e-01,4.664935712713075304e+02
1.334024226953720138e+00,8.820652130937075341e+00,1.567084673051392374e-01,7.425834895868962393e-01,-4.710743421194987790e-01,4.760868882773703903e-01,4.674786364300081800e+02
1.421390719673726988e+00,8.744108932675423773e+00,1.456975374147488275e-02,7.531965565987432942e-01,-4.464943368923492417e-01,4.830504676023588684e-01,4.689834401679294729e+02
1.525441413391602330e+00,8.633036847627968413e+00,-1.030795599774230881e-01,7.641107185441340377e-01,-4.193064058597895105e-01,4.902213253326629938e-01,4.704882439058507657e+02
1.645607090087045199e+00,8.489402219970941132e+00,-1.940023927894179434e-01,7.752391975599554064e-01,-3.891694740279178499e-01,4.975452814080646435e-01,4.719930476437720586e+02
1.735000801390672365e+00,8.374877602843037394e+00,-2.376029949599948732e-01,7.864535961986085510e-01,-3.557032251606851436e-01,5.049415378403354637e-01,4.729951227153634932e+02
1.881418186156301520e+00,8.177198482824200809e+00,-2.802905154086725026e-01,7.975704849913520800e-01,-3.184904297803130557e-01,5.122940245689101557e-01,4.744999264532847860e+02
2.037937937120037457e+00,7.955344219495436242e+00,-3.029931161506876358e-01,8.083350201569607929e-01,-2.770843634411145895e-01,5.194408057943447066e-01,4.760047301912060789e+02
2.202948192378439973e+00,7.712346827616537226e+00,-3.083062400021449045e-01,8.184019009233765019e-01,-2.310241559103235753e-01,5.261617317431270813e-01,4.775095339291273717e+02
2.375797382671641866e+00,7.451377007472402170e+00,-2.978385323749423441e-01,8.273149415873466417e-01,-1.798617595575897066e-01,5.321651387259157540e-01,4.790143376670486646e+02
2.556341527976582650e+00,7.175644166154223846e+00,-2.726755136522303613e-01,8.344881845007177112e-01,-1.232047836728572959e-01,5.370754613728135896e-01,4.805191414049699574e+02
2.744492705721939707e+00,6.888300701019292482e+00,-2.338410570430317637e-01,8.391939536950774325e-01,-6.077905241228603178e-02,5.404252167224332659e-01,4.820239451428912503e+02
2.940218302773565551e+00,6.592453963607336931e+00,-1.823016837583470995e-01,8.405663601729682632e-01,7.487669206813180045e-03,5.416568368952958679e-01,4.835287488808125431e+02
3.143540589353796211e+00,6.291178051175467800e+00,-1.189706175905873159e-01,8.376315950302929414e-01,8.136510306709249241e-02,5.401416767940507846e-01,4.850335526187338360e+02
3.354536611981684846e+00,5.987525469840431214e+00,-4.471161590391824203e-02,8.293767808748109260e-01,1.602172956439183449e-01,5.352238536559119630e-01,4.865383563566551288e+02
3.573338404195018025e+00,5.684538712831939122e+00,3.965740688530944302e-02,8.148639907810043548e-01,2.429239046478200437e-01,5.262933146821382469e-01,4.880431600945764217e+02
3.800133515483067992e+00,5.385261797020580943e+00,1.333609481369041061e-01,7.933825317967595492e-01,3.278632177147745574e-01,5.128838744876642597e-01,4.895479638324977145e+02
4.035165860525656178e+00,5.092751800712832733e+00,2.356626637336956820e-01,7.646119145801399952e-01,4.129924025701987023e-01,4.947786328262241962e-01,4.910527675704190074e+02
4.278736892508629097e+00,4.810090445696864947e+00,3.458622790992912921e-01,7.287487215691498266e-01,4.960380945692403065e-01,4.720926916903578352e-01,4.925575713083403002e+02
4.529885743135234399e+00,4.539370409205704782e+00,4.635063744534693164e-01,6.865473041072955862e-01,5.747695408823030316e-01,4.453007681297564413e-01,4.940623750462615931e+02
4.658410945421255889e+00,4.409079661488537027e+00,5.262789848857418740e-01,6.392469162650633585e-01,6.472860479378531595e-01,4.151917053489899700e-01,4.948180893516328638e+02
4.915328456422968451e+00,4.160396847520222430e+00,6.587468037414593303e-01,5.883997260322869627e-01,7.122369589541848178e-01,3.827587709051540887e-01,4.963228930895541566e+02
5.168712653788912981e+00,3.922771619910723651e+00,7.989397123336838824e-01,5.356518101404732501e-01,7.689180262689605527e-01,3.490590310705063426e-01,4.978276968274754495e+02
5.413685041842043688e+00,3.695485156113317071e+00,9.471712935974918590e-01,4.825405639357541188e-01,8.172377461383646402e-01,3.150826406567810434e-01,4.993325005653967423e+02
5.645326428464626289e+00,3.477892544335607461e+00,1.103788852879344251e+00,4.303540189507248370e-01,8.575909217230732740e-01,2.816615510699472802e-01,5.008373043033180352e+02
5.858656590887494353e+00,3.269420604977449685e+00,1.269174874892941673e+00,3.800661986385023283e-01,8.906940253256621087e-01,2.494270191892759281e-01,5.023421080412393280e+02
6.048613668095432772e+00,3.069566132446653661e+00,1.443748628250841604e+00,3.323366639810788059e-01,9.174285663488326303e-01,2.188085177068144760e-01,5.038469117791606209e+02
6.210033873652246683e+00,2.878156535087947443e+00,1.627537356871251228e+00,2.875506532626538880e-01,9.387183858133574255e-01,1.900589749109097837e-01,5.053517155170819137e+02
6.339498729047265080e+00,2.695611182061819822e+00,1.819740040498933009e+00,2.458768318081182847e-01,9.554477730522635825e-01,1.632915691316381146e-01,5.068565192550032066e+02
6.437189582257204279e+00,2.522664224249650644e+00,2.019148815503701844e+00,2.073263448524955976e-01,9.684155493505923751e-01,1.385175458420144778e-01,5.083613229929244994e+02
6.505023902313249451e+00,2.360081637922745834e+00,2.224580261629619748e+00,1.718043033201417658e-01,9.783156864338949932e-01,1.156792939036966061e-01,5.098661267308457923e+02
6.544798235452462087e+00,2.208657316028342255e+00,2.434876223851157206e+00,1.391504494436504313e-01,9.857350079040857471e-01,9.467653675521880974e-02,5.113709304687670851e+02
6.558196046341912222e+00,2.069216974071615311e+00,2.648898953882269147e+00,1.091690751385499675e-01,9.911604901283148639e-01,7.538564745356057806e-02,5.128757342066884348e+02
6.546795108537585506e+00,1.942622128699967199e+00,2.865526337292957137e+00,8.164979905247250758e-02,9.949910171923348479e-01,5.767309616496887892e-02,5.143805379446097277e+02
6.512074476132382550e+00,1.829774167531130313e+00,3.083647186211370350e+00,5.638123715919041851e-02,9.975504187539158130e-01,4.140432513984994289e-02,5.158853416825310205e+02
6.502603567644872129e+00,1.812360312188618483e+00,3.120387969912800319e+00,3.315947410738434575e-02,9.991000376998629973e-01,2.644927116300589340e-02,5.161381448179871541e+02
6.425343844891734157e+00,1.718514855578530343e+00,3.338956177536000602e+00,1.179290114060244088e-02,9.998499910254660117e-01,1.268554015655041362e-02,5.176429485559084469e+02
6.327624679291701248e+00,1.640651899809859593e+00,3.556496238296751766e+00,-7.895388202740294750e-03,9.999688309368087724e-01,0.000000000000000000e+00,5.191477522938297398e+02
6.209329819389561855e+00,1.579033115912707785e+00,3.771107010632873457e+00,-1.409841403009409570e-02,9.900021428789065325e-01,-1.403459718588643823e-01,5.206525560317510326e+02
6.069201034726035893e+00,1.532378047998955717e+00,3.979292342653685477e+00,-2.060453588571052944e-02,9.563031009390087211e-01,-2.916501881284674913e-01,5.221573597696723255e+02
6.002011860166759583e+00,1.517785741016351553e+00,4.061573404225593542e+00,-2.691981103809592407e-02,8.959207137349451955e-01,-4.433975625489383066e-01,5.227822858431950408e+02
5.819803830725932769e+00,1.492788456922581997e+00,4.246473488965421872e+00,-3.251597242076862543e-02,8.116054340268082923e-01,-5.833003780177825615e-01,5.242870895811163336e+02
5.618750699405667071e+00,1.477804005817672017e+00,4.414600255972549014e+00,-3.702618443609820287e-02,7.114803305315227089e-01,-7.017298632186457219e-01,5.257918933190376265e+02
5.400620158828174588e+00,1.470274741919196160e+00,4.562077534485312391e+00,-4.035058424030640162e-02,6.057098217322965938e-01,-7.946618414196665592e-01,5.272966970569589193e+02
5.166218993416872074e+00,1.467494988710514203e+00,4.684302289942030129e+00,-1.741718878752641919e-02,0.000000000000000000e+00,-9.998483092623299262e-01,5.288015007948802122e+02
5.084922773479844338e+00,1.467248580605108987e+00,4.714713324051778898e+00,-6.713711850427165999e-03,3.715379625478189740e-04,-9.999773937608448238e-01,5.292904569176156429e+02
4.820270060411072421e+00,1.466149074443183542e+00,4.778868838010998488e+00,3.990535107475306348e-03,7.430332966762309308e-04,-9.999917617316034235e-01,5.307952606555369357e+02
4.731116309867342551e+00,1.465145761243536793e+00,4.790293101097436335e+00,-2.129063795536638798e-05,-0.000000000000000000e+00,-9.999999997733544088e-01,5.312793846499293977e+02
4.443753625467302015e+00,1.458045973102803039e+00,4.798053479039268154e+00,-5.322672222898381053e-06,0.000000000000000000e+00,-9.999999999858346644e-01,5.327841883878506906e+02
4.149172092792756672e+00,1.445193559044036347e+00,4.778965281108711771e+00,1.064529351364108455e-05,0.000000000000000000e+00,-9.999999999433388798e-01,5.342889921257719834e+02
3.851066488637003182e+00,1.425486216040742438e+00,4.734571652734412162e+00,3.902853046974916109e-05,0.000000000000000000e+00,-9.999999992383868941e-01,5.357937958636932763e+02
3.553108337917010751e+00,1.397769663780805027e+00,4.666309582421269475e+00,7.409017549203036240e-05,0.000000000000000000e+00,-9.999999972553229588e-01,5.372985996016145691e+02
3.258961091711475966e+00,1.360833231756955364e+00,4.575515929945282778e+00,1.185015913312942564e-04,0.000000000000000000e+00,-9.999999929786864694e-01,5.388034033395358620e+02
2.972295237427455383e+00,1.313405122354305066e+00,4.463433034512634734e+00,1.765780557836182734e-04,0.000000000000000000e+00,-9.999999844100949664e-01,5.403082070774571548e+02
2.696657966970579690e+00,1.255046809799623464e+00,4.331111930842656221e+00,2.557732291848989698e-04,0.000000000000000000e+00,-9.999999672900270475e-01,5.418130108153784477e+02
2.603720041117455253e+00,1.231288398373276083e+00,4.277272835911115401e+00,3.701662436500327731e-04,0.000000000000000000e+00,-9.999999314884736590e-01,5.423472904042095024e+02
2.358144105416573044e+00,1.157285772070178131e+00,4.106782476942408167e+00,5.499266521755519048e-04,0.000000000000000000e+00,-9.999998487903271061e-01,5.438520941421307953e+02
2.131584817702812717e+00,1.076532698762959317e+00,3.917667533707401173e+00,8.734952054673355941e-04,0.000000000000000000e+00,-9.999996185029902396e-01,5.453568978800520881e+02
1.932403994556950666e+00,9.947272746967434909e-01,3.715396727032302504e+00,1.628487073883035400e-03,0.000000000000000000e+00,-9.999986740140459629e-01,5.468259496576584979e+02
1.754794281820623247e+00,9.149440741992566073e-01,3.490838817933495708e+00,5.403375044370430265e-03,0.000000000000000000e+00,-9.999854016625091546e-01,5.483307533955797908e+02
1.607690366290563500e+00,8.475992680089007303e-01,3.249769427198102800e+00,5.921355241064413764e-03,0.000000000000000000e+00,9.999824686223799386e-01,5.498355571335010836e+02
1.493887315071107169e+00,8.002275660574942329e-01,2.994046149592612061e+00,2.146476814680007075e-03,0.000000000000000000e+00,9.999976963159885601e-01,5.513403608714223765e+02
1.412815613203921128e+00,7.795777264848738897e-01,2.727756093268955961e+00,1.391485709814167327e-03,0.000000000000000000e+00,9.999990318832910896e-01,5.528451646093436693e+02
1.361011846129198233e+00,7.921167890026991065e-01,2.456670382609989378e+00,1.067917366888723870e-03,0.000000000000000000e+00,9.999994297760861350e-01,5.543499683472649622e+02
1.334276946394530539e+00,8.443557893429813888e-01,2.186958884037435880e+00,8.881570449337859545e-04,0.000000000000000000e+00,9.999996055884539103e-01,5.558547720851862550e+02
1.331365133933748446e+00,8.956450238335839087e-01,2.043887031096864426e+00,7.737640742905529034e-04,0.000000000000000000e+00,9.999997006445339176e-01,5.566739010753238972e+02
1.344377503555354236e+00,1.032724320102484938e+00,1.791317542148353148e+00,6.945689260933525120e-04,0.000000000000000000e+00,9.999997587869744464e-01,5.581787048132451901e+02
1.372439816504923416e+00,1.208679028782745135e+00,1.549557348573193716e+00,6.364924774542567989e-04,0.000000000000000000e+00,9.999997974386425348e-01,5.596835085511664829e+02
1.411647702286957573e+00,1.411190566564522575e+00,1.317305226677122798e+00,5.920810721832017428e-04,0.000000000000000000e+00,9.999998247199866075e-01,5.611883122890877758e+02
1.458049578645348454e+00,1.627393158948216234e+00,1.092822457528413782e+00,5.570194345711088763e-04,0.000000000000000000e+00,9.999998448646627569e-01,5.626931160270090686e+02
1.508473949315910501e+00,1.846308581428508067e+00,8.755384818771489996e-01,5.286362030106785516e-04,-0.000000000000000000e+00,9.999998602718727092e-01,5.641979197649303615e+02
1.561378026257069562e+00,2.060602690926809810e+00,6.671840737848686587e-01,2.190992554672726578e-01,-9.669741596199774372e-03,9.756546583454360766e-01,5.657027235028516543e+02
1.616023914058567490e+00,2.264738761734820027e+00,4.706630341576207854e-01,4.745094649274793630e-01,-2.097086822704653797e-02,8.800005627157525545e-01,5.672075272407729472e+02
1.671640236933582990e+00,2.453145443087812794e+00,2.889288051504876886e-01,7.114375272340214273e-01,-3.145630250571533615e-02,7.020449742543634075e-01,5.687123309786942400e+02
1.680550408727142786e+00,2.481353870351409086e+00,2.624385561858305627e-01,8.745894677226951908e-01,-3.867896690289741174e-02,4.833189427984974640e-01,5.689531249081373971e+02
1.735809203406904144e+00,2.642180447776480978e+00,1.149145640016655812e-01,9.590437976337161663e-01,-4.241982833310840167e-02,2.800634792051425737e-01,5.704579286460586900e+02
1.772058129258257786e+00,2.732152310584713639e+00,3.085920215438718583e-02,9.502596168748380645e-01,-8.479637558540438491e-02,2.996935688740500203e-01,5.714580308662229982e+02
1.825749668475810328e+00,2.840499269571618246e+00,-7.253924648377198248e-02,9.382124196580886588e-01,-1.308651096253075075e-01,3.203619494916192800e-01,5.729628346041442910e+02
1.846894537918928547e+00,2.874202300615190886e+00,-1.041599482885733480e-01,9.221920327977912724e-01,-1.807039973817482770e-01,3.419180018287053535e-01,5.735646647397358038e+02
1.898777602684827537e+00,2.936426777390862330e+00,-1.582747562571970024e-01,9.014140217908048758e-01,-2.342474276517661491e-01,3.641166076375219052e-01,5.750694684776570966e+02
1.949406265414261652e+00,2.976679071658113074e+00,-1.870513129377841255e-01,8.750586782970858346e-01,-2.912282205452600969e-01,3.865985425412241661e-01,5.765742722155783895e+02
1.998508109458899451e+00,2.998866668524323043e+00,-1.909772643909624645e-01,8.423385503398440610e-01,-3.511188376400777855e-01,4.088781340028477818e-01,5.780790759534996823e+02
2.046020304527808253e+00,3.005437692969256780e+00,-1.719626519366857786e-01,8.025974061149825367e-01,-4.130855220019223895e-01,4.303460877130185214e-01,5.795838796914209752e+02
2.091983995675918084e+00,2.998084201973981511e+00,-1.325846028678279720e-01,7.554345806761452176e-01,-4.759749062868320890e-01,4.502959947677727670e-01,5.810886834293422680e+02
2.136446005904205858e+00,2.978443430575663076e+00,-7.533481946348445646e-02,7.008350629442504642e-01,-5.383538867296269181e-01,4.679800286241204699e-01,5.825934871672635609e+02
2.179458655083219121e+00,2.948104164789440151e+00,-2.630031664847569482e-03,6.392718318746721806e-01,-5.986154944440331693e-01,4.826914281226946657e-01,5.840982909051848537e+02
2.221079648578835108e+00,2.908612925525650095e+00,8.317786468582945292e-02,5.717414654198583746e-01,-6.551443098320601788e-01,4.938599295490843644e-01,5.856030946431061466e+02
2.261372033572165208e+00,2.861479987533878777e+00,1.797919415834220436e-01,4.997054378822785581e-01,-7.065101993133181546e-01,5.011365219350266687e-01,5.871078983810274394e+02
2.300404221755627976e+00,2.808185256491268156e+00,2.849606031859516220e-01,4.249382189269766963e-01,-7.516416830454561993e-01,5.044425541166830396e-01,5.886127021189487323e+02
2.338254644378956915e+00,2.750176226992767425e+00,3.963693378226402775e-01,3.493170723321201709e-01,-7.899324977860040509e-01,5.039684830610752231e-01,5.901175058568700251e+02
2.359184267682488567e+00,2.715304251371867039e+00,4.620083705012553721e-01,2.746087315754332514e-01,-8.212581562876097863e-01,5.001250696311949628e-01,5.909734533878420280e+02
2.395030919753817322e+00,2.651504341980110535e+00,5.793080129415894008e-01,2.023039165179385257e-01,-8.459109349510310905e-01,4.934651107137924542e-01,5.924782571257633208e+02
2.430044711239440325e+00,2.585706597399210604e+00,6.961867773216291466e-01,1.335268717037448316e-01,-8.644848227506004568e-01,4.845993868824788331e-01,5.939830608636846137e+02
2.464417850531360532e+00,2.518690790627639675e+00,8.100603278139502095e-01,6.901908092037190023e-02,-8.777476706223285019e-01,4.741259254522827149e-01,5.954878646016059065e+02
2.498345544701208176e+00,2.451230604765906484e+00,9.183317216166720920e-01,9.177382308042518130e-03,-8.865289889382799160e-01,4.625820223766191064e-01,5.969926683395271994e+02
2.531981502269489148e+00,2.383866251004954862e+00,1.019681552098519850e+00,-4.587900832747997260e-02,-8.916374877233141927e-01,4.504194790207719512e-01,5.984974720774484922e+02
2.565391019160688124e+00,2.316676585715834680e+00,1.115363451235248382e+00,-9.623410499128474960e-02,-8.938101502056056136e-01,4.379981876971171251e-01,6.000022758153697851e+02
2.598593156506584734e+00,2.249510421612074040e+00,1.207908311221955966e+00,-1.421071371866469424e-01,-8.936875034168503262e-01,4.255915974231313514e-01,6.015070795532910779e+02
2.607703043094949269e+00,2.231001216609557414e+00,1.233095485343525866e+00,1.014875153428117759e-02,-0.000000000000000000e+00,9.999485000950276703e-01,6.019214951685222559e+02
