3.480105008199227523e+00,5.373175421523172623e+00,6.589114928411601291e+00,-2.795555591583251953e-01,3.936870416509918869e-05,-9.601295590400695801e-01,0.000000000000000000e+00
3.196877669113903586e+00,5.651924366868229299e+00,6.330541770387533518e+00,-2.461432114415608718e-01,-6.897589089783978666e-02,-9.667760060821143364e-01,2.289293108971917512e+00
2.917442461029964740e+00,5.927411089798843236e+00,6.067981458784351467e+00,-2.054984635126292369e-01,-1.486345713482644659e-01,-9.673045775215095565e-01,4.578586217943835024e+00
2.644003509381841255e+00,6.194786461401005084e+00,5.797455960932201613e+00,-1.564872367252118646e-01,-2.391969651542030506e-01,-9.582779119875020069e-01,6.867879326915752536e+00
2.378771051253852686e+00,6.449098038971644797e+00,5.514909764021940219e+00,-9.848066880007047552e-02,-3.394747524244106085e-01,-9.354455891921645838e-01,9.157172435887670048e+00
2.123981788592234299e+00,6.685241367530689871e+00,5.216170425889664841e+00,-3.195598322982434736e-02,-4.460514714180227602e-01,-8.944366383269594101e-01,1.144646554485958845e+01
1.881983857462146803e+00,6.899370431211869992e+00,4.898804422273042469e+00,4.091139772481902637e-02,-5.529504568093213113e-01,-8.322091382883057831e-01,1.373575865383150685e+01
1.655343397433775010e+00,7.090319192253337732e+00,4.563989909063259631e+00,1.161411567562059405e-01,-6.524608828439956154e-01,-7.488698338601738058e-01,1.602505176280342525e+01
1.619900224973522596e+00,7.118581963995524120e+00,4.504997760319264799e+00,1.887568954688922662e-01,-7.372861897899266603e-01,-6.486755034360384142e-01,1.641179307556017974e+01
1.428756482688036789e+00,7.261971166507627196e+00,4.143265341356148213e+00,2.542818333921307850e-01,-8.029365870765692303e-01,-5.391044299025631314e-01,1.870108618453209814e+01
1.259533350668147422e+00,7.381412809463523850e+00,3.770576914831363258e+00,3.099930780328556401e-01,-8.487652488076038448e-01,-4.283711521429544589e-01,2.099037929350401654e+01
1.115555756529490905e+00,7.476171468806033893e+00,3.389468855573732231e+00,3.552088275829307640e-01,-8.771864155604691682e-01,-3.230645154815608433e-01,2.327967240247593494e+01
1.000387359009802468e+00,7.545232709657001990e+00,3.002395637892176783e+00,3.907428415121825260e-01,-8.920361472144038295e-01,-2.271377200507831429e-01,2.556896551144785334e+01
9.165856144564602515e-01,7.587261808364328175e+00,2.612034669402452547e+00,4.181264700907305620e-01,-8.971961460103236030e-01,-1.421595251598977705e-01,2.785825862041977174e+01
8.644464646961894649e-01,7.600577412177374370e+00,2.221593293339285236e+00,4.390216570551887521e-01,-8.958922234213534397e-01,-6.809631891416674521e-02,3.014755172939169015e+01
8.420647444903736067e-01,7.584522189156879257e+00,1.834179208759511015e+00,4.416430351019832723e-01,-8.924944208428886583e-01,-9.167954139405909419e-02,3.243684483836360499e+01
8.453926559383045936e-01,7.540842671883114079e+00,1.452169921506483385e+00,4.441008439962992327e-01,-8.884152688372068951e-01,-1.161582991382372476e-01,3.472613794733552339e+01
8.694418119224041064e-01,7.472395424880136083e+00,1.077615691212185922e+00,4.463636916777911079e-01,-8.835875815390573651e-01,-1.415360042594583090e-01,3.701543105630744179e+01
8.941912793569634088e-01,7.416961814417853738e+00,8.545517373241702241e-01,4.483972665361871113e-01,-8.779408699369712910e-01,-1.678085821917032761e-01,3.841448287498020875e+01
9.473952063689550229e-01,7.306095399710483385e+00,5.013061484948558855e-01,4.501643977734557933e-01,-8.714019622193770465e-01,-1.949631637450554567e-01,4.070377598395212715e+01
1.009211460106957947e+00,7.177160525802542601e+00,1.621675895923760657e-01,4.516252155580380290e-01,-8.638958522810659124e-01,-2.229767276729266168e-01,4.299306909292404555e+01
1.075325946830787416e+00,7.032359224734600289e+00,-1.603966333244559728e-01,4.527374321439295857e-01,-8.553468039129409339e-01,-2.518147385909683678e-01,4.528236220189596395e+01
1.141489976786020044e+00,6.873784257627310268e+00,-4.637579905157498406e-01,4.534567645032696603e-01,-8.456797313630722845e-01,-2.814298397254776929e-01,4.757165531086788235e+01
1.203477430750235389e+00,6.703439145188648141e+00,-7.451011600196066897e-01,4.537375164333155020e-01,-8.348218658440391682e-01,-3.117606750210870081e-01,4.986094841983980075e+01
1.257042361779366457e+00,6.523257783013695743e+00,-1.001396642125309544e+00,4.535333330177370170e-01,-8.227047016113903100e-01,-3.427309291387862777e-01,5.215024152881171915e+01
1.297876611928328483e+00,6.335123831437688757e+00,-1.229371290475222978e+00,4.527981323252390222e-01,-8.092661943103675037e-01,-3.742486848463059124e-01,5.443953463778363755e+01
1.321567025922196548e+00,6.140890072008197365e+00,-1.425476473143365341e+00,4.514872081260919434e-01,-7.944531588934886646e-01,-4.062062028362740107e-01,5.672882774675555595e+01
1.323551841878430224e+00,5.942397926831154642e+00,-1.585853553979853281e+00,4.495584833877480091e-01,-7.782237859314552475e-01,-4.384802264921651149e-01,5.901812085572747435e+01
1.299075833238814814e+00,5.741497343197131897e+00,-1.706296358449046258e+00,4.469738780775476816e-01,-7.605501659688663763e-01,-4.709329011239788421e-01,6.130741396469939275e+01
1.245779552590378536e+00,5.540411582353279130e+00,-1.783638300697565793e+00,4.437007376598633424e-01,-7.414206851104748752e-01,-5.034133719821189956e-01,6.359670707367131115e+01
1.198814736933496050e+00,5.423353696559139792e+00,-1.803426792222786013e+00,4.397132525286984728e-01,-7.208421354178686791e-01,-5.357600874989102424e-01,6.494584133573400209e+01
1.096842312542027020e+00,5.230026855858909585e+00,-1.793418484325993711e+00,4.349937858150964565e-01,-6.988413753459282729e-01,-5.678037851290368421e-01,6.723513444470592049e+01
9.767520837054094462e-01,5.045168082662991438e+00,-1.739509460845353850e+00,4.295340200433730993e-01,-6.754663822173998522e-01,-5.993710804831317018e-01,6.952442755367783889e+01
8.432723528797186896e-01,4.872086250968150622e+00,-1.641121158109110079e+00,4.233358341677237457e-01,-6.507865630395854861e-01,-6.302885219299499964e-01,7.181372066264975729e+01
7.010358191359075120e-01,4.714155125021632031e+00,-1.497242348625080544e+00,4.164118329704790678e-01,-6.248922319208748410e-01,-6.603869198031661059e-01,7.410301377162167569e+01
5.546815344098805500e-01,4.573520106597842805e+00,-1.308383964147577849e+00,4.087854707408665744e-01,-5.978932192053585393e-01,-6.895057195842694275e-01,7.639230688059359409e+01
5.248586551783185339e-01,4.548321896402607756e+00,-1.261594351390628699e+00,4.004907391403001449e-01,-5.699166436153561000e-01,-7.174971687700679723e-01,7.685872793257605906e+01
3.814767149033773119e-01,4.440742883473983049e+00,-9.946800104125871345e-01,3.915714222756812579e-01,-5.411039463888759338e-01,-7.442300319520736007e-01,7.914802104154797746e+01
2.447853829899976907e-01,4.348478334677378321e+00,-6.934945781730519343e-01,3.820799562444071040e-01,-5.116073469139861274e-01,-7.695926387511149436e-01,8.143731415051989586e+01
1.196396393928820107e-01,4.270168407896766105e+00,-3.629125798756885901e-01,3.720759613939178534e-01,-4.815859246724215059e-01,-7.934951015035950350e-01,8.372660725949181426e+01
1.066172556883778801e-02,4.204576856855913647e+00,-7.583483950695644842e-03,3.616245392984718254e-01,-4.512015566241246445e-01,-8.158706073129088354e-01,8.601590036846373266e+01
-7.804404222014379999e-02,4.150622159341374129e+00,3.679621784641696758e-01,3.507944402161067843e-01,-4.206149400280633777e-01,-8.366757633269038541e-01,8.830519347743565106e+01
-1.425172423113741094e-01,4.107332495668284622e+00,7.593296363385297898e-01,3.396562094167800971e-01,-3.899819093011466786e-01,-8.558900454044645612e-01,9.059448658640756946e+01
-1.785693784819107344e-01,4.073796584764350470e+00,1.162278022115325493e+00,3.282804128769462038e-01,-3.594502162690447200e-01,-8.735144604100603116e-01,9.288377969537948786e+01
-1.817421175475336104e-01,4.049152073192753498e+00,1.571703743472386616e+00,3.167360264869707454e-01,-3.291568925808805446e-01,-8.895695754643049291e-01,9.517307280435140626e+01
-1.493804963975696454e-01,4.032581553544310360e+00,1.981644378570604603e+00,3.050890511065773580e-01,-2.992262583996038172e-01,-9.040930909917749281e-01,9.746236591332332466e+01
-8.272374149308531210e-02,4.023339095762682227e+00,2.387224969183956436e+00,2.934013917997981280e-01,-2.697685894152566655e-01,-9.171371388482989495e-01,9.975165902229524306e+01
1.520100973275301422e-02,4.020777392914818726e+00,2.784557060963074093e+00,2.817300163558802972e-01,-2.408794098859312616e-01,-9.287654751212067739e-01,1.020409521312671615e+02
1.416675395669725612e-01,4.024345633397504507e+00,3.169671963736063081e+00,2.701263880270182716e-01,-2.126393458923425683e-01,-9.390507137902369683e-01,1.043302452402390799e+02
2.942247435703549963e-01,4.033581001076378847e+00,3.538482146811752216e+00,2.586361516755350531e-01,-1.851144513687097148e-01,-9.480717171928140230e-01,1.066195383492109983e+02
4.706734431062027935e-01,4.048101301518029160e+00,3.886741478283852302e+00,2.472990417443640954e-01,-1.583569091357203695e-01,-9.559112266739524522e-01,1.089088314581829167e+02
6.690456004982459071e-01,4.067598615016858155e+00,4.210003921574506869e+00,2.361489744590116735e-01,-1.324060083526432674e-01,-9.626537855397840904e-01,1.111981245671548351e+02
8.875857430835626394e-01,4.091833889388914791e+00,4.503580287445597463e+00,2.252142847669730275e-01,-1.072893061794987363e-01,-9.683839789651739194e-01,1.134874176761267535e+02
1.124734423254817095e+00,4.120632396687245347e+00,4.762492620783301156e+00,2.145180697995241192e-01,-8.302389254212108605e-02,-9.731849932035743223e-01,1.157767107850986719e+02
1.379113560845906417e+00,4.153879988216385044e+00,4.981425778465555787e+00,2.040786041196858691e-01,-5.961769049988450975e-02,-9.771374797437771820e-01,1.180660038940705903e+02
1.519570143586038924e+00,4.173603060627427475e+00,5.071879867336615888e+00,1.939097967958903213e-01,-3.707073902903463419e-02,-9.803186986967135086e-01,1.192556536478048059e+02
1.804639006938262291e+00,4.216206146363143503e+00,5.196198671866960161e+00,1.840216656673749063e-01,-1.537641874719230389e-02,-9.828019089885388082e-01,1.215449467567767243e+02
2.102783942893904801e+00,4.263238304038542204e+00,5.266902039316311068e+00,1.215914223037137254e-01,-1.297906913928931899e-02,-9.924953751964981086e-01,1.238342398657486427e+02
2.163683414500103375e+00,4.273589762094806233e+00,5.270506568142654835e+00,5.842115383225071623e-02,-1.051988473495730700e-02,-9.982365956075101021e-01,1.242863636963915752e+02
2.479602925193297835e+00,4.331710054261710852e+00,5.237231579267590753e+00,-4.730092251022989698e-03,-8.028414844100014922e-03,-9.999565844487389166e-01,1.265756568053634936e+02
2.800020339040480088e+00,4.395272544565727912e+00,5.153862741090882160e+00,-6.904808391001204804e-02,6.157933370836032178e-02,-9.957109760208483484e-01,1.288649499143353978e+02
3.120877740718822846e+00,4.464625860518944833e+00,5.028173952983498118e+00,-1.415703016793570246e-01,1.402103155956353209e-01,-9.799484257260625553e-01,1.311542430233073162e+02
3.438080569752005378e+00,4.540065270611605364e+00,4.869925008980423797e+00,-2.209237488341558031e-01,2.264327399293574461e-01,-9.486416138295572509e-01,1.334435361322792346e+02
3.747502071623511011e+00,4.621990049921674171e+00,4.688558980141241506e+00,-3.040677179622872650e-01,3.170035426484754670e-01,-8.983604938116563909e-01,1.357328292412511530e+02
4.044943874366098591e+00,4.710907951367930835e+00,4.493294070239329585e+00,-3.863554334786808986e-01,4.069157893598709941e-01,-8.277372888731869827e-01,1.380221223502230714e+02
4.326095917286316705e+00,4.807441168049729541e+00,4.293213284096824900e+00,-4.624224269426120415e-01,4.903426685053557943e-01,-7.387351125427512599e-01,1.403114154591949898e+02
4.586495354327295715e+00,4.912333854104612207e+00,4.097352780798325433e+00,-5.276936805453039669e-01,5.622665050107199525e-01,-6.367069630965100924e-01,1.426007085681669082e+02
4.821484045327281365e+00,5.026461290900914314e+00,3.914789771221863113e+00,-5.796655585030726643e-01,6.198847253453982908e-01,-5.288958002941419601e-01,1.448900016771388266e+02
5.026164235592969654e+00,5.150840805741188078e+00,3.754730814892753177e+00,-6.182042892702299675e-01,6.629611734457252492e-01,-4.222628792960100852e-01,1.471792947861107450e+02
5.068921876792302328e+00,5.184986815433983764e+00,3.721930639842654376e+00,-6.449035978139573411e-01,6.931519276834580134e-01,-3.219312887485774599e-01,1.477545696330679732e+02
5.200957853617639515e+00,5.333124899146669762e+00,3.627130739637600243e+00,-6.621269057880017073e-01,7.129750327387287534e-01,-2.307695025838888137e-01,1.500438627420398916e+02
5.291023315385368520e+00,5.493382906368601937e+00,3.575043246343038827e+00,-7.563665935913105320e-01,6.349838855772743651e-01,-1.571783736913707485e-01,1.523331558510118100e+02
5.335979169559828428e+00,5.664364514037428577e+00,3.570271561499748447e+00,-8.351919860094663139e-01,5.440521584196161831e-01,-8.038404956532353707e-02,1.546224489599837284e+02
5.336306124736152512e+00,5.668544169229730478e+00,3.570822526319584966e+00,-8.369715322801765112e-01,5.452113721163536209e-01,-4.715096889329462720e-02,1.546755981662969361e+02
5.320998188138714724e+00,5.856650466224316176e+00,3.621030766261413625e+00,-8.378484958408090044e-01,5.457826346835354947e-01,-1.145485465608481711e-02,1.569648912752688545e+02
5.266320779497084992e+00,6.051711450097214673e+00,3.710687710538095541e+00,-8.376016984897585171e-01,5.456218684959037724e-01,2.683600764104633954e-02,1.592541843842407729e+02
5.179923995041423979e+00,6.252233615626956009e+00,3.829463776618864834e+00,-8.359738296930220303e-01,5.445614589765069846e-01,6.782752734517387416e-02,1.615434774932126913e+02
5.069129857458076316e+00,6.456696212123286038e+00,3.967312632517070892e+00,-8.326706031378623418e-01,5.424097051675769166e-01,1.115857446542830450e-01,1.638327706021846097e+02
4.941003936075191838e+00,6.663539492313358181e+00,4.114373472996513570e+00,-8.273626108844071014e-01,5.389520275428610896e-01,1.581196449464016829e-01,1.661220637111565281e+02
4.802424313490624819e+00,6.871151821797910841e+00,4.260875100453861641e+00,-8.196911615368890347e-01,5.339547710489792598e-01,2.073612841692920039e-01,1.684113568201284465e+02
4.660148563784087372e+00,7.077855547785010693e+00,4.397040877442478291e+00,-8.092794998674885942e-01,5.271725136771898690e-01,2.591444228948415196e-01,1.707006499291003649e+02
4.520879386715787263e+00,7.281891506597802710e+00,4.512993626280497494e+00,-7.957506424210798457e-01,5.183596847492711879e-01,3.131838953603371389e-01,1.729899430380722833e+02
4.391329527694617596e+00,7.481402029253506392e+00,4.598659550672364205e+00,-7.787524507848937461e-01,5.072868978885116675e-01,3.690591058721789941e-01,1.752792361470442017e+02
4.278286604649702340e+00,7.674412282955200837e+00,4.643670244760605748e+00,-7.579893597995827070e-01,4.937616190840603547e-01,4.262060463556399670e-01,1.775685292560161201e+02
4.188678460158172356e+00,7.858809763353629130e+00,4.637261836420807803e+00,-7.332583875312923549e-01,4.776516239359190896e-01,4.839225798269684020e-01,1.798578223649880385e+02
4.126250309983483078e+00,8.032831174700557852e+00,4.572923313375988563e+00,-7.044849627921810908e-01,4.589083360492218766e-01,5.413908720178368661e-01,1.821471154739599569e+02
4.088217904408393721e+00,8.195600899066297629e+00,4.453086218200496660e+00,-6.717523471399622359e-01,4.375859928100381824e-01,5.977183977496466349e-01,1.844364085829318753e+02
4.075217549324388955e+00,8.297510296753976888e+00,4.339025699637773847e+00,-6.353178635386869111e-01,4.138522168923735034e-01,6.519950573753655609e-01,1.859812967615600598e+02
4.069907891196867133e+00,8.436182251077994465e+00,4.126165807292329291e+00,-5.956104990012649480e-01,3.879864545962610767e-01,7.033595414361616394e-01,1.882705898705319782e+02
4.073549627186878297e+00,8.561912800149986680e+00,3.874714302246822228e+00,-5.532078206278466803e-01,3.603649387313213603e-01,7.510647229962003069e-01,1.905598829795038966e+02
4.080591166524002666e+00,8.674068069399524461e+00,3.590035541197392543e+00,-5.087947033741860858e-01,3.314338034848635095e-01,7.945310464204220491e-01,1.928491760884758150e+02
4.085507099652654794e+00,8.771940914222019714e+00,3.277170668823336186e+00,-4.631105704883257124e-01,3.016747163307403889e-01,8.333792444192168469e-01,1.951384691974477334e+02
4.082743056912782720e+00,8.854744006494891906e+00,2.940886654580099346e+00,-4.168941589873805253e-01,2.715688977253241099e-01,8.674385246174262099e-01,1.974277623064196518e+02
4.066660207138904859e+00,8.921602731507766393e+00,2.585722662507945913e+00,-3.708345119249831234e-01,2.415651969952992417e-01,8.967318553313369245e-01,1.997170554153915702e+02
4.033187338471890371e+00,8.971305622320043582e+00,2.215921254940910412e+00,-3.255343651187355136e-01,2.120562420968920836e-01,9.214442616428223376e-01,2.020063485243634887e+02
3.981484670979836160e+00,9.002027462366367416e+00,1.835356711062392732e+00,-2.814885324574013525e-01,1.833643595953801386e-01,9.418820083880754535e-01,2.042956416333354071e+02
3.912220211675193404e+00,9.011518838205889281e+00,1.447685663381908849e+00,-2.390765985440450603e-01,1.557368145819750527e-01,9.584301876571235113e-01,2.065849347423073255e+02
3.825863937751472932e+00,8.997316177708261975e+00,1.056495617118533570e+00,-1.985670351210404583e-01,1.293484921529902687e-01,9.715143334717131207e-01,2.088742278512792439e+02
3.722689993327437108e+00,8.956719734258607346e+00,6.653398470058344838e-01,-1.601289692439492318e-01,1.043095633124185156e-01,9.815692681672765207e-01,2.111635209602511623e+02
3.602776711725471426e+00,8.886769245017852370e+00,2.777719611203021133e-01,-1.238479803923551031e-01,8.067577536311212882e-02,9.890162268751183650e-01,2.134528140692230807e+02
3.467317155147470409e+00,8.785932302745090183e+00,-1.028595887558774041e-01,-8.974304325813386995e-02,5.845948860335368341e-02,9.942477932482440828e-01,2.157421071781949991e+02
3.319966090223432698e+00,8.655788559612446420e+00,-4.739102968138644845e-01,-5.778265756715566387e-02,3.764018344912170577e-02,9.976193568061885175e-01,2.180314002871669175e+02
3.165597798804583363e+00,8.499303873408779353e+00,-8.334651269868378343e-01,-2.789905237277066213e-02,1.817371324860363527e-02,9.994455257909051760e-01,2.203206933961388359e+02
3.009049012729193784e+00,8.319134488797971017e+00,-1.179788523654302645e+00,-0.000000000000000000e+00,0.000000000000000000e+00,1.000000000000000000e+00,2.226099865051107543e+02
2.954645282377171167e+00,8.247910969112311363e+00,-1.296475705543557844e+00,0.000000000000000000e+00,-3.901635473042014413e-02,9.992385721455863123e-01,2.234163353640865637e+02
2.804978570074214250e+00,8.024228833336838562e+00,-1.609825414760661433e+00,0.000000000000000000e+00,-7.803270963141456518e-02,9.969507993013393410e-01,2.257056284730584821e+02
2.662517689167341217e+00,7.778853933881977767e+00,-1.900738877404932747e+00,0.000000000000000000e+00,-1.168706797253571267e-01,9.931471412739065752e-01,2.279949215820304005e+02
2.530503020850186857e+00,7.510872403462177438e+00,-2.164068452579336110e+00,-1.424020885196139712e-03,-1.562969478621050456e-01,9.877090848288827551e-01,2.302842146910023189e+02
2.411260743064597367e+00,7.220479988956633122e+00,-2.396062602884411419e+00,-2.854938345157725758e-03,-1.957270019122002436e-01,9.806542663189239395e-01,2.325735077999742373e+02
2.354847340212820050e+00,7.054552102246197443e+00,-2.502853628167037492e+00,-4.285872526232365441e-03,-2.349685461403669684e-01,9.719935255038334443e-01,2.337967999495247113e+02
2.262749934580956079e+00,6.727222498490634806e+00,-2.670797973396674685e+00,-5.709876630211094262e-03,-2.738301564435175472e-01,9.617611152105216554e-01,2.360860930584966297e+02
2.183635875217444955e+00,6.386634221221331842e+00,-2.806842272181176323e+00,-7.120104276806118321e-03,-3.121259140157114920e-01,9.500140619564239053e-01,2.383753861674685481e+02
2.117440810666769035e+00,6.036347824800882833e+00,-2.910989998303991300e+00,-8.509972854394485045e-03,-3.496798190746399082e-01,9.368306167573433596e-01,2.406646792764404665e+02
2.064265274015345764e+00,5.679828638519022199e+00,-2.982934357557927463e+00,-7.247608268193045031e-03,-2.791910710779825222e-01,9.602082159639750980e-01,2.429539723854123849e+02
2.024374819520071256e+00,5.320478941939369655e+00,-3.022055303457044317e+00,-5.914366448883005313e-03,-2.054614863298911132e-01,9.786473307093931373e-01,2.452432654943843033e+02
1.998202124288310122e+00,4.961669510440108510e+00,-3.027413505848316255e+00,-4.530593456746248755e-03,-1.296526254052319249e-01,9.915491265935643117e-01,2.475325586033562217e+02
1.986351070439939193e+00,4.606770818770550058e+00,-2.997741213753835510e+00,-3.120020379133669596e-03,-5.307682221491252794e-02,9.985855578849517356e-01,2.498218517123281401e+02
1.989602845728294378e+00,4.259184186807004835e+00,-2.931429923563586559e+00,-1.707782954011553920e-03,2.291339219765497343e-02,9.997359951184005000e-01,2.521111448213000585e+02
2.008924123490941405e+00,3.922373150592238122e+00,-2.826514732623671033e+00,-3.182420956568052239e-04,9.704156348154953371e-02,9.952802789561465691e-01,2.544004379302719769e+02
2.044590228532501275e+00,3.598861090660823603e+00,-2.682422221843646426e+00,-2.125646164485919267e-04,6.476233550617949142e-02,9.979006938148048400e-01,2.566897310392438953e+02
2.052517219826941020e+00,3.551194913296979561e+00,-2.654744382062030006e+00,-1.065528312764367567e-04,3.238116761239383939e-02,9.994755868106796060e-01,2.570424499069938520e+02
2.118562164006982940e+00,3.255957069910933477e+00,-2.441977678999000201e+00,-5.404792773332821109e-07,4.384787238159074692e-12,9.999999999998538946e-01,2.593317430159657420e+02
2.197427520822487157e+00,2.974724553132751304e+00,-2.197135880114379880e+00,-1.362867078569239667e-07,4.560178727686061167e-12,9.999999999999907851e-01,2.616210361249376319e+02
2.287342719871493735e+00,2.707500634240425086e+00,-1.923585248607768694e+00,3.382002215284367030e-07,4.766073084955939254e-12,9.999999999999428235e-01,2.639103292339095219e+02
2.386646719368799463e+00,2.454444356418599149e+00,-1.624412787859115914e+00,9.030656136535415786e-07,5.011185415037631341e-12,9.999999999995922151e-01,2.661996223428814119e+02
2.493773356653149254e+00,2.215870991872086027e+00,-1.302456269684150403e+00,1.586850035698514104e-06,5.307900340923499237e-12,9.999999999987410071e-01,2.684889154518533019e+02
2.607237645344298471e+00,1.992254182373243809e+00,-9.603318382374942397e-01,2.431524909986184761e-06,5.674430543484032551e-12,9.999999999970438092e-01,2.707782085608251919e+02
2.725622902627767186e+00,1.784229774645321953e+00,-6.004594580755633348e-01,3.501446417409533418e-06,6.138702133385970480e-12,9.999999999938699036e-01,2.730675016697970818e+02
2.847568598523017247e+00,1.592601379798111116e+00,-2.250864539205959247e-01,4.900574542482892120e-06,6.745826520164713061e-12,9.999999999879921608e-01,2.753567947787689718e+02
2.971758826499842243e+00,1.418347704048905422e+00,1.636906288959187883e-01,6.808476531171303738e-06,7.573723411191238424e-12,9.999999999768223180e-01,2.776460878877408618e+02
3.096911301524087445e+00,1.262631716367843993e+00,5.639056306650112038e-01,9.564334959140077574e-06,8.769574475918323880e-12,9.999999999542618090e-01,2.799353809967127518e+02
3.221766797607492183e+00,1.126811737659751067e+00,9.737036518326702694e-01,1.389496963119799523e-05,1.064876900593132797e-11,9.999999999034649978e-01,2.822246741056846417e+02
3.345078942272874389e+00,1.012454555839777282e+00,1.391323009794589893e+00,2.169011203876843413e-05,1.403131915881049412e-11,9.999999997647696093e-01,2.845139672146565317e+02
3.465604290089926209e+00,9.213506918759517550e-01,1.815078102435165652e+00,3.987877763860026226e-05,2.192393617336556401e-11,9.999999992048416164e-01,2.868032603236284217e+02
3.582092601652405950e+00,8.555319637241493025e-01,2.243343011712342516e+00,1.308221046830356795e-04,6.138702080893419033e-11,9.999999914427883940e-01,2.890925534326003117e+02
3.693304232927122843e+00,8.157836925505185244e-01,2.674199380794451741e+00,1.420078771622038582e-04,5.700223352131609900e-11,-9.999999899168814377e-01,2.913818465415722017e+02
3.798005716857212555e+00,8.000331011685287708e-01,3.105087788585089381e+00,5.106455039531016351e-05,1.753914892977141428e-11,-9.999999986962058163e-01,2.936711396505440916e+02
3.894898959003091132e+00,8.047256012663841496e-01,3.533125502471946344e+00,3.287588481768172183e-05,9.646531918738275876e-12,-9.999999994595880626e-01,2.959604327595159816e+02
3.982571167983406379e+00,8.264101326898259936e-01,3.955408402114721778e+00,2.508074241622854132e-05,6.263981766829437012e-12,-9.999999996854781470e-01,2.982497258684878716e+02
4.059482705441046058e+00,8.618180552499651315e-01,4.368976388149831358e+00,2.075010774668800220e-05,4.384787237215743866e-12,-9.999999997847165423e-01,3.005390189774597616e+02
4.123953749694149629e+00,9.078325617996858554e-01,4.770784588361808964e+00,1.799424931999352167e-05,3.188936172690787747e-12,-9.999999998381035038e-01,3.028283120864316516e+02
4.174149261031899094e+00,9.614597317664000942e-01,5.157673739244707178e+00,1.608634733203802056e-05,2.361039281780516803e-12,-9.999999998706147197e-01,3.051176051954035415e+02
4.208062117089751197e+00,1.019800960543523205e+00,5.526339454841218135e+00,1.468721920742450037e-05,1.753914895074713942e-12,-9.999999998921428324e-01,3.074068983043754315e+02
4.223494265984577112e+00,1.080026515143626575e+00,5.873300083930299564e+00,1.361729770030846289e-05,1.289643305221522921e-12,-9.999999999072847201e-01,3.096961914133473215e+02
4.218035722789973185e+00,1.139349979316933270e+00,6.194862842904501399e+00,1.277262282623626789e-05,9.231131026951681615e-13,-9.999999999184300270e-01,3.119854845223192115e+02
4.189041211241058882e+00,1.195003362058408847e+00,6.487087894899821627e+00,1.208883840434820017e-05,6.263981768341882842e-13,-9.999999999269300055e-01,3.142747776312911014e+02
4.133604227023434774e+00,1.244212652195356261e+00,6.745750025762748514e+00,1.152397301234087660e-05,3.812858467711788969e-13,-9.999999999335991152e-01,3.165640707402629914e+02
4.095322975426782364e+00,1.262424068662080234e+00,6.845926215697795136e+00,1.104948608304617289e-05,1.753914895156811012e-13,-9.999999999389543870e-01,3.176003337468430345e+02
3.979165750551864278e+00,1.291578117108110213e+00,7.026042005216634578e+00,1.064529351364108455e-05,0.000000000000000000e+00,-9.999999999433388798e-01,3.198896268558149245e+02
3.830819056165502001e+00,1.308460068533519038e+00,7.162185823484439773e+00,0.000000000000000000e+00,2.371239420780988857e-02,-9.997188216498343882e-01,3.221789199647868145e+02
3.654214463684786640e+00,1.313694297573274827e+00,7.255266695436211499e+00,6.451612227900324278e-03,2.108178009797486915e-02,-9.997569380842332709e-01,3.244682130737587045e+02
3.455716307209945715e+00,1.308969659058709878e+00,7.307992307145060096e+00,1.290510580273174571e-02,1.844924717503354170e-02,-9.997465096327642353e-01,3.267575061827305944e+02
3.241491004743971338e+00,1.295809830574988997e+00,7.322677796177870846e+00,1.935954071276329430e-02,1.581517788450121850e-02,-9.996874953363539262e-01,3.290467992917024844e+02
3.017565987599799993e+00,1.275590056050940557e+00,7.301268271653945874e+00,2.581397584891748434e-02,1.317995562285269491e-02,-9.995798754580103029e-01,3.313360924006743744e+02
2.789887432538447953e+00,1.249551806563951484e+00,7.245357734924019688e+00,3.226746969022151190e-02,1.054396445876766911e-02,-9.994236515178549496e-01,3.336253855096462644e+02
2.564377342562606188e+00,1.218815511961984788e+00,7.156204584916889821e+00,3.871908099025883621e-02,7.907588853355976277e-03,-9.992188463023483624e-01,3.359146786186181544e+02
2.534553307598307548e+00,1.214027196875482995e+00,7.139916435892303959e+00,4.516786946345395515e-02,5.271213379838001617e-03,-9.989655038476736859e-01,3.362266884375416680e+02
2.325952695710304052e+00,1.175033290872693259e+00,6.990481042828568192e+00,5.161289647002316461e-02,2.635222443156978126e-03,-9.986636893973114271e-01,3.385159815465135580e+02
2.132658007470089601e+00,1.133333367011481574e+00,6.809310784924855753e+00,5.805322569842741309e-02,0.000000000000000000e+00,-9.983134893338903026e-01,3.408052746554854480e+02
1.960419787894998711e+00,1.087549445719788954e+00,6.596257193774240690e+00,1.065309812990342326e-03,4.290253040927120565e-01,-9.032918429628147283e-01,3.430945677644573379e+02
1.812410010106795477e+00,1.034603525458635875e+00,6.351846489879142688e+00,1.109027506199072085e-03,4.534844993815092540e-01,-8.912634733223910866e-01,3.453838608734292279e+02
1.747065712394656023e+00,1.002701801092868328e+00,6.207848843968766239e+00,1.160320901254364382e-03,4.823455271992248550e-01,-8.759802772016662686e-01,3.465905278733674777e+02
1.645776852335514295e+00,9.366720296594908124e-01,5.909134947038690910e+00,1.221071784850867028e-03,5.167733083538300631e-01,-8.561214030479168402e-01,3.488798209823393677e+02
1.565720110558651124e+00,8.676034312378961832e-01,5.588094008712175764e+00,1.293654295136183489e-03,5.582899703944484981e-01,-8.296448851258776402e-01,3.511691140913112577e+02
1.505412017429514471e+00,7.980869041593182667e-01,5.248097485829363862e+00,1.380905794152086303e-03,6.088275396016515906e-01,-7.933014055967547717e-01,3.534584072002831476e+02
1.463591215256990763e+00,7.307237527024168511e-01,4.892332448097491238e+00,1.485710530101887195e-03,6.706285927806329150e-01,-7.417918058385983837e-01,3.557477003092550376e+02
1.439206295590094609e+00,6.681488465854941161e-01,4.523832579725245218e+00,1.609392694261569095e-03,7.456010419403994449e-01,-6.663906482781299934e-01,3.580369934182269276e+02
1.431405951982866132e+00,6.130542278940876999e-01,4.145507689029945375e+00,1.746901336127054715e-03,8.330544968759132640e-01,-5.531881719365853156e-01,3.603262865271988176e+02
1.439531357356114372e+00,5.682133722819477928e-01,3.760172013066662711e+00,1.875304981542265815e-03,9.237030952444366116e-01,-3.831045223787803433e-01,3.626155796361707075e+02
1.463110699217993416e+00,5.365063185417248137e-01,3.370571592606678824e+00,1.937692670773042553e-03,9.898933027484385638e-01,-1.418008974615523332e-01,3.649048727451425975e+02
1.501855829568439660e+00,5.209458897425148782e-01,2.979410983749872788e+00,1.856211395366383701e-03,9.884131585226506589e-01,1.517760934354722702e-01,3.671941658541144875e+02
1.555661009555334706e+00,5.247052401483175421e-01,2.589379566004990085e+00,1.614743911149913195e-03,9.017420314934234682e-01,4.322715596013868011e-01,3.694834589630863775e+02
1.624185189863715850e+00,5.504704700395381956e-01,2.203128863914533220e+00,1.298288088321849706e-03,7.662020311159780661e-01,6.425984453465395374e-01,3.717727520720582675e+02
1.706079368199393320e+00,5.991945675786717329e-01,1.823102052926934835e+00,9.982293557929101079e-04,6.286988940903954770e-01,7.776481878765402200e-01,3.740620451810301574e+02
1.799027968083620754e+00,6.701955709323054178e-01,1.451459116230921609e+00,7.510499394632902002e-04,5.113099807994935242e-01,8.593960317914028924e-01,3.763513382900020474e+02
1.900472675673493761e+00,7.624354926162427715e-01,1.090294141924224247e+00,5.571414595358159050e-04,4.171687329050101645e-01,9.088288826175269230e-01,3.786406313989739374e+02
2.007928770304737931e+00,8.751116511048795399e-01,7.418031403922632494e-01,4.061487701806387220e-04,3.427603317760181678e-01,9.394227961913477198e-01,3.809299245079458274e+02
2.118963185631626889e+00,1.007648131619869769e+00,4.083054056058900705e-01,2.874787369034507772e-04,2.836468381312549081e-01,9.589287713767470356e-01,3.832192176169177174e+02
2.231172999847984340e+00,1.159689702788275323e+00,9.226607563393660061e-02,1.928008109848532441e-04,2.360990667156516731e-01,9.717289712280094971e-01,3.855085107258896073e+02
2.342164169638494720e+00,1.331098125943260824e+00,-2.036798881751922807e-01,1.160320916982047508e-04,1.972990971753693923e-01,9.803433341387790545e-01,3.877978038348614973e+02
2.435035988784082228e+00,1.496188794991856641e+00,-4.399099835315801177e-01,5.281083428757503000e-05,1.651822698532479372e-01,9.862630556485144639e-01,3.897783288969031901e+02
2.536413185898577449e+00,1.706603492464088490e+00,-6.870794751408598744e-01,-0.000000000000000000e+00,1.382410334876689184e-01,9.903986150334931349e-01,3.920676220058750800e+02
2.630329835934009708e+00,1.935828548976994856e+00,-9.064944426927925569e-01,0.000000000000000000e+00,1.268139921628686773e-01,9.919265151167780958e-01,3.943569151148469700e+02
2.716849772516078509e+00,2.181021529144373972e+00,-1.098857488397681825e+00,0.000000000000000000e+00,1.153547931095267043e-01,9.933243537267463230e-01,3.966462082238188600e+02
2.796811694339407683e+00,2.438309345573927089e+00,-1.266033899467731150e+00,0.000000000000000000e+00,1.038679337792971780e-01,9.945910980560903614e-01,3.989355013327907500e+02
2.870948667156727474e+00,2.703928948294909151e+00,-1.409643964868485533e+00,0.000000000000000000e+00,9.235795934607266000e-02,9.957258695772793766e-01,4.012247944417626400e+02
2.939896321580824701e+00,2.974191549124693523e+00,-1.531078736362570192e+00,0.000000000000000000e+00,8.082945377939508569e-02,9.967279465339198286e-01,4.035140875507345299e+02
3.004199711556160945e+00,3.245447492528426459e+00,-1.631513559694378168e+00,0.000000000000000000e+00,6.928703075216774421e-02,9.975967659177470415e-01,4.058033806597064199e+02
3.064318906100263362e+00,3.514051442822630822e+00,-1.711919507537675189e+00,0.000000000000000000e+00,5.773532442456872499e-02,9.983319249195579115e-01,4.080926737686783099e+02
3.120633370924623673e+00,3.776327559976017767e+00,-1.773072825416019738e+00,0.000000000000000000e+00,4.617898014703751552e-02,9.989331818458027090e-01,4.103819668776501999e+02
3.173445181117378944e+00,4.028534335623214169e+00,-1.815562482479043060e+00,0.000000000000000000e+00,3.462264512581521986e-02,9.994004564960393688e-01,4.126712599866220899e+02
3.222981091024477607e+00,4.266828757216431178e+00,-1.839795900584459076e+00,0.000000000000000000e+00,2.307095909476616566e-02,9.997338299999892763e-01,4.149605530955939798e+02
3.269393472622635244e+00,4.487229461455513935e+00,-1.846002917414444555e+00,0.000000000000000000e+00,1.152854503708434196e-02,9.999335441164717286e-01,4.172498462045658698e+02
3.312760118854497282e+00,4.685578528190719183e+00,-1.834238022176415850e+00,-0.000000000000000000e+00,0.000000000000000000e+00,1.000000000000000000e+00,4.195391393135377598e+02
3.340831609081734044e+00,4.806001793562065139e+00,-1.813406101665063108e+00,-3.366833091492106578e-02,1.659742333476147552e-02,9.992952361699970476e-01,4.211399315301606521e+02
3.377636961102499225e+00,4.947979831978796206e+00,-1.765366796701157703e+00,-7.209812937912030151e-02,3.554209972491797348e-02,9.967640738345135976e-01,4.234292246391325421e+02
3.411068424148870015e+00,5.055023558965824115e+00,-1.698616293939777755e+00,-1.161114258515148073e-01,5.723926421331114456e-02,9.915854998027385792e-01,4.257185177481044320e+02
3.440886582161741813e+00,5.121868820393014943e+00,-1.612499362667373592e+00,-1.666157873109753995e-01,8.213631864445281039e-02,9.825949341301738471e-01,4.280078108570763220e+02
3.466757667651751529e+00,5.142860695723262765e+00,-1.506172388840338661e+00,-2.245358397499606640e-01,1.106890744175459407e-01,9.681588637575794243e-01,4.302971039660482120e+02
3.491756853919802062e+00,5.116831546591376956e+00,-1.377814274268096328e+00,-2.906597268969614567e-01,1.432860614880390460e-01,9.460370118253459415e-01,4.325863970750201020e+02
3.523702765855950769e+00,5.051134145633529471e+00,-1.224479483788048606e+00,-3.653464955018821958e-01,1.801042785589623552e-01,9.132822056019974655e-01,4.348756901839919919e+02
3.569539579013908170e+00,4.955899416343383379e+00,-1.043501944145923233e+00,-4.480453577953597000e-01,2.208722046630653968e-01,8.662971929801602800e-01,4.371649832929638819e+02
3.593914567610873689e+00,4.911248965437770231e+00,-9.633218420908655766e-01,-5.366513121604967740e-01,2.645521405142062799e-01,8.012599666186804859e-01,4.380384556135304592e+02
3.679315137088849497e+00,4.778546397523942169e+00,-7.224776186682054790e-01,-6.269274819427186340e-01,3.090554397927666730e-01,7.151549954516587260e-01,4.403277487225023492e+02
3.790710420703971018e+00,4.637252715764231148e+00,-4.483451690960130187e-01,-7.125271397785555294e-01,3.512533664438463599e-01,6.073929104301892812e-01,4.426170418314742392e+02
3.797180894064021484e+00,4.630457406207223237e+00,-4.341291265441787894e-01,-7.862022985904887351e-01,3.875728918503021370e-01,4.813244219794233780e-01,4.427256370861926484e+02
3.956935134525545461e+00,4.487980606440903131e+00,-1.103425609624671955e-01,-8.420775219214191587e-01,4.151176114828633579e-01,3.443585569017332815e-01,4.450149301951645384e+02
4.136616756975993070e+00,4.347755316085060606e+00,2.414111382063467981e-01,-8.776984612308266209e-01,4.326776090602326708e-01,2.059987809938677028e-01,4.473042233041364284e+02
4.325214350888371584e+00,4.212319009667194081e+00,6.134153335443506272e-01,-8.944188349486003053e-01,4.409202249953849129e-01,7.486189203598701825e-02,4.495935164131083184e+02
4.511832393973853605e+00,4.084374250664532191e+00,9.981503704570147129e-01,-8.960906936098388398e-01,4.417443984902512111e-01,-4.339764081518785593e-02,4.518828095220802084e+02
4.685586062928559947e+00,3.966814488720212140e+00,1.388220431133215138e+00,-8.872700368775606750e-01,4.373960934243961707e-01,-1.464122232478181629e-01,4.541721026310520983e+02
4.838244957229247412e+00,3.862742977575893022e+00,1.777617103827614287e+00,-8.719791566863263066e-01,4.298581726306284767e-01,-2.342526450806056704e-01,4.564613957400239883e+02
4.966902932464009268e+00,3.775455206927427643e+00,2.162996447887192364e+00,-8.532361675011053137e-01,4.206184711778871987e-01,-3.083312247762178271e-01,4.587506888489958783e+02
5.071202943729675283e+00,3.708423785165443132e+00,2.542310955471716039e+00,-8.330789139471144189e-01,4.106815820773513925e-01,-3.705673505304264981e-01,4.610399819579677683e+02
5.150587016125533601e+00,3.665324739259286257e+00,2.913454124066934270e+00,-8.127799595370237551e-01,4.006748389320300419e-01,-4.229047301955676241e-01,4.633292750669396582e+02
5.204293154422027001e+00,3.650075713256432319e+00,3.274239965869592872e+00,-7.930794030203808243e-01,3.909630870408126735e-01,-4.670898468992388808e-01,4.656185681759115482e+02
5.231350671244271666e+00,3.666876575891574674e+00,3.622381744008116300e+00,-7.743715921652526424e-01,3.817407273932900136e-01,-5.046014806723155832e-01,4.679078612848834382e+02
5.230573915974225940e+00,3.720252852237402319e+00,3.955469728732180279e+00,-7.568367543073092341e-01,3.730966063713681558e-01,-5.366535657607670595e-01,4.701971543938553282e+02
5.201764018223340891e+00,3.812276066229051796e+00,4.271719526640053388e+00,-7.442299902572461212e-01,3.396873572464608193e-01,-5.750949668781797364e-01,4.724864475028272182e+02
5.146880028747450986e+00,3.939742846239355334e+00,4.570726492750329051e+00,-7.283826459983014923e-01,3.027075105929848409e-01,-6.146762432688537281e-01,4.747757406117991081e+02
5.068791402635980603e+00,4.096946829467901452e+00,4.852690024939263935e+00,-7.088274581030068466e-01,2.620140311817752976e-01,-6.549139501515490736e-01,4.770650337207709981e+02
5.007691765249343341e+00,4.209093100050682601e+00,5.016068610681631235e+00,-6.851259883827742758e-01,2.175782762061109765e-01,-6.951705357433556332e-01,4.784771858300667873e+02
4.889688654919734034e+00,4.411077976313394267e+00,5.263411402524539540e+00,-6.569164264266657005e-01,1.695273398374357587e-01,-7.346572600461127589e-01,4.807664789390386773e+02
4.754864847489380431e+00,4.628705543275469125e+00,5.492749430659060295e+00,-6.239706946720665615e-01,1.181808543113016668e-01,-7.724596156853184015e-01,4.830557720480105672e+02
4.605094975605692476e+00,4.857058341945385216e+00,5.703604353150755202e+00,-5.862531521953212588e-01,6.407351096979593819e-02,-8.075901353614054479e-01,4.853450651569824572e+02
4.442054202742417246e+00,5.091304837311708020e+00,5.895318036890356161e+00,-5.439687799456082162e-01,7.952866103668137718e-03,-8.390677674450518486e-01,4.876343582659543472e+02
4.267235371417707590e+00,5.326654136702948072e+00,6.067046155717016553e+00,-4.975867427294023981e-01,-4.925500031013840124e-02,-8.660146525344658563e-01,4.899236513749262372e+02
4.081963873079846650e+00,5.558310933869807791e+00,6.217749977384825932e+00,-4.478279581830186262e-01,-1.065122346219704724e-01,-8.877529294491023348e-01,4.922129444838981271e+02
3.887410386014525709e+00,5.781430261100050316e+00,6.346186259481901182e+00,-3.956133594034021428e-01,-1.627591228845777227e-01,-9.038802673913163277e-01,4.945022375928700171e+02
3.684601602158071199e+00,5.991071628354449174e+00,6.450895156017481646e+00,-3.419805549940966860e-01,-2.170099897899319119e-01,-9.143062749086344754e-01,4.967915307018419071e+02
3.474429039361723870e+00,6.182152121235933606e+00,6.530186017040536584e+00,-2.879859033387647815e-01,-2.684355019943157616e-01,-9.192423514760486025e-01,4.990808238108137971e+02
3.257656012163403059e+00,6.349398018489915252e+00,6.582120943157660165e+00,-2.346123439934334753e-01,-3.164162804727536638e-01,-9.191505782502095157e-01,5.013701169197856871e+02
3.034922811212424687e+00,6.487294474564956559e+00,6.604495934980156413e+00,-1.826995260784255171e-01,-3.605618475547301416e-01,-9.146671729425072117e-01,5.036594100287575770e+02
2.806750118888320156e+00,6.590032793385945276e+00,6.594819454135510739e+00,-1.329043574978198694e-01,-4.006983820760355863e-01,-9.065192983934423632e-01,5.059487031377294670e+02
2.573540666088625084e+00,6.651454795715530999e+00,6.550288187299701193e+00,-8.569124709842544652e-02,-4.368349185283836311e-01,-8.954508719773613956e-01,5.082379962467013570e+02
2.336093540235274713e+00,6.668603160806475749e+00,6.469124589981421813e+00,-4.134525621693230235e-02,-4.691193041521345974e-01,-8.821664515612532842e-01,5.105272893556732470e+02
2.096173742093633496e+00,6.645295492817967720e+00,6.351924408279851164e+00,8.697107866803648843e-07,-4.977934321499777326e-01,-8.672956237106175248e-01,5.128165824646451938e+02
2.074300646519577906e+00,6.639944434639064141e+00,6.338497994326616869e+00,5.980952110605056160e-02,-4.734947006381295953e-01,-8.787636711042809967e-01,5.130247727407515868e+02
1.834498489036076485e+00,6.549219309979295467e+00,6.161196185267920455e+00,1.204284195273162134e-01,-4.466687108095376280e-01,-8.865574197726272532e-01,5.153140658497235336e+02
1.597155731488440811e+00,6.432020061098567609e+00,5.950731423990738733e+00,1.810528360881269450e-01,-4.175825404149985931e-01,-8.904182682790161563e-01,5.176033589586954804e+02
1.364750085518435574e+00,6.294382176722301381e+00,5.707806351134962597e+00,2.408559555501768867e-01,-3.866021187699832939e-01,-8.902399735119576052e-01,5.198926520676674272e+02
1.139871608999194930e+00,6.142113531081570876e+00,5.432807855522763241e+00,2.990440925038231335e-01,-3.541697863467219709e-01,-8.860792251134669284e-01,5.221819451766393740e+02
9.252460162756173112e-01,5.980849952242363265e+00,5.125810837559415134e+00,3.549082712986311727e-01,-3.207734676568037013e-01,-8.781483367923934580e-01,5.244712382856113209e+02
7.233256862809318566e-01,5.815206852093033341e+00,4.787976984386633106e+00,3.916868614096315482e-01,-3.228626954527953341e-01,-8.615921787504965401e-01,5.267605313945832677e+02
5.358655745754887789e-01,5.647926898510842619e+00,4.422964116549843006e+00,4.362996753771929415e-01,-3.247184000404736981e-01,-8.391665829505551288e-01,5.290498245035552145e+02
4.142168903376269307e-01,5.529206542500080701e+00,4.147979130022425132e+00,4.910251519253899244e-01,-3.259027087478330587e-01,-8.078871979475061860e-01,5.306743709653519545e+02
2.604203865637149118e-01,5.363576478710654349e+00,3.742277808087764335e+00,5.586628062002465533e-01,-3.255180955685160749e-01,-7.628458811751637203e-01,5.329636640743239013e+02
1.259554990658936502e-01,5.201483251309698019e+00,3.322607376476248486e+00,6.420377795649138131e-01,-3.217345163465312741e-01,-6.958982616752383832e-01,5.352529571832958482e+02
1.288785880871324771e-02,5.044728304208589975e+00,2.893227609304226178e+00,7.419838331577227608e-01,-3.109186636899020084e-01,-5.939609211908291053e-01,5.375422502922677950e+02
-7.648698033919759665e-02,4.895141850708910169e+00,2.458303834807101129e+00,8.516474096356316803e-01,-2.865246518030961087e-01,-4.388625224031248440e-01,5.398315434012397418e+02
-1.396205838088767359e-01,4.754598204656125482e+00,2.021947452799758516e+00,9.464839771973019289e-01,-2.397500370645746226e-01,-2.160740628495521343e-01,5.421208365102116886e+02
-1.736860267877081421e-01,4.625031282045667602e+00,1.588255927558825276e+00,9.841607743047809942e-01,-1.669554683232982173e-01,5.961075336516321460e-02,5.444101296191836354e+02
-1.774536575276588757e-01,4.508457241939453297e+00,1.162277955511614502e+00,9.404270933911477170e-01,-8.035022303130866239e-02,3.303645315022429307e-01,5.466994227281555823e+02
-1.531821744942904739e-01,4.407025096177807910e+00,7.493172690082615661e-01,8.407821853538336443e-01,-5.832865233647376415e-04,5.413732322238172801e-01,5.489887158371275291e+02
-1.047347990124661288e-01,4.323068657475631404e+00,3.523883001796817571e-01,7.278297455034963281e-01,6.157585935381153230e-02,6.829877561897836902e-01,5.512780089460994759e+02
-3.571080293234846909e-02,4.259133213753205638e+00,-2.700919024905708982e-02,6.257595038306597024e-01,1.066622570783212487e-01,7.726889453593630552e-01,5.535673020550714227e+02
5.052150604875446649e-02,4.217997800460800306e+00,-3.872049074599528407e-01,5.410132605655315619e-01,1.389663355391761723e-01,8.294534402117248462e-01,5.558565951640433696e+02
1.507943229130521423e-01,4.202700104647012047e+00,-7.263417750535655637e-01,4.724685272091022625e-01,1.624532655777800316e-01,8.662461701502506273e-01,5.581458882730153164e+02
2.621121381780153192e-01,4.216564219289942628e+00,-1.042357870687672827e+00,4.171235248715636779e-01,1.799415847626626985e-01,8.908585696236094309e-01,5.604351813819872632e+02
3.816255398200947835e-01,4.263231496855841129e+00,-1.332966369110131888e+00,3.720737609328244599e-01,1.932964612109585867e-01,9.078532890883987960e-01,5.627244744909592100e+02
5.066068015769796817e-01,4.346694783940711737e+00,-1.595633297470475886e+00,3.349777391928526749e-01,2.037395048402665110e-01,9.199348500914007465e-01,5.650137675999311568e+02
6.350468002394948908e-01,4.468428117625886209e+00,-1.829064413602986994e+00,3.404999588005742650e-01,9.822019878203559762e-02,9.351002997582797960e-01,5.673030607089031037e+02
7.662174571753045393e-01,4.624483214330504133e+00,-2.034704143566846923e+00,3.421422461676195126e-01,-8.418307444136425427e-03,9.396104594389912412e-01,5.695923538178750505e+02
8.999861305686931434e-01,4.808345568946307935e+00,-2.215238104960519649e+00,3.266184513580738802e-01,-7.929118041715600348e-03,9.451230165007802331e-01,5.718816469268469973e+02
9.137206404768396517e-01,4.829307290481420267e+00,-2.231405594685725191e+00,3.109541463048956511e-01,-7.436145962457599637e-03,9.503958241853857070e-01,5.721134031011620209e+02
1.051159576860575262e+00,5.056162725352051801e+00,-2.371439435315540134e+00,2.951611661921466623e-01,-6.939769513130032534e-03,9.554222760492852018e-01,5.744026962101339677e+02
1.190773408223358976e+00,5.297970226961352225e+00,-2.490941328377497488e+00,2.792517636465532416e-01,-6.440378588953258633e-03,9.601963205636233623e-01,5.766919893191059145e+02
1.332308271273960676e+00,5.549062183138190996e+00,-2.591758888662861526e+00,2.632385626004019596e-01,-5.938373184342642108e-03,9.647124933802805336e-01,5.789812824280778614e+02
1.475468602001115626e+00,5.803864929691832764e+00,-2.675557982546837632e+00,2.471345090717292359e-01,-5.434161817185304520e-03,9.689659458986265017e-01,5.812705755370498082e+02
1.619914949847538033e+00,6.056844601883389245e+00,-2.743838932382120621e+00,2.309528193006840646e-01,-4.928159880867579931e-03,9.729524698037690378e-01,5.835598686460217550e+02
1.765260779991981721e+00,6.302453404845169693e+00,-2.797951110594866009e+00,2.147069257219982319e-01,-4.420787939417238251e-03,9.766685172979637786e-01,5.858491617549937018e+02
1.911068234041255032e+00,6.535075787579076589e+00,-2.839106065444843896e+00,1.984104212866487915e-01,-3.912469982017525473e-03,9.801112168032229954e-01,5.881384548639656487e+02
2.056842803645671403e+00,6.748974004625480028e+00,-2.868389306128036775e+00,1.820770026702201727e-01,-3.403631653765198939e-03,9.832783839738338250e-01,5.904277479729375955e+02
2.202026855284034745e+00,6.938232544072356234e+00,-2.886770861858874326e+00,1.657204129205817611e-01,-2.894698479867110260e-03,9.861685279211370725e-01,5.927170410819095423e+02
2.345991927504828656e+00,7.096700890223560876e+00,-2.895114717643575641e+00,1.493543841029460473e-01,-2.386094100492165866e-03,9.887808526180981161e-01,5.950063341908814891e+02
2.382910285675698958e+00,7.128644780970669892e+00,-2.894886152678838975e+00,1.329925804960934710e-01,-1.878238533218669262e-03,9.911152535164629018e-01,5.956022482999126169e+02
2.521928817924070199e+00,7.211222334523347044e+00,-2.885213358334483669e+00,1.166485428797343071e-01,-1.371546479450316434e-03,9.931723094731795820e-01,5.978915414088845637e+02
2.657550642945305963e+00,7.247404978724964586e+00,-2.867038027346308304e+00,5.915999730505324544e-02,5.741712133373446519e-02,9.965958904674517838e-01,6.001808345178565105e+02
2.789137681728475204e+00,7.229818533835697281e+00,-2.840821815200444966e+00,1.270775055453924251e-03,1.158169168312461056e-01,9.932697654245107310e-01,6.024701276268284573e+02
2.813701813511781502e+00,7.215145680543519013e+00,-2.834323017788218824e+00,1.196469481478429310e-03,1.090447957982723509e-01,9.940361165320367176e-01,6.029112645566841593e+02
2.936894356706414744e+00,7.081237618760251706e+00,-2.793212086711131192e+00,1.122056300217070786e-03,1.022628675661221842e-01,9.947567777636968644e-01,6.052005576656561061e+02
3.055385333341885890e+00,6.894904050632470138e+00,-2.744523000132593094e+00,1.047545742782708157e-03,9.547206458617001068e-02,9.954315584366265623e-01,6.074898507746280529e+02
3.169090170178712196e+00,6.662766360170215840e+00,-2.688272336784945704e+00,9.729480997630701559e-04,8.867332473025879569e-02,9.960602867564177787e-01,6.097791438835999998e+02
3.277946192087045407e+00,6.390997954059244535e+00,-2.624403121466440947e+00,8.982737141653894747e-04,8.186759064768216188e-02,9.966428099905592086e-01,6.120684369925719466e+02
3.381907509204828521e+00,6.085384539014801142e+00,-2.552784270830044555e+00,8.235329742817465090e-04,7.505580911494058594e-02,9.971789946200941834e-01,6.143577301015438934e+02
3.480940697624527846e+00,5.751380651344480732e+00,-2.473209318299191661e+00,7.487363064865535387e-04,6.823893037931269556e-02,9.976687264691775914e-01,6.166470232105158402e+02
3.575021193752807580e+00,5.394162984465300070e+00,-2.385394405707596643e+00,6.738941679777877896e-04,6.141790749729988952e-02,9.981119108122612493e-01,6.189363163194877870e+02
3.664130335211287282e+00,5.018681029538866412e+00,-2.288975522127537410e+00,5.990170394737440174e-04,5.459369566901712406e-02,9.985084724586893445e-01,6.212256094284597339e+02
3.748252992908162273e+00,4.629705518723201685e+00,-2.183504963027946832e+00,5.241154178771928289e-04,4.776725156961312418e-02,9.988583558145339714e-01,6.235149025374316807e+02
3.827375749877053757e+00,4.231875139547744524e+00,-2.068446975318871672e+00,4.491998089189229546e-04,4.093953267881160485e-02,9.991615249215575201e-01,6.258041956464036275e+02
3.901485592807243830e+00,3.829741972401829564e+00,-1.943172545920346383e+00,3.742807197926924104e-04,3.411149660966956293e-02,9.994179634732364148e-01,6.280934887553755743e+02
3.970569092028422897e+00,3.427816090930675408e+00,-1.806953283162640034e+00,2.993686517936306217e-04,2.728410043765007106e-02,9.996276748078348762e-01,6.303827818643475212e+02
4.034612055203834480e+00,3.030609757141399907e+00,-1.658954331500074764e+00,2.244740929721152284e-04,2.045830003110532189e-02,9.997906818785714522e-01,6.326720749733194680e+02
4.093599649267013696e+00,2.642681639159408125e+00,-1.498226250618863276e+00,1.496075108150893708e-04,1.363504938426078270e-02,9.999070272009701332e-01,6.349613680822914148e+02
4.147516994348471542e+00,2.268681479805737755e+00,-1.323695779944549900e+00,7.477934496669894765e-05,6.815299953782632224e-03,9.999767727775428217e-01,6.372506611912633616e+02
4.196350242710044753e+00,1.913395648492969725e+00,-1.134155398711867102e+00,-0.000000000000000000e+00,0.000000000000000000e+00,1.000000000000000000e+00,6.395399543002353084e+02
4.240088165172630319e+00,1.581794017401106700e+00,-9.282515800444287590e-01,2.203063282637484331e-06,1.576838043413600343e-01,9.874896545501538059e-01,6.418292474092072553e+02
4.278724277325096637e+00,1.279078615574773536e+00,-7.044716247880541404e-01,4.468443086697783287e-06,3.198279009715123689e-01,9.474756533759531862e-01,6.441185405181792021e+02
4.312259548080184857e+00,1.010734531599870811e+00,-4.611289470274711477e-01,6.609189840916630004e-06,4.730514125233555300e-01,8.810348239802877623e-01,6.464078336271511489e+02
4.340705744049805581e+00,7.825835570309176425e-01,-1.963466681539377534e-01,8.467482058952190987e-06,6.060582983568790771e-01,7.954202278802481318e-01,6.486971267361230957e+02
4.358507229106014513e+00,6.434707076599452957e-01,2.052073603560304951e-02,8.667570886911762657e-06,6.206213468999324245e-01,7.841104155008954413e-01,6.504271252009157251e+02
4.377361877286439551e+00,5.026733273949972602e-01,3.280156125013819479e-01,8.886830275831725376e-06,6.365837753638532437e-01,7.712075575774186564e-01,6.527164183098876720e+02
4.391628355280468909e+00,4.017635755326795510e-01,6.531316385829646354e-01,9.127722982215254381e-06,6.541263329503147483e-01,7.563853121641499477e-01,6.550057114188596188e+02
4.401459981651518305e+00,3.374056433236821140e-01,9.930574025336685873e-01,9.393007257478270446e-06,6.734518341228036276e-01,7.392311052900866208e-01,6.572950045278315656e+02
4.406932470104239385e+00,3.066206200321746067e-01,1.345125551476792580e+00,9.685707811787210326e-06,6.947832750056839313e-01,7.192191603944958489e-01,6.595842976368035124e+02
4.408048361931174774e+00,3.067581184378519454e-01,1.706786845218666748e+00,1.000901911812432698e-05,7.183571283522287576e-01,6.956745187552573206e-01,6.618735907457754593e+02
4.404740450898620097e+00,3.354710768141963562e-01,2.075585358979732842e+00,1.036608161031759304e-05,7.444075374218064312e-01,6.677255559899937243e-01,6.641628838547474061e+02
4.396874267150161053e+00,3.906935009935367242e-01,2.449134593833391715e+00,1.075952650754380254e-05,7.731338843915497305e-01,6.342428530853669866e-01,6.664521769637193529e+02
4.384249675064515017e+00,4.706209382818681286e-01,2.825094262472278572e+00,1.119061133569907513e-05,8.046388630693459554e-01,5.937645155389807972e-01,6.687414700726912997e+02
4.366601629197591095e+00,5.736935012224991803e-01,3.201147524492540253e+00,1.165765667075623943e-05,8.388160623598672760e-01,5.444149275976790658e-01,6.710307631816632465e+02
4.343600122333426405e+00,6.985812837682072729e-01,3.574978449756585963e+00,1.215335504783840471e-05,8.751558327854309649e-01,4.838411600865875073e-01,6.733200562906351934e+02
4.314849350153858509e+00,8.441720355426458600e-01,3.944249490608979336e+00,1.266043962207476579e-05,9.124318791019861985e-01,4.092286229458195201e-01,6.756093493996071402e+02
4.279886108009747225e+00,1.009560981776593147e+00,4.306578743812586652e+00,1.314546481745531020e-05,9.482496155560411477e-01,3.175258515853741637e-01,6.778986425085790870e+02
4.238177426633438216e+00,1.194042697416109799e+00,4.659516781036623811e+00,1.355176197518851165e-05,9.785314094150723285e-01,2.060977452678749988e-01,6.801879356175510338e+02
4.189117445282692032e+00,1.397104964018032414e+00,5.000522822504079201e+00,1.379597061252382999e-05,9.972551195320332740e-01,7.404205816170451870e-02,6.824772287265229807e+02
4.132023512642266638e+00,1.618424557512592843e+00,5.326940022008894715e+00,1.377737458575690868e-05,9.971141651753155921e-01,-7.591667416923131295e-02,6.847665218354949275e+02
4.066131497748534329e+00,1.857864933952284137e+00,5.635969622915880883e+00,1.340915093684333415e-05,9.717658439218187505e-01,-2.359473339690661420e-01,6.870558149444668743e+02
3.990590285189132835e+00,2.115475799219163289e+00,5.924643733766104425e+00,1.266419815499393863e-05,9.191523893578699145e-01,-3.939021261396498663e-01,6.893451080534388211e+02
3.904455420766372420e+00,2.391494567450877629e+00,6.189796458657965239e+00,1.160199977609225976e-05,8.434749191624187903e-01,-5.371685588428876112e-01,6.916344011624107679e+02
3.879689384875943947e+00,2.465897382396739612e+00,6.250283506357231289e+00,1.034697812743180147e-05,7.536646345064499375e-01,-6.572591715504617627e-01,6.922129221137113291e+02
3.769205824449245235e+00,2.778856663055366827e+00,6.461339801734189869e+00,9.034508163237341734e-06,6.594932984297169343e-01,-7.517104424209298807e-01,6.945022152226832759e+02
3.646904478698347329e+00,3.109809491379919688e+00,6.641979577964803205e+00,7.767774835243450678e-06,5.684418551026548805e-01,-8.227234391380336964e-01,6.967915083316552227e+02
3.514804020438879295e+00,3.455800521915385115e+00,6.793332673926611776e+00,6.605446909629394729e-06,4.847885546111698751e-01,-8.746313836550692056e-01,6.990808014406271695e+02
3.375932645457991210e+00,3.812685528466486229e+00,6.918026301162582214e+00,5.570287857016495279e-06,4.102164227901567428e-01,-9.119882052100340974e-01,7.013700945495991164e+02
3.233207699780612288e+00,4.176394942583051773e+00,7.018428345951252645e+00,4.663062772123893323e-06,3.448119353281083321e-01,-9.386717899423313582e-01,7.036593876585710632e+02
3.089464952161193434e+00,4.542895017398649316e+00,7.096670402464051897e+00,3.873673237940072820e-06,2.878686730789231096e-01,-9.576698946112772726e-01,7.059486807675430100e+02
2.947486646942162114e+00,4.908149033626107105e+00,7.154668507437341063e+00,3.188007919748980670e-06,2.383835493216012458e-01,-9.711710886361230033e-01,7.082379738765149568e+02
2.810028611512311869e+00,5.268078179278226969e+00,7.194141778051761804e+00,2.591520453497121158e-06,1.953170035065552868e-01,-9.807401634146040159e-01,7.105272669854869036e+02
2.679846679307837931e+00,5.618521728601058918e+00,7.216629134315288852e+00,2.070831580410361135e-06,1.577102254939611037e-01,-9.874854352193531692e-01,7.128165600944588505e+02
2.559722678487992731e+00,5.955196136087948844e+00,7.223504268613359258e+00,1.614284664013752855e-06,1.247263989020814118e-01,-9.921911738240332124e-01,7.151058532034307973e+02
2.452490227942160761e+00,6.273652648164036449e+00,7.215989008039320751e+00,1.212000956957338952e-06,9.565547654598012539e-02,-9.954145015044197908e-01,7.173951463124027441e+02
2.421487880085380073e+00,6.372852475940308459e+00,7.209014448609477377e+00,8.557240433655148244e-07,6.990347804277766142e-02,-9.975537598329179412e-01,7.181622347676360505e+02
2.345759710471194026e+00,6.642889711557824484e+00,7.175558423646461570e+00,5.385957825583942588e-07,4.697666524564942520e-02,-9.988959870387448259e-01,7.204515278766079973e+02
2.290101173794571121e+00,6.882535163139242407e+00,7.129987623035721533e+00,2.549285592294876234e-07,2.646533278708407613e-02,-9.996497317362736945e-01,7.227408209855799441e+02
2.257794469129971393e+00,7.086278953222438837e+00,7.073013653746690110e+00,0.000000000000000000e+00,8.029142491245429281e-03,-9.999677659159095233e-01,7.250301140945518910e+02
2.253879991938268823e+00,7.248630781213510232e+00,7.006057533162203477e+00,2.493749800793913229e-01,-1.148394195565988485e-01,-9.615737241763143706e-01,7.273194072035238378e+02
2.286797285024327664e+00,7.364448835117080705e+00,6.932083844688551544e+00,4.791095088962391002e-01,-2.286633769037966224e-01,-8.474474252413284336e-01,7.296087003124957846e+02
2.362538390632001217e+00,7.431323136213985769e+00,6.853665071732262248e+00,3.330045919151418676e-01,-1.238050534533313152e-01,-9.347621357879487558e-01,7.318979934214677314e+02
2.398130218775551992e+00,7.437406421259145084e+00,6.828607243819710959e+00,1.665022979514913792e-01,-9.211724920959257767e-03,-9.859980369660243937e-01,7.325946376102930344e+02
2.552083315246107542e+00,7.413870617756763259e+00,6.741808161797189669e+00,0.000000000000000000e+00,1.010783461714689635e-01,-9.948784689273564297e-01,7.348839307192649812e+02
2.738454874131430739e+00,7.350489286786407561e+00,6.649703426235566539e+00,-0.000000000000000000e+00,-0.000000000000000000e+00,-1.000000000000000000e+00,7.371732238282369281e+02
2.951800052388788842e+00,7.251802557124645610e+00,6.551256621133940250e+00,-6.977920915816235303e-02,2.814773333384966783e-03,-9.975584890222443102e-01,7.394625169372088749e+02
3.186989765541926367e+00,7.122053543657017372e+00,6.445551978833602647e+00,-1.443781129337861069e-01,5.823964861644280282e-03,-9.895054532133561453e-01,7.417518100461808217e+02
3.439160482856431944e+00,6.965218633456557562e+00,6.331967811975994564e+00,-2.229231067604210970e-01,8.992334878463790690e-03,-9.747945559889609202e-01,7.440411031551527685e+02
3.703660509210024987e+00,6.785052017510020406e+00,6.209988126225193028e+00,-3.041003060863664564e-01,1.226688353985140763e-02,-9.525610360530174514e-01,7.463303962641247153e+02
3.975998849336809027e+00,6.585128622021948708e+00,6.079015261110624735e+00,-3.861921570973375073e-01,1.557832767774851475e-02,-9.222867956895349772e-01,7.486196893730966622e+02
4.251799311821703675e+00,6.368877650640547117e+00,5.938364076404172742e+00,-4.672038473719794527e-01,1.884619998854886180e-02,-8.839487461085127062e-01,7.509089824820686090e+02
4.526756097540441282e+00,6.139615185414651677e+00,5.787255287555522543e+00,-5.450711555930307650e-01,2.198723333311270942e-02,-8.381014240000033144e-01,7.531982755910405558e+02
4.796590427490409425e+00,5.900576152304530808e+00,5.624807885356646331e+00,-6.179074524456594775e-01,2.492532432836310277e-02,-7.858556536789953473e-01,7.554875687000125026e+02
5.057007778458220137e+00,5.654945955564251392e+00,5.450030566098951645e+00,-6.842256906431184449e-01,2.760048804327665598e-02,-7.287478420713989768e-01,7.577768618089844495e+02
5.303655304225800116e+00,5.405892086669565444e+00,5.261812088862630077e+00,-7.430770253653617985e-01,2.997444970906183725e-02,-6.685342674379558536e-01,7.600661549179563963e+02
5.532079025155601570e+00,5.156596017737434146e+00,5.058910466140176254e+00,-7.940796248063815010e-01,3.203180688710753621e-02,-6.069691201493726540e-01,7.623554480269283431e+02
5.737680370093828586e+00,4.910285696657881616e+00,4.839940882647951526e+00,-8.373505143180762778e-01,3.377728017891996892e-02,-5.456218576220785987e-01,7.646447411359002899e+02
5.915671651631482675e+00,4.670268971554158099e+00,4.603362224808776659e+00,-8.733791759452803616e-01,3.523061444867273823e-02,-4.857649831252886519e-01,7.669340342448722367e+02
6.063042118770841427e+00,4.439278953858045718e+00,4.348634668820803739e+00,-8.901300197687611604e-01,3.636259341705438269e-02,-4.542535742362966977e-01,7.692233273538441836e+02
6.137635952178887244e+00,4.299321768918991538e+00,4.176288787265986180e+00,-9.068907003326890370e-01,3.752912515386839371e-02,-4.196913418397739126e-01,7.706776297631454327e+02
6.227006573832981395e+00,4.090668464095934986e+00,3.890883772487767178e+00,-9.234291380681388661e-01,3.872239889468034185e-02,-3.818104278180147748e-01,7.729669228721173795e+02
6.290033538626683018e+00,3.894595215681629696e+00,3.593751153620311278e+00,-9.394490406080946432e-01,3.993148913753733625e-02,-3.403541923875618713e-01,7.752562159810893263e+02
6.328677513538899291e+00,3.712175335961002798e+00,3.287279775621925637e+00,-9.545817140386805288e-01,4.114177477341708633e-02,-2.950950789007979469e-01,7.775455090900612731e+02
6.344671670171777578e+00,3.544595996767904378e+00,2.973767642264077082e+00,-9.683808464742150734e-01,4.233443088625789968e-02,-2.458583578880721987e-01,7.798348021990332199e+02
6.339540022655680396e+00,3.393172213422649630e+00,2.655444269542367230e+00,-9.803227904478034604e-01,4.348611060436075038e-02,-1.925517715138895525e-01,7.821240953080051668e+02
6.314613865747187305e+00,3.259361893905073693e+00,2.334492372882157163e+00,-9.898154355086016265e-01,4.456897420523527054e-02,-1.351998896715911058e-01,7.844133884169771136e+02
6.271046487056183949e+00,3.144782120253149404e+00,2.013069099100517789e+00,-9.962188595410560454e-01,4.555124735867961683e-02,-7.398018490640595468e-02,7.867026815259490604e+02
6.209826312246114810e+00,3.051226839449983519e+00,1.693327009656202309e+00,-9.988801303955948674e-01,4.639847714696566233e-02,-9.255615556071515246e-03,7.889919746349210072e+02
6.132455342310128010e+00,2.980685418651127794e+00,1.377433182646310206e+00,-9.971824873259425015e-01,4.707557797821499551e-02,5.840356948392318170e-02,7.912812677438929541e+02
6.041632805060205946e+00,2.935353371910983444e+00,1.067588455874706410e+00,-9.906055826060050640e-01,4.754960512513838056e-02,1.282170611200428301e-01,7.935705608528649009e+02
5.940617237061974087e+00,2.917641535867560698e+00,7.660506716117232440e-01,-9.787891096815266589e-01,4.779297676746231682e-02,1.992177455462974256e-01,7.958598539618368477e+02
5.832594219709270611e+00,2.930196603113993437e+00,4.751584761264143197e-01,-9.615884302936972272e-01,4.778664550922352011e-02,2.703037684463149848e-01,7.981491470708087945e+02
5.720710375020858329e+00,2.975927656737204607e+00,1.973540685757836088e-01,-9.391096599787532861e-01,4.752259205021898414e-02,3.403155150436410481e-01,8.004384401797807413e+02
5.608107275885981124e+00,3.058034909978355032e+00,-6.479304295230990662e-02,-9.117144967030994529e-01,4.700506518609600531e-02,4.081264514194892778e-01,8.027277332887526882e+02
5.575508983750715686e+00,3.093615210192676823e+00,-1.366384802437833057e-01,-8.799916817662586377e-01,4.625024656477892682e-02,4.727320115190940530e-01,8.034006440448738431e+02
5.468548613201567044e+00,3.255986887937656338e+00,-3.612192392740407043e-01,-8.447001953409568609e-01,4.528440013589594276e-02,5.333206381673987195e-01,8.056899371538457899e+02
5.367618351059380899e+00,3.460929027863882013e+00,-5.642082282688904993e-01,-8.066959220305399691e-01,4.414092917617217643e-02,5.893159320354075525e-01,8.079792302628177367e+02
5.273010771181718681e+00,3.705673846241371638e+00,-7.459668119143354481e-01,-7.668561197542359542e-01,4.285697096393054767e-02,6.403865798369559048e-01,8.102685233717896836e+02
5.184025041686012081e+00,3.985369299743438898e+00,-9.078694132010532991e-01,-7.260141534261856933e-01,4.147015549380578259e-02,6.864282010729005901e-01,8.125578164807616304e+02
5.099965172161707194e+00,4.295513310884724767e+00,-1.051097309794368995e+00,-6.849121311125071498e-01,4.001598321123801122e-02,7.275260089801337537e-01,8.148471095897335772e+02
5.020136700734775026e+00,4.631909623294840905e+00,-1.176650124679392784e+00,-6.441736124042790612e-01,3.852603623494101764e-02,7.639084379780377576e-01,8.171364026987055240e+02
4.943842937408000182e+00,4.990626691448314389e+00,-1.285355549796306285e+00,-6.042942815810555812e-01,3.702702158453907016e-02,7.959003837924781832e-01,8.194256958076774708e+02
4.870380757263460758e+00,5.367959206875370093e+00,-1.377877397250766078e+00,-5.656461574555080585e-01,3.554050497694428296e-02,8.238818465422105275e-01,8.217149889166494177e+02
4.799035928545940521e+00,5.760391888825741269e+00,-1.454722056415097553e+00,-5.284903787121006946e-01,3.408313613311802354e-02,8.482548316632636531e-01,8.240042820256213645e+02
4.729077952190142042e+00,6.164565189752316599e+00,-1.516243419730285202e+00,-4.929942303807995363e-01,3.266717025046399214e-02,8.694190846761246094e-01,8.262935751345933113e+02
4.659754380892014325e+00,6.577242585039353884e+00,-1.562646325123437929e+00,-4.592492061779018253e-01,3.130112710113978208e-02,8.877558257016201493e-01,8.285828682435652581e+02
4.590284577236701580e+00,6.995279132312535175e+00,-1.593988548525439475e+00,-4.272880650177586226e-01,2.999047606933331889e-02,9.036179949727176641e-01,8.308721613525372049e+02
4.519852861563687263e+00,7.415590998591374827e+00,-1.610181365871577563e+00,-4.265031932527660885e-01,3.596817749889218846e-02,9.037706104718176148e-01,8.331614544615091518e+02
4.447600991057306885e+00,7.835125663606943291e+00,-1.610988690053567041e+00,-4.257026615659266211e-01,4.194565803229795276e-02,9.038903726160177898e-01,8.354507475704810986e+02
4.372619901878795012e+00,8.250832514915444449e+00,-1.596024774426552328e+00,-4.248865505400687415e-01,4.792226479588720250e-02,9.039772539765558168e-01,8.377400406794530454e+02
4.293940635875953760e+00,8.659633555068218413e+00,-1.564750460531442622e+00,-4.240549458870712107e-01,5.389734498830105192e-02,9.040312378850220432e-01,8.400293337884249922e+02
4.223447268866661553e+00,8.996158541768364714e+00,-1.524050080382929551e+00,-4.232079384029364677e-01,5.987024623690023750e-02,9.040523184463769013e-01,8.419615067090352341e+02
4.134098356298575361e+00,9.381580397083160605e+00,-1.458113979606732391e+00,-4.223456239182309391e-01,6.584031695385521299e-02,9.040405005421693341e-01,8.442507998180071809e+02
4.037950183011804306e+00,9.750391807762616381e+00,-1.373468403915977021e+00,-4.214681032439552277e-01,7.180690669145753380e-02,9.039957998239520620e-01,8.465400929269791277e+02
3.935610742875963020e+00,1.009956293873862698e+01,-1.268487713843560405e+00,-3.220969062596684140e-01,4.777893396817110144e-02,9.455002678195366661e-01,8.488293860359510745e+02
3.831445340832460023e+00,1.042678233837582802e+01,-1.140531171588497816e+00,-2.161150888306603846e-01,2.253320604706171570e-02,9.761078439419265118e-01,8.511186791449230213e+02
3.731701761193596756e+00,1.072993159043022615e+01,-9.863258998963652102e-01,-1.073656343516595918e-01,-3.001088978384219841e-03,9.942150743301017002e-01,8.534079722538949682e+02
3.707971482470330038e+00,1.080222166272819351e+01,-9.386316147019356793e-01,0.000000000000000000e+00,-2.786260007479053613e-02,9.996117623943168162e-01,8.540057682792124751e+02
3.628009813337416567e+00,1.105195568136208450e+01,-7.271424402066485326e-01,0.000000000000000000e+00,-3.102240102560616802e-02,9.995186894873985262e-01,8.562950613881844220e+02
3.558906659853791510e+00,1.127570161791982173e+01,-4.884573038569463566e-01,0.000000000000000000e+00,-3.475524454573281075e-02,9.993958539920837492e-01,8.585843544971563688e+02
3.499232913966837000e+00,1.147498204631861185e+01,-2.255429089170989387e-01,0.000000000000000000e+00,-3.923235144182568579e-02,9.992301149386687564e-01,8.608736476061283156e+02
3.447667327207059262e+00,1.165109465463333827e+01,5.886972688486932781e-02,0.000000000000000000e+00,-4.470058586800538386e-02,9.990004292406771125e-01,8.631629407151002624e+02
3.402981165083116544e+00,1.180512388014781955e+01,3.622587058867247634e-01,0.000000000000000000e+00,-5.152932436255635434e-02,9.986714818851785136e-01,8.654522338240722092e+02
3.364023885729894303e+00,1.193795061483757181e+01,6.822867191957195931e-01,0.000000000000000000e+00,-6.029700163197695972e-02,9.981804804714393686e-01,8.677415269330441561e+02
3.329709681721007009e+00,1.205026006620919432e+01,1.016778310943372343e+00,0.000000000000000000e+00,-7.196279671293366598e-02,9.974073169419066520e-01,8.700308200420161029e+02
3.299004733268129819e+00,1.214254784203225057e+01,1.363698716933323896e+00,0.000000000000000000e+00,-8.823974795775618718e-02,9.960992655756512049e-01,8.723201131509880497e+02
3.270915028675383418e+00,1.221512431169340474e+01,1.721134071837221668e+00,0.000000000000000000e+00,-1.125092833451668967e-01,9.936506736077609370e-01,8.746094062599599965e+02
3.244474613976105815e+00,1.226811728154566516e+01,2.087272792409840427e+00,0.000000000000000000e+00,-1.524687180983740065e-01,9.883082970416865454e-01,8.768986993689319434e+02
3.218734138222653751e+00,1.230147300657620946e+01,2.460387955634357748e+00,0.000000000000000000e+00,-2.299286841958431415e-01,9.732074805425450226e-01,8.791879924779038902e+02
3.192749564232079784e+00,1.231495554666519077e+01,2.838820500299107596e+00,0.000000000000000000e+00,-4.337579499363517499e-01,9.010294339626278015e-01,8.814772855868758370e+02
3.165832435050952576e+00,1.230896469896198475e+01,3.221016486772182663e+00,0.000000000000000000e+00,-9.999489041636315800e-01,1.010886056647248427e-02,8.837665786958477838e+02
3.137814428704290837e+00,1.228535645363026241e+01,3.605565379507481349e+00,0.000000000000000000e+00,-4.518851529500653719e-01,-8.920761226169523495e-01,8.860558718048197306e+02
3.108799941256088051e+00,1.224663524893147049e+01,3.991132928329064189e+00,0.000000000000000000e+00,-2.495567526764233823e-01,-9.683601743120162642e-01,8.883451649137916775e+02
3.078909753277611738e+00,1.219515622987750980e+01,4.376394791668264617e+00,0.000000000000000000e+00,-1.724179076601491389e-01,-9.850238906331644229e-01,8.906344580227636243e+02
3.048280733710317492e+00,1.213314814848687995e+01,4.760023654258247916e+00,0.000000000000000000e+00,-1.325746454463893054e-01,-9.911730239391931541e-01,8.929237511317355711e+02
3.017065941674214713e+00,1.206273502673030151e+01,5.140676315905197136e+00,0.000000000000000000e+00,-1.083595729003848651e-01,-9.941117658296004800e-01,8.952130442407075179e+02
2.985435115022486485e+00,1.198595679018045423e+01,5.516980625741650712e+00,0.000000000000000000e+00,-9.211239291806300189e-02,-9.957486164042149701e-01,8.975023373496794648e+02
2.953575540432754831e+00,1.190478907038763090e+01,5.887522134868139467e+00,0.000000000000000000e+00,-8.046461296381979267e-02,-9.967574660169759015e-01,8.997916304586514116e+02
2.953042083168186505e+00,1.190338116449876082e+01,5.893659988551634754e+00,0.000000000000000000e+00,-7.170865409563086101e-02,-9.974256207496342563e-01,8.998299211150928159e+02
2.921221679951233163e+00,1.181717166039183731e+01,6.256255096602843402e+00,0.000000000000000000e+00,-6.488796151161232983e-02,-9.978925555644092560e-01,9.021192142240647627e+02
2.889600993738908219e+00,1.173042693604998732e+01,6.609985119681239141e+00,0.000000000000000000e+00,-5.942548818566172064e-02,-9.982327440802049034e-01,9.044085073330367095e+02
2.858429680959276631e+00,1.164501798301293789e+01,6.953216016897830976e+00,0.000000000000000000e+00,-5.495264702836350629e-02,-9.984889616738765739e-01,9.066978004420086563e+02
2.827840701795613310e+00,1.156214554725800880e+01,7.285480910536481503e+00,0.000000000000000000e+00,-5.122304976303714008e-02,-9.986872379143399980e-01,9.089870935509806031e+02
2.797700696952367672e+00,1.148167319079554360e+01,7.608744836342933304e+00,-0.000000000000000000e+00,-4.806577624515451230e-02,-9.988441726084960059e-01,9.112763866599525500e+02
2.767735614450426596e+00,1.140280941834001460e+01,7.926154566248361455e+00,-2.784431939427576275e-01,2.039214662959621532e-02,-9.602361939141812464e-01,9.135656797689244968e+02
2.739492119328847064e+00,1.132949211375051668e+01,8.221787989815169340e+00,-5.335785543036569711e-01,8.714309002340615840e-02,-8.412490762243913789e-01,9.157172435887692927e+02
